eco	name	plies	key	moves
A00	Amar Opening	1	rnbqkbnr/pppppppp/8/8/8/7N/PPPPPPPP/RNBQKB1R b KQkq	1. Nh3
A00	Amar Opening: Paris Gambit	5	rnbqkbnr/ppp2ppp/8/3pp3/5P2/6PN/PPPPP2P/RNBQKB1R b KQkq	1. Nh3 d5 2. g3 e5 3. f4
A00	Amar Opening: Paris Gambit, Gent Gambit	11	rn1qkbnr/ppp2ppp/8/3p4/8/6PB/PPPPP3/RNBQ1RK1 b kq	1. Nh3 d5 2. g3 e5 3. f4 Bxh3 4. Bxh3 exf4 5. O-O fxg3 6. hxg3
A00	Amsterdam Attack	8	r1bqkb1r/ppp2ppp/2np1n2/4p3/2P5/1PN1P3/P2P1PPP/R1BQKBNR w KQkq	1. e3 e5 2. c4 d6 3. Nc3 Nc6 4. b3 Nf6
A00	Anderssen's Opening	1	rnbqkbnr/pppppppp/8/8/8/P7/1PPPPPPP/RNBQKBNR b KQkq	1. a3
A00	Anderssen's Opening: Polish Gambit	3	rnbqkbnr/1ppppppp/8/p7/1P6/P7/2PPPPPP/RNBQKBNR b KQkq	1. a3 a5 2. b4
A00	Barnes Opening	1	rnbqkbnr/pppppppp/8/8/8/5P2/PPPPP1PP/RNBQKBNR b KQkq	1. f3
A00	Barnes Opening: Fool's Mate	4	rnb1kbnr/pppp1ppp/8/4p3/6Pq/5P2/PPPPP2P/RNBQKBNR w KQkq	1. f3 e5 2. g4 Qh4#
A00	Barnes Opening: Gedult Gambit	7	rnbqkbnr/ppp1pp1p/6p1/8/3Pp3/2P2P2/PP4PP/RNBQKBNR b KQkq	1. f3 d5 2. e4 g6 3. d4 dxe4 4. c3
A00	Barnes Opening: Gedult Gambit	5	rnbqkbnr/ppppp1pp/8/8/4p3/2N2P2/PPPP2PP/R1BQKBNR b KQkq	1. f3 f5 2. e4 fxe4 3. Nc3
A00	Barnes Opening: Hammerschlag	3	rnbqkbnr/pppp1ppp/8/4p3/8/5P2/PPPPPKPP/RNBQ1BNR b kq	1. f3 e5 2. Kf2
A00	Clemenz Opening	1	rnbqkbnr/pppppppp/8/8/8/7P/PPPPPPP1/RNBQKBNR b KQkq	1. h3
A00	Clemenz Opening: Spike Lee Gambit	3	rnbqkbnr/ppppppp1/8/7p/6P1/7P/PPPPPP2/RNBQKBNR b KQkq	1. h3 h5 2. g4
A00	Creepy Crawly Formation: Classical Defense	4	rnbqkbnr/ppp2ppp/8/3pp3/8/P6P/1PPPPPP1/RNBQKBNR w KQkq	1. h3 d5 2. a3 e5
A00	Formation: Hippopotamus Attack	13	r1bq1rk1/ppp2ppp/2nb1n2/3pp3/8/PPPPPPP1/7P/RNBQKBNR b KQ	1. a3 e5 2. b3 d5 3. c3 Nf6 4. d3 Nc6 5. e3 Bd6 6. f3 O-O 7. g3
A00	Formation: Shy Attack	13	r1bq1rk1/ppp2ppp/2nb1n2/3pp3/8/P2PP1PP/1PPN1PB1/R1BQK1NR b KQ	1. a3 e5 2. g3 d5 3. Bg2 Nf6 4. d3 Nc6 5. Nd2 Bd6 6. e3 O-O 7. h3
A00	Global Opening	3	rnbqkbnr/pppp1ppp/8/4p3/8/P6P/1PPPPPP1/RNBQKBNR b KQkq	1. h3 e5 2. a3
A00	Grob Opening	1	rnbqkbnr/pppppppp/8/8/6P1/8/PPPPPP1P/RNBQKBNR b KQkq	1. g4
A00	Grob Opening: Alessi Gambit	2	rnbqkbnr/ppppp1pp/8/5p2/6P1/8/PPPPPP1P/RNBQKBNR w KQkq	1. g4 f5
A00	Grob Opening: Double Grob	2	rnbqkbnr/pppppp1p/8/6p1/6P1/8/PPPPPP1P/RNBQKBNR w KQkq	1. g4 g5
A00	Grob Opening: Double Grob, Coca-Cola Gambit	3	rnbqkbnr/pppppp1p/8/6p1/5PP1/8/PPPPP2P/RNBQKBNR b KQkq	1. g4 g5 2. f4
A00	Grob Opening: Grob Gambit	3	rnbqkbnr/ppp1pppp/8/3p4/6P1/8/PPPPPPBP/RNBQK1NR b KQkq	1. g4 d5 2. Bg2
A00	Grob Opening: Grob Gambit Declined	4	rnbqkbnr/pp2pppp/2p5/3p4/6P1/8/PPPPPPBP/RNBQK1NR w KQkq	1. g4 d5 2. Bg2 c6
A00	Grob Opening: Grob Gambit, Basman Gambit	5	rnbqkbnr/ppp1ppp1/8/3p3P/8/8/PPPPPPBP/RNBQK1NR b KQkq	1. g4 d5 2. Bg2 h5 3. gxh5
A00	Grob Opening: Grob Gambit, Fritz Gambit	5	rn1qkbnr/ppp1pppp/8/3p4/2P3b1/8/PP1PPPBP/RNBQK1NR b KQkq	1. g4 d5 2. Bg2 Bxg4 3. c4
A00	Grob Opening: Grob Gambit, Fritz Gambit, Romford Countergambit	10	q3kbnr/p1pnpppp/8/8/2Pp2b1/8/PP1PPP1P/RNBQK1NR w KQk	1. g4 d5 2. Bg2 Bxg4 3. c4 d4 4. Bxb7 Nd7 5. Bxa8 Qxa8
A00	Grob Opening: Grob Gambit, Keres Gambit	7	rnbqkbnr/ppp2ppp/8/3p4/3p2P1/2P5/PP2PPBP/RNBQK1NR b KQkq	1. g4 d5 2. Bg2 e5 3. d4 exd4 4. c3
A00	Grob Opening: Grob Gambit, Richter-Grob Gambit	7	rnbqkbnr/pp2pppp/2p5/8/2p3P1/1P6/P2PPPBP/RNBQK1NR b KQkq	1. g4 d5 2. Bg2 c6 3. c4 dxc4 4. b3
A00	Grob Opening: Keene Defense	6	rnbqkbnr/pp3ppp/2p5/3pp3/6P1/7P/PPPPPPB1/RNBQK1NR w KQkq	1. g4 d5 2. h3 e5 3. Bg2 c6
A00	Grob Opening: Keene Defense, Main Line	12	rnbqk2r/pp2nppp/2pb4/3p4/2PPp1P1/2N4P/PP2PPB1/R1BQK1NR w KQkq	1. g4 d5 2. h3 e5 3. Bg2 c6 4. d4 e4 5. c4 Bd6 6. Nc3 Ne7
A00	Grob Opening: London Defense	4	r1bqkbnr/pppp1ppp/2n5/4p3/6P1/7P/PPPPPP2/RNBQKBNR w KQkq	1. g4 e5 2. h3 Nc6
A00	Grob Opening: Romford Countergambit	6	rn1qkbnr/ppp1pppp/8/8/2Pp2b1/8/PP1PPPBP/RNBQK1NR w KQkq	1. g4 d5 2. Bg2 Bxg4 3. c4 d4
A00	Grob Opening: Spike Attack	5	rnbqkbnr/pp2pppp/2p5/3p2P1/8/8/PPPPPPBP/RNBQK1NR b KQkq	1. g4 d5 2. Bg2 c6 3. g5
A00	Grob Opening: Spike, Hurst Attack	5	rnbqkbnr/ppp2ppp/8/3pp3/2P3P1/8/PP1PPPBP/RNBQK1NR b KQkq	1. g4 e5 2. Bg2 d5 3. c4
A00	Grob Opening: Zilbermints Gambit	5	rnbqkbnr/ppp1pppp/8/8/4p1P1/2N5/PPPP1P1P/R1BQKBNR b KQkq	1. g4 d5 2. e4 dxe4 3. Nc3
A00	Grob Opening: Zilbermints Gambit, Schiller Defense	6	rnbqkbnr/ppp1ppp1/8/7p/4p1P1/2N5/PPPP1P1P/R1BQKBNR w KQkq	1. g4 d5 2. e4 dxe4 3. Nc3 h5
A00	Grob Opening: Zilbermints Gambit, Zilbermints-Hartlaub Gambit	7	rnbqkbnr/ppp2ppp/8/4p3/4p1P1/2NP4/PPP2P1P/R1BQKBNR b KQkq	1. g4 d5 2. e4 dxe4 3. Nc3 e5 4. d3
A00	Hungarian Opening	1	rnbqkbnr/pppppppp/8/8/8/6P1/PPPPPP1P/RNBQKBNR b KQkq	1. g3
A00	Hungarian Opening: Asten Gambit	10	r1bqkbnr/ppp3pp/2n5/4Pp2/3pN3/6P1/PPP1PP1P/R1BQKBNR w KQkq	1. g3 Nc6 2. Nc3 d5 3. d4 e5 4. dxe5 d4 5. Ne4 f5
A00	Hungarian Opening: Burk Gambit	9	rnbqk1nr/ppp1bppp/8/3p4/4p2N/P2P2P1/1PP1PP1P/RNBQKB1R b KQkq	1. g3 e5 2. a3 d5 3. Nf3 e4 4. Nh4 Be7 5. d3
A00	Hungarian Opening: Bücker Gambit	5	rnbqkbnr/ppp2ppp/8/3pp3/1P6/6P1/P1PPPPBP/RNBQK1NR b KQkq	1. g3 d5 2. Bg2 e5 3. b4
A00	Hungarian Opening: Catalan Formation	4	rnbqkbnr/ppp2ppp/4p3/3p4/8/6P1/PPPPPPBP/RNBQK1NR w KQkq	1. g3 d5 2. Bg2 e6
A00	Hungarian Opening: Dutch Defense	2	rnbqkbnr/ppppp1pp/8/5p2/8/6P1/PPPPPP1P/RNBQKBNR w KQkq	1. g3 f5
A00	Hungarian Opening: Indian Defense	2	rnbqkb1r/pppppppp/5n2/8/8/6P1/PPPPPP1P/RNBQKBNR w KQkq	1. g3 Nf6
A00	Hungarian Opening: Myers Defense	2	rnbqkbnr/pppppp1p/8/6p1/8/6P1/PPPPPP1P/RNBQKBNR w KQkq	1. g3 g5
A00	Hungarian Opening: Pachman Gambit	6	rnbqkbnr/ppppp2p/6p1/7Q/4p3/6P1/PPPP1P1P/RNB1KBNR w KQkq	1. g3 f5 2. e4 fxe4 3. Qh5+ g6
A00	Hungarian Opening: Paris Gambit	9	rn1qkbnr/ppp2ppp/8/3p4/5p2/6PB/PPPPP2P/RNBQ1RK1 b kq	1. g3 e5 2. Nh3 d5 3. f4 Bxh3 4. Bxh3 exf4 5. O-O
A00	Hungarian Opening: Reversed Alekhine	3	rnbqkbnr/pppp1ppp/8/4p3/8/5NP1/PPPPPP1P/RNBQKB1R b KQkq	1. g3 e5 2. Nf3
A00	Hungarian Opening: Reversed Brooklyn Defense, Brooklyn Benko Gambit	7	rnbqkb1r/pppp1ppp/5n2/8/1P2p3/6P1/P1PPPP1P/RNBQKBNR b KQkq	1. g3 e5 2. Nf3 e4 3. Ng1 Nf6 4. b4
A00	Hungarian Opening: Reversed Modern Defense	4	rnbqkbnr/pp2pppp/8/2pp4/8/6P1/PPPPPPBP/RNBQK1NR w KQkq	1. g3 d5 2. Bg2 c5
A00	Hungarian Opening: Reversed Norwegian Defense	5	rnbqkbnr/pppp1ppp/8/8/4p2N/6P1/PPPPPP1P/RNBQKB1R b KQkq	1. g3 e5 2. Nf3 e4 3. Nh4
A00	Hungarian Opening: Sicilian Invitation	2	rnbqkbnr/pp1ppppp/8/2p5/8/6P1/PPPPPP1P/RNBQKBNR w KQkq	1. g3 c5
A00	Hungarian Opening: Slav Formation	4	rnbqkbnr/pp2pppp/2p5/3p4/8/6P1/PPPPPPBP/RNBQK1NR w KQkq	1. g3 d5 2. Bg2 c6
A00	Hungarian Opening: Symmetrical Variation	2	rnbqkbnr/pppppp1p/6p1/8/8/6P1/PPPPPP1P/RNBQKBNR w KQkq	1. g3 g6
A00	Hungarian Opening: Van Kuijk Gambit	4	rnbqkbnr/ppppppp1/8/8/7p/5NP1/PPPPPP1P/RNBQKB1R w KQkq	1. g3 h5 2. Nf3 h4
A00	Hungarian Opening: Winterberg Gambit	7	rnbqkbnr/ppp2ppp/8/4p3/2p5/1P4P1/P2PPPBP/RNBQK1NR b KQkq	1. g3 d5 2. Bg2 e5 3. c4 dxc4 4. b3
A00	Kádas Opening	1	rnbqkbnr/pppppppp/8/8/7P/8/PPPPPPP1/RNBQKBNR b KQkq	1. h4
A00	Kádas Opening: Beginner's Trap	3	rnbqkbnr/ppp1pppp/8/3p4/7P/7R/PPPPPPP1/RNBQKBN1 b Qkq	1. h4 d5 2. Rh3
A00	Kádas Opening: Koola-Koola Variation	2	rnbqkbnr/1ppppppp/8/p7/7P/8/PPPPPPP1/RNBQKBNR w KQkq	1. h4 a5
A00	Kádas Opening: Kádas Gambit	3	rnbqkbnr/pp1ppppp/8/2p5/1P5P/8/P1PPPPP1/RNBQKBNR b KQkq	1. h4 c5 2. b4
A00	Kádas Opening: Kádas Gambit	7	rnbqkbnr/pp2pppp/8/3p4/3p3P/2P2N2/PP2PPP1/RNBQKB1R b KQkq	1. h4 d5 2. d4 c5 3. Nf3 cxd4 4. c3
A00	Kádas Opening: Kádas Gambit	5	rnbqkbnr/pppp1ppp/8/8/3p3P/2P5/PP2PPP1/RNBQKBNR b KQkq	1. h4 e5 2. d4 exd4 3. c3
A00	Kádas Opening: Myers Variation	5	rnbqkbnr/pp2pppp/8/2pp4/3PP2P/8/PPP2PP1/RNBQKBNR b KQkq	1. h4 d5 2. d4 c5 3. e4
A00	Kádas Opening: Schneider Gambit	2	rnbqkbnr/pppppp1p/8/6p1/7P/8/PPPPPPP1/RNBQKBNR w KQkq	1. h4 g5
A00	Kádas Opening: Steinbok Gambit	5	rnbqkbnr/ppppp1pp/8/8/4p2P/3P4/PPP2PP1/RNBQKBNR b KQkq	1. h4 f5 2. e4 fxe4 3. d3
A00	Lasker Simul Special	2	rnbqkbnr/ppppppp1/8/7p/8/6P1/PPPPPP1P/RNBQKBNR w KQkq	1. g3 h5
A00	Mieses Opening	1	rnbqkbnr/pppppppp/8/8/8/3P4/PPP1PPPP/RNBQKBNR b KQkq	1. d3
A00	Mieses Opening: Myers Spike Attack	3	rnbqkbnr/pppppp1p/6p1/8/6P1/3P4/PPP1PP1P/RNBQKBNR b KQkq	1. d3 g6 2. g4
A00	Mieses Opening: Reversed Rat	2	rnbqkbnr/pppp1ppp/8/4p3/8/3P4/PPP1PPPP/RNBQKBNR w KQkq	1. d3 e5
A00	Mieses Opening: Venezolana Variation	5	r1bqkbnr/pp1ppppp/2n5/2p5/8/2NP2P1/PPP1PP1P/R1BQKBNR b KQkq	1. d3 c5 2. Nc3 Nc6 3. g3
A00	Polish Opening	1	rnbqkbnr/pppppppp/8/8/1P6/8/P1PPPPPP/RNBQKBNR b KQkq	1. b4
A00	Polish Opening, with d5	2	rnbqkbnr/ppp1pppp/8/3p4/1P6/8/P1PPPPPP/RNBQKBNR w KQkq	1. b4 d5
A00	Polish Opening, with d5	5	rnbqkb1r/ppp1pppp/5n2/3p4/1P6/5N2/PBPPPPPP/RN1QKB1R b KQkq	1. b4 d5 2. Bb2 Nf6 3. Nf3
A00	Polish Opening: Baltic Defense	4	rn1qkbnr/ppp1pppp/8/3p1b2/1P6/8/PBPPPPPP/RN1QKBNR w KQkq	1. b4 d5 2. Bb2 Bf5
A00	Polish Opening: Birmingham Gambit	2	rnbqkbnr/pp1ppppp/8/2p5/1P6/8/P1PPPPPP/RNBQKBNR w KQkq	1. b4 c5
A00	Polish Opening: Bugayev Advance Variation	5	rnbqkbnr/pppp2pp/5p2/1P2p3/8/8/PBPPPPPP/RN1QKBNR b KQkq	1. b4 e5 2. Bb2 f6 3. b5
A00	Polish Opening: Bugayev Attack	3	rnbqkbnr/pppp1ppp/8/4p3/1P6/P7/2PPPPPP/RNBQKBNR b KQkq	1. b4 e5 2. a3
A00	Polish Opening: Czech Defense	4	rnbqkbnr/ppp2ppp/3p4/4p3/1P6/8/PBPPPPPP/RN1QKBNR w KQkq	1. b4 e5 2. Bb2 d6
A00	Polish Opening: Dutch Defense	2	rnbqkbnr/ppppp1pp/8/5p2/1P6/8/P1PPPPPP/RNBQKBNR w KQkq	1. b4 f5
A00	Polish Opening: German Defense	4	rnb1kbnr/ppp1pppp/3q4/3p4/1P6/8/PBPPPPPP/RN1QKBNR w KQkq	1. b4 d5 2. Bb2 Qd6
A00	Polish Opening: Grigorian Variation	2	r1bqkbnr/pppppppp/2n5/8/1P6/8/P1PPPPPP/RNBQKBNR w KQkq	1. b4 Nc6
A00	Polish Opening: Karniewski Variation	2	rnbqkb1r/pppppppp/7n/8/1P6/8/P1PPPPPP/RNBQKBNR w KQkq	1. b4 Nh6
A00	Polish Opening: King's Indian Variation	4	rnbqkb1r/pppppp1p/5np1/8/1P6/8/PBPPPPPP/RN1QKBNR w KQkq	1. b4 Nf6 2. Bb2 g6
A00	Polish Opening: King's Indian Variation, Schiffler Attack	5	rnbqkb1r/pppppp1p/5np1/8/1P2P3/8/PBPP1PPP/RN1QKBNR b KQkq	1. b4 Nf6 2. Bb2 g6 3. e4
A00	Polish Opening: King's Indian Variation, Sokolsky Attack	11	rnbq1rk1/ppp1ppbp/3p1np1/8/1PPP4/4PN2/PB3PPP/RN1QKB1R b KQ	1. b4 Nf6 2. Bb2 g6 3. c4 Bg7 4. e3 d6 5. Nf3 O-O 6. d4
A00	Polish Opening: Myers Variation	5	rnbqkbnr/pp2pppp/2p5/3p4/PP6/8/1BPPPPPP/RN1QKBNR b KQkq	1. b4 d5 2. Bb2 c6 3. a4
A00	Polish Opening: Outflank Variation	2	rnbqkbnr/pp1ppppp/2p5/8/1P6/8/P1PPPPPP/RNBQKBNR w KQkq	1. b4 c6
A00	Polish Opening: Outflank Variation, Schuehler Gambit	5	rnbqkbnr/1p1ppppp/2p5/pP6/8/8/PBPPPPPP/RN1QKBNR b KQkq	1. b4 c6 2. Bb2 a5 3. b5
A00	Polish Opening: Queen's Indian Variation	6	rnbqkb1r/p1pp1ppp/1p2pn2/1P6/8/8/PBPPPPPP/RN1QKBNR w KQkq	1. b4 e6 2. Bb2 Nf6 3. b5 b6
A00	Polish Opening: Queenside Defense	6	rnbqkb1r/1ppp1ppp/p3pn2/1P6/8/8/PBPPPPPP/RN1QKBNR w KQkq	1. b4 e6 2. Bb2 Nf6 3. b5 a6
A00	Polish Opening: Rooks Swap Line	11	1nbqkb1r/1ppp1ppp/4pn2/1P6/8/8/2PPPPPP/BN1QKBNR b Kk	1. b4 e6 2. Bb2 Nf6 3. b5 a6 4. a4 axb5 5. axb5 Rxa1 6. Bxa1
A00	Polish Opening: Schiffler-Sokolsky Variation	7	rnbqkb1r/ppp2ppp/4pn2/1P1p4/8/4P3/PBPP1PPP/RN1QKBNR b KQkq	1. b4 e6 2. Bb2 Nf6 3. b5 d5 4. e3
A00	Polish Opening: Schuehler Gambit	7	rnbqkbnr/1p1ppppp/8/pp6/4P3/8/PBPP1PPP/RN1QKBNR b KQkq	1. b4 c6 2. Bb2 a5 3. b5 cxb5 4. e4
A00	Polish Opening: Symmetrical Variation	2	rnbqkbnr/p1pppppp/8/1p6/1P6/8/P1PPPPPP/RNBQKBNR w KQkq	1. b4 b5
A00	Polish Opening: Tartakower Gambit	5	rnbqkbnr/pppp2pp/5p2/4p3/1P2P3/8/PBPP1PPP/RN1QKBNR b KQkq	1. b4 e5 2. Bb2 f6 3. e4
A00	Polish Opening: Wolferts Gambit	4	rnbqkbnr/pp1p1ppp/8/2p1p3/1P6/8/PBPPPPPP/RN1QKBNR w KQkq	1. b4 e5 2. Bb2 c5
A00	Saragossa Opening	1	rnbqkbnr/pppppppp/8/8/8/2P5/PP1PPPPP/RNBQKBNR b KQkq	1. c3
A00	Sodium Attack	1	rnbqkbnr/pppppppp/8/8/8/N7/PPPPPPPP/R1BQKBNR b KQkq	1. Na3
A00	Sodium Attack: Celadon Variation	9	rnbqk1nr/pp3ppp/8/2ppp3/8/P2PP3/P1P2PPP/1RBQKBNR b Kkq	1. Na3 e5 2. d3 Bxa3 3. bxa3 d5 4. e3 c5 5. Rb1
A00	Sodium Attack: Chenoboskion Variation	3	rnbqkbnr/pppppp1p/6p1/8/6P1/N7/PPPPPP1P/R1BQKBNR b KQkq	1. Na3 g6 2. g4
A00	Sodium Attack: Durkin Gambit	6	r1bqkbnr/pppp2pp/2n5/4pp2/2N1P3/8/PPPP1PPP/R1BQKBNR w KQkq	1. Na3 e5 2. Nc4 Nc6 3. e4 f5
A00	Valencia Opening	3	rnbqkbnr/pppp1ppp/8/4p3/8/3P4/PPPNPPPP/R1BQKBNR b KQkq	1. d3 e5 2. Nd2
A00	Van Geet Opening	1	rnbqkbnr/pppppppp/8/8/8/2N5/PPPPPPPP/R1BQKBNR b KQkq	1. Nc3
A00	Van Geet Opening: Battambang Variation	3	rnbqkbnr/pppp1ppp/8/4p3/8/P1N5/1PPPPPPP/R1BQKBNR b KQkq	1. a3 e5 2. Nc3
A00	Van Geet Opening: Billockus-Johansen Gambit	4	rnbqk1nr/pppp1ppp/8/2b1p3/8/2N2N2/PPPPPPPP/R1BQKB1R w KQkq	1. Nc3 e5 2. Nf3 Bc5
A00	Van Geet Opening: Damhaug Gambit	4	rnbqkbnr/ppp2ppp/8/3pp3/5P2/2N5/PPPPP1PP/R1BQKBNR w KQkq	1. Nc3 d5 2. f4 e5
A00	Van Geet Opening: Dougherty Gambit	5	rnbqkbnr/ppp1pppp/8/8/4p3/2N2P2/PPPP2PP/R1BQKBNR b KQkq	1. Nc3 d5 2. e4 dxe4 3. f3
A00	Van Geet Opening: Dunst-Perrenet Gambit	5	rnbqkbnr/ppp1pppp/8/8/4p3/2NP4/PPP2PPP/R1BQKBNR b KQkq	1. Nc3 d5 2. e4 dxe4 3. d3
A00	Van Geet Opening: Düsseldorf Gambit	3	rnbqkbnr/pp1ppppp/8/2p5/1P6/2N5/P1PPPPPP/R1BQKBNR b KQkq	1. Nc3 c5 2. b4
A00	Van Geet Opening: Gladbacher Gambit	7	rnbqkbnr/ppp2ppp/8/4p3/4p3/1PNP4/P1P2PPP/R1BQKBNR b KQkq	1. Nc3 e5 2. b3 d5 3. e4 dxe4 4. d3
A00	Van Geet Opening: Hector Gambit	5	rnbqkbnr/ppp1pppp/8/8/2B1p3/2N5/PPPP1PPP/R1BQK1NR b KQkq	1. Nc3 d5 2. e4 dxe4 3. Bc4
A00	Van Geet Opening: Hergert Gambit	6	r1bqkbnr/ppp2ppp/2np4/4P3/8/2N5/PPPPP1PP/R1BQKBNR w KQkq	1. Nc3 d6 2. f4 e5 3. fxe5 Nc6
A00	Van Geet Opening: Hulsemann Gambit	6	rn1qkbnr/ppp2ppp/4b3/3pp2Q/8/2N1P3/PPPP1PPP/R1B1KBNR w KQkq	1. Nc3 e5 2. e3 d5 3. Qh5 Be6
A00	Van Geet Opening: Jendrossek Gambit	11	rnbqkb1r/pp2p1pp/5n2/2p2p2/1P1p1P2/5N2/P1PPPNPP/R1BQKB1R b KQkq	1. Nc3 d5 2. f4 d4 3. Ne4 f5 4. Nf2 Nf6 5. Nf3 c5 6. b4
A00	Van Geet Opening: Kluever Gambit	5	rnbqkbnr/ppppp1pp/8/8/4p3/2NP4/PPP2PPP/R1BQKBNR b KQkq	1. Nc3 f5 2. e4 fxe4 3. d3
A00	Van Geet Opening: Laroche Gambit	2	rnbqkbnr/p1pppppp/8/1p6/8/2N5/PPPPPPPP/R1BQKBNR w KQkq	1. Nc3 b5
A00	Van Geet Opening: Liebig Gambit	6	rnbqkb1r/ppp2ppp/5n2/3pp2Q/8/2N1P3/PPPP1PPP/R1B1KBNR w KQkq	1. Nc3 e5 2. e3 d5 3. Qh5 Nf6
A00	Van Geet Opening: Melleby Gambit	6	rnbqkbnr/pp2pppp/8/2p5/3pNP2/8/PPPPP1PP/R1BQKBNR w KQkq	1. Nc3 d5 2. f4 d4 3. Ne4 c5
A00	Van Geet Opening: Myers Attack	3	rnbqkbnr/pppppp1p/6p1/8/7P/2N5/PPPPPPP1/R1BQKBNR b KQkq	1. Nc3 g6 2. h4
A00	Van Geet Opening: Napoleon Attack	5	r1bqkbnr/pppp1ppp/2n5/4p3/3P4/2N2N2/PPP1PPPP/R1BQKB1R b KQkq	1. Nc3 e5 2. Nf3 Nc6 3. d4
A00	Van Geet Opening: Novosibirsk Variation	7	r1bqkbnr/pp1ppppp/2n5/8/7Q/2N5/PPP1PPPP/R1B1KBNR b KQkq	1. Nc3 c5 2. d4 cxd4 3. Qxd4 Nc6 4. Qh4
A00	Van Geet Opening: Nowokunski Gambit	5	rnbqkbnr/pppp1ppp/8/8/4Pp2/2N5/PPPP2PP/R1BQKBNR b KQkq	1. Nc3 e5 2. f4 exf4 3. e4
A00	Van Geet Opening: Pfeiffer Gambit	6	rnbqkbnr/ppp2ppp/8/4p3/3pNP2/8/PPPPP1PP/R1BQKBNR w KQkq	1. Nc3 d5 2. f4 d4 3. Ne4 e5
A00	Van Geet Opening: Pfeiffer Gambit, Sleipnir Countergambit	7	rnbqkbnr/ppp2ppp/8/4p3/3pNP2/5N2/PPPPP1PP/R1BQKB1R b KQkq	1. Nc3 d5 2. f4 d4 3. Ne4 e5 4. Nf3
A00	Van Geet Opening: Reversed Nimzowitsch	2	rnbqkbnr/pppp1ppp/8/4p3/8/2N5/PPPPPPPP/R1BQKBNR w KQkq	1. Nc3 e5
A00	Van Geet Opening: Reversed Scandinavian	7	r1bqkbnr/pppp1ppp/2n5/8/Q7/2N5/PPP1PPPP/R1B1KBNR b KQkq	1. Nc3 e5 2. d4 exd4 3. Qxd4 Nc6 4. Qa4
A00	Van Geet Opening: Sicilian Two Knights	7	r1bqkbnr/pp1ppppp/2n5/8/3N4/2N5/PPP1PPPP/R1BQKB1R b KQkq	1. Nc3 c5 2. Nf3 Nc6 3. d4 cxd4 4. Nxd4
A00	Van Geet Opening: Sleipnir Gambit	6	rnbqk1nr/ppp2ppp/8/3pp3/1b1P4/2N1P3/PPP2PPP/R1BQKBNR w KQkq	1. Nc3 d5 2. e3 e5 3. d4 Bb4
A00	Van Geet Opening: Twyble Attack	3	rnbqkbnr/pp1ppppp/8/2p5/8/2N5/PPPPPPPP/1RBQKBNR b Kkq	1. Nc3 c5 2. Rb1
A00	Van Geet Opening: Tübingen Gambit	3	rnbqkb1r/pppppppp/5n2/8/6P1/2N5/PPPPPP1P/R1BQKBNR b KQkq	1. Nc3 Nf6 2. g4
A00	Van Geet Opening: Venezolana Variation	5	rnbqkb1r/ppp1pppp/5n2/3p4/8/2NP2P1/PPP1PP1P/R1BQKBNR b KQkq	1. Nc3 d5 2. d3 Nf6 3. g3
A00	Van Geet Opening: Warsteiner Gambit	4	rnbqkbnr/ppp1pp1p/8/3p2p1/5P2/2N5/PPPPP1PP/R1BQKBNR w KQkq	1. Nc3 d5 2. f4 g5
A00	Van't Kruijs Opening	1	rnbqkbnr/pppppppp/8/8/8/4P3/PPPP1PPP/RNBQKBNR b KQkq	1. e3
A00	Van't Kruijs Opening: Bouncing Bishop Variation	5	rnbqkbnr/p1pp1ppp/8/1p2p3/8/1B2P3/PPPP1PPP/RNBQK1NR b KQkq	1. e3 e5 2. Bc4 b5 3. Bb3
A00	Van't Kruijs Opening: Keoni-Hiva Gambit, Akahi Variation	7	rnbqkb1r/pppp1ppp/5n2/8/5p2/2N1PN2/PPPP2PP/R1BQKB1R b KQkq	1. e3 e5 2. Nc3 Nf6 3. f4 exf4 4. Nf3
A00	Van't Kruijs Opening: Keoni-Hiva Gambit, Alua Variation	7	r1bqkbnr/pppp1ppp/2n5/8/5p2/2N1PN2/PPPP2PP/R1BQKB1R b KQkq	1. e3 e5 2. Nc3 Nc6 3. f4 exf4 4. Nf3
A00	Van't Kruijs Opening: Keoni-Hiva Gambit, Ekolu Variation	7	rnbqkbnr/ppp2ppp/8/3p4/5p2/2N1PN2/PPPP2PP/R1BQKB1R b KQkq	1. e3 e5 2. Nc3 d5 3. f4 exf4 4. Nf3
A00	Ware Opening	1	rnbqkbnr/pppppppp/8/8/P7/8/1PPPPPPP/RNBQKBNR b KQkq	1. a4
A00	Ware Opening: Cologne Gambit	6	r1bqkbnr/p1pnpppp/1p6/3p4/P2P4/2N5/1PP1PPPP/R1BQKBNR w KQkq	1. a4 b6 2. d4 d5 3. Nc3 Nd7
A00	Ware Opening: Crab Variation	3	rnbqkbnr/pppp1ppp/8/4p3/P6P/8/1PPPPPP1/RNBQKBNR b KQkq	1. a4 e5 2. h4
A00	Ware Opening: Meadow Hay Trap	3	rnbqkbnr/pppp1ppp/8/4p3/P7/R7/1PPPPPPP/1NBQKBNR b Kkq	1. a4 e5 2. Ra3
A00	Ware Opening: Symmetric Variation	2	rnbqkbnr/1ppppppp/8/p7/P7/8/1PPPPPPP/RNBQKBNR w KQkq	1. a4 a5
A00	Ware Opening: Ware Gambit	7	rnbqkbnr/ppp3pp/P7/3ppp2/8/4P3/1PPP1PPP/RNBQKBNR b KQkq	1. a4 e5 2. a5 d5 3. e3 f5 4. a6
A00	Ware Opening: Wing Gambit	4	rn1qkbnr/pbpppppp/8/1P6/8/8/1PPPPPPP/RNBQKBNR w KQkq	1. a4 b5 2. axb5 Bb7
A01	Nimzo-Larsen Attack	1	rnbqkbnr/pppppppp/8/8/8/1P6/P1PPPPPP/RNBQKBNR b KQkq	1. b3
A01	Nimzo-Larsen Attack: Classical Variation	2	rnbqkbnr/ppp1pppp/8/3p4/8/1P6/P1PPPPPP/RNBQKBNR w KQkq	1. b3 d5
A01	Nimzo-Larsen Attack: Dutch Variation	2	rnbqkbnr/ppppp1pp/8/5p2/8/1P6/P1PPPPPP/RNBQKBNR w KQkq	1. b3 f5
A01	Nimzo-Larsen Attack: English Variation	2	rnbqkbnr/pp1ppppp/8/2p5/8/1P6/P1PPPPPP/RNBQKBNR w KQkq	1. b3 c5
A01	Nimzo-Larsen Attack: Graz Attack	3	rnbqkbnr/ppp1pppp/8/3p4/8/BP6/P1PPPPPP/RN1QKBNR b KQkq	1. b3 d5 2. Ba3
A01	Nimzo-Larsen Attack: Indian Variation	2	rnbqkb1r/pppppppp/5n2/8/8/1P6/P1PPPPPP/RNBQKBNR w KQkq	1. b3 Nf6
A01	Nimzo-Larsen Attack: Modern Variation	2	rnbqkbnr/pppp1ppp/8/4p3/8/1P6/P1PPPPPP/RNBQKBNR w KQkq	1. b3 e5
A01	Nimzo-Larsen Attack: Modern Variation	4	r1bqkbnr/pppp1ppp/2n5/4p3/8/1P6/PBPPPPPP/RN1QKBNR w KQkq	1. b3 e5 2. Bb2 Nc6
A01	Nimzo-Larsen Attack: Modern Variation	5	r1bqkbnr/pppp1ppp/2n5/4p3/8/1P2P3/PBPP1PPP/RN1QKBNR b KQkq	1. b3 e5 2. Bb2 Nc6 3. e3
A01	Nimzo-Larsen Attack: Modern Variation	6	r1bqkb1r/pppp1ppp/2n2n2/4p3/2P5/1P6/PB1PPPPP/RN1QKBNR w KQkq	1. b3 e5 2. Bb2 Nc6 3. c4 Nf6
A01	Nimzo-Larsen Attack: Pachman Gambit	5	r1bqkbnr/pppp1ppp/2n5/4p3/5P2/1P6/PBPPP1PP/RN1QKBNR b KQkq	1. b3 e5 2. Bb2 Nc6 3. f4
A01	Nimzo-Larsen Attack: Polish Variation	2	rnbqkbnr/p1pppppp/8/1p6/8/1P6/P1PPPPPP/RNBQKBNR w KQkq	1. b3 b5
A01	Nimzo-Larsen Attack: Ringelbach Gambit	5	rnbqkbnr/pppp2pp/4p3/5p2/4P3/1P6/PBPP1PPP/RN1QKBNR b KQkq	1. b3 f5 2. Bb2 e6 3. e4
A01	Nimzo-Larsen Attack: Spike Variation	5	rnbqkb1r/pppppp1p/5np1/8/6P1/1P6/PBPPPP1P/RN1QKBNR b KQkq	1. b3 Nf6 2. Bb2 g6 3. g4
A01	Nimzo-Larsen Attack: Symmetrical Variation	2	rnbqkbnr/p1pppppp/1p6/8/8/1P6/P1PPPPPP/RNBQKBNR w KQkq	1. b3 b6
A02	Bird Opening	1	rnbqkbnr/pppppppp/8/8/5P2/8/PPPPP1PP/RNBQKBNR b KQkq	1. f4
A02	Bird Opening: Batavo-Polish Attack	5	rnbqkb1r/pppppp1p/5np1/8/1P3P2/5N2/P1PPP1PP/RNBQKB1R b KQkq	1. f4 Nf6 2. Nf3 g6 3. b4
A02	Bird Opening: Double Duck Formation	4	rnbqkbnr/ppp1p1pp/8/3p1p2/3P1P2/8/PPP1P1PP/RNBQKBNR w KQkq	1. f4 f5 2. d4 d5
A02	Bird Opening: From's Gambit	2	rnbqkbnr/pppp1ppp/8/4p3/5P2/8/PPPPP1PP/RNBQKBNR w KQkq	1. f4 e5
A02	Bird Opening: From's Gambit, Bahr Gambit	3	rnbqkbnr/pppp1ppp/8/4p3/5P2/2N5/PPPPP1PP/R1BQKBNR b KQkq	1. f4 e5 2. Nc3
A02	Bird Opening: From's Gambit, Langheld Gambit	6	rnbqkb1r/ppp2ppp/3P1n2/8/8/8/PPPPP1PP/RNBQKBNR w KQkq	1. f4 e5 2. fxe5 d6 3. exd6 Nf6
A02	Bird Opening: From's Gambit, Lasker Variation	8	rnbqk1nr/ppp2p1p/3b4/6p1/8/5N2/PPPPP1PP/RNBQKB1R w KQkq	1. f4 e5 2. fxe5 d6 3. exd6 Bxd6 4. Nf3 g5
A02	Bird Opening: From's Gambit, Lipke Variation	9	rnbqk2r/ppp2ppp/3b3n/8/3P4/5N2/PPP1P1PP/RNBQKB1R b KQkq	1. f4 e5 2. fxe5 d6 3. exd6 Bxd6 4. Nf3 Nh6 5. d4
A02	Bird Opening: Hobbs Gambit	2	rnbqkbnr/pppppp1p/8/6p1/5P2/8/PPPPP1PP/RNBQKBNR w KQkq	1. f4 g5
A02	Bird Opening: Hobbs-Zilbermints Gambit	4	rnbqkbnr/pppppp2/7p/6p1/5P2/5N2/PPPPP1PP/RNBQKB1R w KQkq	1. f4 h6 2. Nf3 g5
A02	Bird Opening: Horsefly Defense	2	rnbqkb1r/pppppppp/7n/8/5P2/8/PPPPP1PP/RNBQKBNR w KQkq	1. f4 Nh6
A02	Bird Opening: Lasker Gambit	4	rnbqkbnr/pppp2pp/5p2/4P3/8/8/PPPPP1PP/RNBQKBNR w KQkq	1. f4 e5 2. fxe5 f6
A02	Bird Opening: Mujannah	3	rnbqkb1r/pppppppp/5n2/8/2P2P2/8/PP1PP1PP/RNBQKBNR b KQkq	1. f4 Nf6 2. c4
A02	Bird Opening: Myers Defense	2	rnbqkbnr/p1pppppp/8/1p6/5P2/8/PPPPP1PP/RNBQKBNR w KQkq	1. f4 b5
A02	Bird Opening: Platz Gambit	4	rnbqkb1r/ppppnppp/8/4P3/8/8/PPPPP1PP/RNBQKBNR w KQkq	1. f4 e5 2. fxe5 Ne7
A02	Bird Opening: Schlechter Gambit	4	r1bqkbnr/pppp1ppp/2n5/4P3/8/8/PPPPP1PP/RNBQKBNR w KQkq	1. f4 e5 2. fxe5 Nc6
A02	Bird Opening: Siegener Gambit	7	rnbqkbnr/pp1p1ppp/8/2p5/3p1P2/2P2N2/PP2P1PP/RNBQKB1R b KQkq	1. f4 e5 2. d4 exd4 3. Nf3 c5 4. c3
A02	Bird Opening: Swiss Gambit	7	rnbqkb1r/ppppp1pp/5n2/8/4pPP1/2N5/PPPP3P/R1BQKBNR b KQkq	1. f4 f5 2. e4 fxe4 3. Nc3 Nf6 4. g4
A02	Bird Opening: Wagner-Zwitersch Gambit	3	rnbqkbnr/ppppp1pp/8/5p2/4PP2/8/PPPP2PP/RNBQKBNR b KQkq	1. f4 f5 2. e4
A03	Bird Opening: Dutch Variation	2	rnbqkbnr/ppp1pppp/8/3p4/5P2/8/PPPPP1PP/RNBQKBNR w KQkq	1. f4 d5
A03	Bird Opening: Dutch Variation, Dudweiler Gambit	3	rnbqkbnr/ppp1pppp/8/3p4/5PP1/8/PPPPP2P/RNBQKBNR b KQkq	1. f4 d5 2. g4
A03	Bird Opening: Lasker Variation	6	rnbqkb1r/pp2pppp/5n2/2pp4/5P2/4PN2/PPPP2PP/RNBQKB1R w KQkq	1. f4 d5 2. Nf3 Nf6 3. e3 c5
A03	Bird Opening: Sturm Gambit	3	rnbqkbnr/ppp1pppp/8/3p4/2P2P2/8/PP1PP1PP/RNBQKBNR b KQkq	1. f4 d5 2. c4
A03	Bird Opening: Thomas Gambit	9	rnbqkb1r/pp2pppp/5n2/2p5/3p1P2/1P2PN2/PBPP2PP/RN1QKB1R b KQkq	1. f4 d5 2. b3 Nf6 3. Bb2 d4 4. Nf3 c5 5. e3
A03	Bird Opening: Williams Gambit	3	rnbqkbnr/ppp1pppp/8/3p4/4PP2/8/PPPP2PP/RNBQKBNR b KQkq	1. f4 d5 2. e4
A03	Bird Opening: Williams Gambit	7	rnbqkb1r/ppp1pppp/5n2/8/4pP2/2N5/PPPPQ1PP/R1B1KBNR b KQkq	1. f4 d5 2. e4 dxe4 3. Nc3 Nf6 4. Qe2
A03	Bird Opening: Williams-Zilbermints Gambit	7	rnbqkb1r/ppp1pppp/5n2/8/4pP2/2N5/PPPPN1PP/R1BQKB1R b KQkq	1. f4 d5 2. e4 dxe4 3. Nc3 Nf6 4. Nge2
A04	Colle System: Rhamphorhynchus Variation	8	rnb1k1nr/pp1pppbp/6p1/q1P5/8/4PN2/PPP2PPP/RNBQKB1R w KQkq	1. Nf3 c5 2. e3 g6 3. d4 Bg7 4. dxc5 Qa5+
A04	Modern Defense: Semi-Averbakh Variation, Polish Variation	8	rnb1k1nr/pp1pppbp/1q4p1/2p5/2PPP3/5N2/PP3PPP/RNBQKB1R w KQkq	1. Nf3 c5 2. c4 g6 3. d4 Bg7 4. e4 Qb6
A04	Modern Defense: Semi-Averbakh Variation, Pterodactyl Variation	8	rnb1k1nr/pp1pppbp/6p1/q1p5/2PPP3/5N2/PP3PPP/RNBQKB1R w KQkq	1. Nf3 c5 2. c4 g6 3. d4 Bg7 4. e4 Qa5+
A04	Modern Defense: Semi-Averbakh Variation, Pterodactyl Variation Accepted	10	rnb1k1nr/pp2ppbp/3p2p1/q1P5/2P1P3/5N2/PP3PPP/RNBQKB1R w KQkq	1. Nf3 g6 2. d4 Bg7 3. e4 d6 4. c4 c5 5. dxc5 Qa5+
A04	Zukertort Defense: Kingside Variation	4	rnbqkb1r/pppppp1p/6pn/8/3P4/5N2/PPP1PPPP/RNBQKB1R w KQkq	1. Nf3 Nh6 2. d4 g6
A04	Zukertort Defense: Sicilian Knight Variation	4	r1bqkbnr/pp1ppppp/n7/2p5/4P3/5N2/PPPP1PPP/RNBQKB1R w KQkq	1. Nf3 Na6 2. e4 c5
A04	Zukertort Opening	1	rnbqkbnr/pppppppp/8/8/8/5N2/PPPPPPPP/RNBQKB1R b KQkq	1. Nf3
A04	Zukertort Opening: Arctic Defense	2	rnbqkbnr/ppppp1pp/5p2/8/8/5N2/PPPPPPPP/RNBQKB1R w KQkq	1. Nf3 f6
A04	Zukertort Opening: Arctic Defense, Drunken Knight Variation	6	rnbqkb1r/pppppnpp/5p2/8/3PP3/5N2/PPP2PPP/RNBQKB1R w KQkq	1. Nf3 f6 2. e4 Nh6 3. d4 Nf7
A04	Zukertort Opening: Basman Defense	2	rnbqkbnr/ppppppp1/7p/8/8/5N2/PPPPPPPP/RNBQKB1R w KQkq	1. Nf3 h6
A04	Zukertort Opening: Black Mustang Defense	2	r1bqkbnr/pppppppp/2n5/8/8/5N2/PPPPPPPP/RNBQKB1R w KQkq	1. Nf3 Nc6
A04	Zukertort Opening: Drunken Cavalry Variation	4	r1bqkb1r/pppppppp/n6n/8/4P3/5N2/PPPP1PPP/RNBQKB1R w KQkq	1. Nf3 Na6 2. e4 Nh6
A04	Zukertort Opening: Dutch Variation	2	rnbqkbnr/ppppp1pp/8/5p2/8/5N2/PPPPPPPP/RNBQKB1R w KQkq	1. Nf3 f5
A04	Zukertort Opening: Herrstrom Gambit	2	rnbqkbnr/pppppp1p/8/6p1/8/5N2/PPPPPPPP/RNBQKB1R w KQkq	1. Nf3 g5
A04	Zukertort Opening: Kingside Fianchetto	2	rnbqkbnr/pppppp1p/6p1/8/8/5N2/PPPPPPPP/RNBQKB1R w KQkq	1. Nf3 g6
A04	Zukertort Opening: Lisitsyn Gambit	3	rnbqkbnr/ppppp1pp/8/5p2/4P3/5N2/PPPP1PPP/RNBQKB1R b KQkq	1. Nf3 f5 2. e4
A04	Zukertort Opening: Lisitsyn Gambit Deferred	5	rnbqkb1r/ppppp1pp/5n2/5p2/4P3/3P1N2/PPP2PPP/RNBQKB1R b KQkq	1. Nf3 f5 2. d3 Nf6 3. e4
A04	Zukertort Opening: Pirc Invitation	2	rnbqkbnr/ppp1pppp/3p4/8/8/5N2/PPPPPPPP/RNBQKB1R w KQkq	1. Nf3 d6
A04	Zukertort Opening: Polish Defense	2	rnbqkbnr/p1pppppp/8/1p6/8/5N2/PPPPPPPP/RNBQKB1R w KQkq	1. Nf3 b5
A04	Zukertort Opening: Queen's Gambit Invitation	2	rnbqkbnr/pppp1ppp/4p3/8/8/5N2/PPPPPPPP/RNBQKB1R w KQkq	1. Nf3 e6
A04	Zukertort Opening: Queenside Fianchetto Variation	2	rnbqkbnr/p1pppppp/1p6/8/8/5N2/PPPPPPPP/RNBQKB1R w KQkq	1. Nf3 b6
A04	Zukertort Opening: Ross Gambit	2	rnbqkbnr/pppp1ppp/8/4p3/8/5N2/PPPPPPPP/RNBQKB1R w KQkq	1. Nf3 e5
A04	Zukertort Opening: Shabalov Gambit	8	rnbqkbnr/3p1ppp/p3p3/1pp5/2P5/2N2NP1/PP1PPP1P/R1BQKB1R w KQkq	1. Nf3 e6 2. c4 a6 3. Nc3 c5 4. g3 b5
A04	Zukertort Opening: Sicilian Invitation	2	rnbqkbnr/pp1ppppp/8/2p5/8/5N2/PPPPPPPP/RNBQKB1R w KQkq	1. Nf3 c5
A04	Zukertort Opening: Slav Invitation	2	rnbqkbnr/pp1ppppp/2p5/8/8/5N2/PPPPPPPP/RNBQKB1R w KQkq	1. Nf3 c6
A04	Zukertort Opening: Speelsmet Gambit	5	rnbqkbnr/pp1ppppp/8/8/3p4/4PN2/PPP2PPP/RNBQKB1R b KQkq	1. Nf3 c5 2. d4 cxd4 3. e3
A04	Zukertort Opening: St. George Defense	2	rnbqkbnr/1ppppppp/p7/8/8/5N2/PPPPPPPP/RNBQKB1R w KQkq	1. Nf3 a6
A04	Zukertort Opening: The Walrus	6	r1bqkbnr/ppp2ppp/2p5/8/8/8/PPPPPPPP/RNBQKB1R w KQkq	1. Nf3 e5 2. Nxe5 Nc6 3. Nxc6 dxc6
A04	Zukertort Opening: Vos Gambit	4	rnbqkbnr/ppp2ppp/3p4/4p3/3P4/5N2/PPP1PPPP/RNBQKB1R w KQkq	1. Nf3 d6 2. d4 e5
A04	Zukertort Opening: Wade Defense	4	rn1qkbnr/ppp1pppp/3p4/8/4P1b1/5N2/PPPP1PPP/RNBQKB1R w KQkq	1. Nf3 d6 2. e4 Bg4
A04	Zukertort Opening: Ware Defense	2	rnbqkbnr/1ppppppp/8/p7/8/5N2/PPPPPPPP/RNBQKB1R w KQkq	1. Nf3 a5
A05	King's Indian Attack	4	rnbqkb1r/ppp1pppp/5n2/3p4/8/5NP1/PPPPPP1P/RNBQKB1R w KQkq	1. Nf3 Nf6 2. g3 d5
A05	King's Indian Attack: Smyslov Variation	5	rnbqkb1r/pppppp1p/5np1/8/1P6/5NP1/P1PPPP1P/RNBQKB1R b KQkq	1. Nf3 Nf6 2. g3 g6 3. b4
A05	King's Indian Attack: Spassky Variation	4	rnbqkb1r/p1pppppp/5n2/1p6/8/5NP1/PPPPPP1P/RNBQKB1R w KQkq	1. Nf3 Nf6 2. g3 b5
A05	King's Indian Attack: Symmetrical Defense	4	rnbqkb1r/pppppp1p/5np1/8/8/5NP1/PPPPPP1P/RNBQKB1R w KQkq	1. Nf3 Nf6 2. g3 g6
A05	King's Indian Attack: Wahls Defense	10	rnbq1rk1/ppp1ppbp/5np1/3p4/8/3P1NP1/PPP1PPBP/RNBQ1RK1 w -	1. Nf3 Nf6 2. g3 g6 3. Bg2 Bg7 4. O-O O-O 5. d3 d5
A05	Polish Opening: Zukertort System	5	rnbqkb1r/pppppp1p/5np1/8/1P6/5N2/PBPPPPPP/RN1QKB1R b KQkq	1. Nf3 Nf6 2. b4 g6 3. Bb2
A05	Zukertort Opening	2	rnbqkb1r/pppppppp/5n2/8/8/5N2/PPPPPPPP/RNBQKB1R w KQkq	1. Nf3 Nf6
A05	Zukertort Opening	4	r1bqkb1r/pppppppp/2n2n2/8/8/2N2N2/PPPPPPPP/R1BQKB1R w KQkq	1. Nf3 Nf6 2. Nc3 Nc6
A05	Zukertort Opening: Double Fianchetto Attack	11	rnbq1rk1/ppp1ppbp/3p1np1/8/8/1P3NP1/PBPPPPBP/RN1Q1RK1 b -	1. Nf3 Nf6 2. g3 g6 3. b3 Bg7 4. Bb2 O-O 5. Bg2 d6 6. O-O
A05	Zukertort Opening: Lemberger Gambit	3	rnbqkb1r/pppppppp/5n2/8/4P3/5N2/PPPP1PPP/RNBQKB1R b KQkq	1. Nf3 Nf6 2. e4
A05	Zukertort Opening: Myers Polish Attack	5	rnbqkb1r/pppppp1p/5np1/8/PP6/5N2/2PPPPPP/RNBQKB1R b KQkq	1. Nf3 Nf6 2. a4 g6 3. b4
A05	Zukertort Opening: Nimzo-Larsen Variation	3	rnbqkb1r/pppppppp/5n2/8/8/1P3N2/P1PPPPPP/RNBQKB1R b KQkq	1. Nf3 Nf6 2. b3
A05	Zukertort Opening: Quiet System	3	rnbqkb1r/pppppppp/5n2/8/8/4PN2/PPPP1PPP/RNBQKB1R b KQkq	1. Nf3 Nf6 2. e3
A06	Nimzo-Larsen Attack: Classical Variation	3	rnbqkbnr/ppp1pppp/8/3p4/8/1P3N2/P1PPPPPP/RNBQKB1R b KQkq	1. Nf3 d5 2. b3
A06	Nimzo-Larsen Attack: Norfolk Gambit	5	rnbqkbnr/pp2pppp/8/2pp4/4P3/1P3N2/P1PP1PPP/RNBQKB1R b KQkq	1. Nf3 d5 2. b3 c5 3. e4
A06	Nimzo-Larsen Attack: Norfolk Gambit	7	rnbqkb1r/pp2pppp/5n2/2pp4/4P3/1P3N2/PBPP1PPP/RN1QKB1R b KQkq	1. Nf3 d5 2. b3 Nf6 3. Bb2 c5 4. e4
A06	Zukertort Opening	2	rnbqkbnr/ppp1pppp/8/3p4/8/5N2/PPPPPPPP/RNBQKB1R w KQkq	1. Nf3 d5
A06	Zukertort Opening: Ampel Variation	3	rnbqkbnr/ppp1pppp/8/3p4/8/5N2/PPPPPPPP/RNBQKBR1 b Qkq	1. Nf3 d5 2. Rg1
A06	Zukertort Opening: Old Indian Attack	3	rnbqkbnr/ppp1pppp/8/3p4/8/3P1N2/PPP1PPPP/RNBQKB1R b KQkq	1. Nf3 d5 2. d3
A06	Zukertort Opening: Pachman Gambit	7	rnbqkbnr/pp2pppp/8/2p5/2p5/1P2PN2/P2P1PPP/RNBQKB1R b KQkq	1. Nf3 d5 2. e3 c5 3. c4 dxc4 4. b3
A06	Zukertort Opening: Regina-Nu Gambit	7	rnbqkbnr/pp2pppp/8/2p5/2p5/1PN2N2/P2PPPPP/R1BQKB1R b KQkq	1. Nf3 d5 2. b3 c5 3. c4 dxc4 4. Nc3
A06	Zukertort Opening: Reversed Mexican Defense	3	rnbqkbnr/ppp1pppp/8/3p4/8/2N2N2/PPPPPPPP/R1BQKB1R b KQkq	1. Nf3 d5 2. Nc3
A06	Zukertort Opening: Santasiere's Folly	3	rnbqkbnr/ppp1pppp/8/3p4/1P6/5N2/P1PPPPPP/RNBQKB1R b KQkq	1. b4 d5 2. Nf3
A06	Zukertort Opening: Tennison Gambit	3	rnbqkbnr/ppp1pppp/8/3p4/4P3/5N2/PPPP1PPP/RNBQKB1R b KQkq	1. e4 d5 2. Nf3
A06	Zukertort Opening: Tennison Gambit, Brigg's Trap	10	rn2kb1r/ppp1pppp/5n2/5bN1/3qp3/2N5/PPPPQPPP/R1B1KB1R w KQkq	1. e4 d5 2. Nf3 dxe4 3. Ng5 Nf6 4. Nc3 Bf5 5. Qe2 Qd4
A06	Zukertort Opening: The Potato	3	rnbqkbnr/ppp1pppp/8/3p4/P7/5N2/1PPPPPPP/RNBQKB1R b KQkq	1. Nf3 d5 2. a4
A07	Hungarian Opening: Wiedenhagen-Beta Gambit	4	rnbqkbnr/ppp1pp1p/8/3p2p1/8/5NP1/PPPPPP1P/RNBQKB1R w KQkq	1. g3 d5 2. Nf3 g5
A07	King's Indian Attack	3	rnbqkbnr/ppp1pppp/8/3p4/8/5NP1/PPPPPP1P/RNBQKB1R b KQkq	1. Nf3 d5 2. g3
A07	King's Indian Attack, with Bf5	8	rn1qkb1r/pp2pppp/2p2n2/3p1b2/8/5NP1/PPPPPPBP/RNBQ1RK1 w kq	1. Nf3 Nf6 2. g3 d5 3. Bg2 c6 4. O-O Bf5
A07	King's Indian Attack, with Bf5	10	rn1qkb1r/pp2ppp1/2p2n1p/3p1b2/8/3P1NP1/PPP1PPBP/RNBQ1RK1 w kq	1. Nf3 Nf6 2. g3 d5 3. Bg2 c6 4. O-O Bf5 5. d3 h6
A07	King's Indian Attack, with Bf5	12	rn1qkb1r/pp2ppp1/2p2n1p/5b2/2p5/3P1NP1/PP2PPBP/RNBQ1RK1 w kq	1. Nf3 Nf6 2. g3 d5 3. Bg2 c6 4. O-O Bf5 5. d3 h6 6. c4 dxc4
A07	King's Indian Attack, with Bf5	11	rn1qkb1r/pp3ppp/2p1pn2/3p1b2/8/3P1NP1/PPPNPPBP/R1BQ1RK1 b kq	1. Nf3 Nf6 2. g3 d5 3. Bg2 c6 4. O-O Bf5 5. d3 e6 6. Nbd2
A07	King's Indian Attack, with Bf5	11	rn1qkb1r/pp3ppp/2p1pn2/3p1b2/7N/3P2P1/PPP1PPBP/RNBQ1RK1 b kq	1. Nf3 Nf6 2. g3 d5 3. Bg2 c6 4. O-O Bf5 5. d3 e6 6. Nh4
A07	King's Indian Attack, with e6	6	rnbqkb1r/ppp2ppp/4pn2/3p4/8/5NP1/PPPPPPBP/RNBQK2R w KQkq	1. Nf3 Nf6 2. g3 d5 3. Bg2 e6
A07	King's Indian Attack, with e6	8	rnbqk2r/ppp1bppp/4pn2/3p4/8/5NP1/PPPPPPBP/RNBQ1RK1 w kq	1. Nf3 Nf6 2. g3 d5 3. Bg2 e6 4. O-O Be7
A07	King's Indian Attack: Double Fianchetto	4	rnbqkbnr/ppp1pp1p/6p1/3p4/8/5NP1/PPPPPP1P/RNBQKB1R w KQkq	1. Nf3 d5 2. g3 g6
A07	King's Indian Attack: Keres Variation	4	rn1qkbnr/ppp1pppp/8/3p4/6b1/5NP1/PPPPPP1P/RNBQKB1R w KQkq	1. Nf3 d5 2. g3 Bg4
A07	King's Indian Attack: Keres Variation	6	r2qkbnr/pppnpppp/8/3p4/6b1/5NP1/PPPPPPBP/RNBQK2R w KQkq	1. Nf3 d5 2. g3 Bg4 3. Bg2 Nd7
A07	King's Indian Attack: Keres Variation	8	r2qkbnr/pp1npppp/2p5/3p4/6b1/5NP1/PPPPPPBP/RNBQ1RK1 w kq	1. Nf3 d5 2. g3 c6 3. Bg2 Bg4 4. O-O Nd7
A07	King's Indian Attack: Keres Variation	16	r2qk2r/pp1n1ppp/2pb1n2/3p4/3P2b1/2N2NP1/PP2PPBP/R1BQ1RK1 w kq	1. Nf3 d5 2. g3 c6 3. Bg2 Bg4 4. O-O Nd7 5. d4 Ngf6 6. c4 e6 7. cxd5 exd5 8. Nc3 Bd6
A07	King's Indian Attack: Omega-Delta Gambit	4	rnbqkbnr/ppp2ppp/8/3pp3/8/5NP1/PPPPPP1P/RNBQKB1R w KQkq	1. Nf3 d5 2. g3 e5
A07	King's Indian Attack: Pachman System	10	rnbqk2r/ppp1npbp/6p1/3pp3/8/3P1NP1/PPP1PPBP/RNBQ1RK1 w kq	1. Nf3 d5 2. g3 g6 3. Bg2 Bg7 4. O-O e5 5. d3 Ne7
A07	King's Indian Attack: Sicilian Variation	4	rnbqkbnr/pp2pppp/8/2pp4/8/5NP1/PPPPPP1P/RNBQKB1R w KQkq	1. Nf3 d5 2. g3 c5
A07	King's Indian Attack: Yugoslav Variation	8	rn1qkb1r/pp2pppp/2p2n2/3p4/6b1/5NP1/PPPPPPBP/RNBQ1RK1 w kq	1. Nf3 Nf6 2. g3 d5 3. Bg2 c6 4. O-O Bg4
A07	King's Indian Attack: Yugoslav Variation	9	rnbqkb1r/p1p2ppp/1p2pn2/3p4/2P5/5NP1/PP1PPPBP/RNBQ1RK1 b kq	1. c4 e6 2. Nf3 d5 3. g3 Nf6 4. Bg2 b6 5. O-O
A08	King's Indian Attack: French Variation	6	r1bqkbnr/pp2pppp/2n5/2pp4/8/5NP1/PPPPPPBP/RNBQK2R w KQkq	1. Nf3 d5 2. g3 c5 3. Bg2 Nc6
A08	King's Indian Attack: Sicilian Variation	15	r1bq1rk1/pp2bppp/2n1pn2/2pp4/4P3/3P1NP1/PPPN1PBP/R1BQR1K1 b -	1. e4 e6 2. d3 d5 3. Nd2 Nf6 4. Ngf3 c5 5. g3 Nc6 6. Bg2 Be7 7. O-O O-O 8. Re1
A08	King's Indian Attack: Sicilian Variation	5	rnbqkbnr/pp2pppp/8/2pp4/8/5NP1/PPPPPPBP/RNBQK2R b KQkq	1. Nf3 d5 2. g3 c5 3. Bg2
A08	King's Indian Attack: Sicilian Variation	9	rnbqkb1r/pp3ppp/4pn2/2pp4/8/3P1NP1/PPP1PPBP/RNBQ1RK1 b kq	1. Nf3 d5 2. g3 c5 3. Bg2 Nf6 4. O-O e6 5. d3
A08	Zukertort Opening: Reversed Grünfeld	7	r1bqkbnr/pp2pppp/2n5/2pp4/3P4/5NP1/PPP1PPBP/RNBQK2R b KQkq	1. Nf3 d5 2. g3 c5 3. Bg2 Nc6 4. d4
A08	Zukertort Opening: Reversed Grünfeld	8	r1bqkb1r/pp2pppp/2n2n2/2pp4/3P4/5NP1/PPP1PPBP/RNBQK2R w KQkq	1. Nf3 d5 2. g3 c5 3. Bg2 Nc6 4. d4 Nf6
A08	Zukertort Opening: Reversed Grünfeld	9	r1bqkb1r/pp2pppp/2n2n2/2pp4/3P4/5NP1/PPP1PPBP/RNBQ1RK1 b kq	1. Nf3 d5 2. g3 c5 3. Bg2 Nc6 4. d4 Nf6 5. O-O
A08	Zukertort Opening: Reversed Grünfeld	9	r1bqkbnr/pp3ppp/2n1p3/2pp4/3P4/5NP1/PPP1PPBP/RNBQ1RK1 b kq	1. Nf3 d5 2. g3 c5 3. Bg2 Nc6 4. d4 e6 5. O-O
A09	Réti Opening	3	rnbqkbnr/ppp1pppp/8/3p4/2P5/5N2/PP1PPPPP/RNBQKB1R b KQkq	1. Nf3 d5 2. c4
A09	Réti Opening: Advance Variation	4	rnbqkbnr/ppp1pppp/8/8/2Pp4/5N2/PP1PPPPP/RNBQKB1R w KQkq	1. Nf3 d5 2. c4 d4
A09	Réti Opening: Advance Variation, Michel Gambit	6	rnbqkbnr/pp2pppp/8/2p5/1PPp4/5N2/P2PPPPP/RNBQKB1R w KQkq	1. Nf3 d5 2. c4 d4 3. b4 c5
A09	Réti Opening: Advance Variation, Navara Gambit	6	rnbqkbnr/ppp1pp1p/8/6p1/1PPp4/5N2/P2PPPPP/RNBQKB1R w KQkq	1. Nf3 d5 2. c4 d4 3. b4 g5
A09	Réti Opening: Penguin Variation	5	rnbqkbnr/ppp1pppp/8/8/2Pp4/5N2/PP1PPPPP/RNBQKBR1 b Qkq	1. Nf3 d5 2. c4 d4 3. Rg1
A09	Réti Opening: Reversed Blumenfeld Gambit	7	rnbqkbnr/pp2pppp/8/2p5/1PPp4/4PN2/P2P1PPP/RNBQKB1R b KQkq	1. Nf3 d5 2. c4 d4 3. e3 c5 4. b4
A09	Réti Opening: Réti Accepted	4	rnbqkbnr/ppp1pppp/8/8/2p5/5N2/PP1PPPPP/RNBQKB1R w KQkq	1. Nf3 d5 2. c4 dxc4
A09	Réti Opening: Réti Gambit, Keres Variation	6	rn1qkbnr/ppp1pppp/4b3/8/2p5/4PN2/PP1P1PPP/RNBQKB1R w KQkq	1. Nf3 d5 2. c4 dxc4 3. e3 Be6
A09	Réti Opening: Zilbermints Gambit	4	rnbqkbnr/p1p1pppp/8/1p1p4/2P5/5N2/PP1PPPPP/RNBQKB1R w KQkq	1. Nf3 d5 2. c4 b5
A10	English Opening	1	rnbqkbnr/pppppppp/8/8/2P5/8/PP1PPPPP/RNBQKBNR b KQkq	1. c4
A10	English Opening: Achilles-Omega Gambit	3	rnbqkb1r/pppppppp/5n2/8/2P1P3/8/PP1P1PPP/RNBQKBNR b KQkq	1. c4 Nf6 2. e4
A10	English Opening: Adorjan Defense	4	rnbqkbnr/pppp1p1p/6p1/4p3/2P1P3/8/PP1P1PPP/RNBQKBNR w KQkq	1. c4 g6 2. e4 e5
A10	English Opening: Anglo-Dutch Defense	2	rnbqkbnr/ppppp1pp/8/5p2/2P5/8/PP1PPPPP/RNBQKBNR w KQkq	1. c4 f5
A10	English Opening: Anglo-Dutch Defense, Hickmann Gambit	3	rnbqkbnr/ppppp1pp/8/5p2/2P1P3/8/PP1P1PPP/RNBQKBNR b KQkq	1. c4 f5 2. e4
A10	English Opening: Anglo-Dutch Variation, Chabanon Gambit	5	rnbqkbnr/ppp1p1pp/3p4/5p2/2P1P3/5N2/PP1P1PPP/RNBQKB1R b KQkq	1. c4 f5 2. Nf3 d6 3. e4
A10	English Opening: Anglo-Dutch Variation, Ferenc Gambit	5	rnbqkb1r/ppppp1pp/5n2/5p2/2P1P3/2N5/PP1P1PPP/R1BQKBNR b KQkq	1. c4 f5 2. Nc3 Nf6 3. e4
A10	English Opening: Anglo-Lithuanian Variation	2	r1bqkbnr/pppppppp/2n5/8/2P5/8/PP1PPPPP/RNBQKBNR w KQkq	1. c4 Nc6
A10	English Opening: Anglo-Scandinavian Defense	2	rnbqkbnr/ppp1pppp/8/3p4/2P5/8/PP1PPPPP/RNBQKBNR w KQkq	1. c4 d5
A10	English Opening: Anglo-Scandinavian Defense, Löhn Gambit	4	rnbqkbnr/ppp2ppp/4p3/3P4/8/8/PP1PPPPP/RNBQKBNR w KQkq	1. c4 d5 2. cxd5 e6
A10	English Opening: Anglo-Scandinavian Defense, Malvinas Variation	6	rnb1kbnr/ppp1pppp/8/q7/8/2N5/PP1PPPPP/R1BQKBNR w KQkq	1. c4 d5 2. cxd5 Qxd5 3. Nc3 Qa5
A10	English Opening: Anglo-Scandinavian Defense, Schulz Gambit	4	rnbqkb1r/ppp1pppp/5n2/3P4/8/8/PP1PPPPP/RNBQKBNR w KQkq	1. c4 d5 2. cxd5 Nf6
A10	English Opening: Great Snake Variation	2	rnbqkbnr/pppppp1p/6p1/8/2P5/8/PP1PPPPP/RNBQKBNR w KQkq	1. c4 g6
A10	English Opening: Jaenisch Gambit	2	rnbqkbnr/p1pppppp/8/1p6/2P5/8/PP1PPPPP/RNBQKBNR w KQkq	1. c4 b5
A10	English Opening: King's English Variation, Botvinnik System, Prickly Pawn Pass System	16	rnbq1rk1/1p3pbp/p1pp1np1/4p3/2P1P3/2NP2P1/PP2NPBP/R1BQ1RK1 w -	1. c4 g6 2. Nc3 Bg7 3. g3 Nf6 4. Bg2 O-O 5. e4 d6 6. Nge2 e5 7. O-O c6 8. d3 a6
A10	English Opening: Myers Defense	2	rnbqkbnr/pppppp1p/8/6p1/2P5/8/PP1PPPPP/RNBQKBNR w KQkq	1. c4 g5
A10	English Opening: Myers Gambit	4	rnbqk1nr/ppppppbp/8/6p1/2PP4/8/PP2PPPP/RNBQKBNR w KQkq	1. c4 g5 2. d4 Bg7
A10	English Opening: Porcupine Variation	7	rnbqkb1r/ppppp1pp/5n2/8/2P1p1P1/2N5/PP1P1P1P/R1BQKBNR b KQkq	1. c4 f5 2. Nc3 Nf6 3. e4 fxe4 4. g4
A10	English Opening: Wade Gambit	3	rnbqkbnr/ppppp1pp/8/5p2/2P3P1/8/PP1PPP1P/RNBQKBNR b KQkq	1. c4 f5 2. g4
A10	English Opening: Zilbermints Gambit	4	rnbqkbnr/pppp1p1p/8/4p1p1/2PP4/8/PP2PPPP/RNBQKBNR w KQkq	1. c4 g5 2. d4 e5
A11	English Opening: Caro-Kann Defensive System	2	rnbqkbnr/pp1ppppp/2p5/8/2P5/8/PP1PPPPP/RNBQKBNR w KQkq	1. c4 c6
A11	Réti Opening: Anglo-Slav Variation, Gurevich System	5	rnbqkbnr/pp2pppp/2p5/3p4/2P5/4PN2/PP1P1PPP/RNBQKB1R b KQkq	1. c4 c6 2. Nf3 d5 3. e3
A11	Réti Opening: Anglo-Slav Variation, Gurevich System	7	rnbqkb1r/pp2pppp/2p2n2/3p4/2P5/4PN2/PPQP1PPP/RNB1KB1R b KQkq	1. c4 c6 2. Nf3 d5 3. e3 Nf6 4. Qc2
A11	Réti Opening: Anglo-Slav Variation, Gurevich System	9	r1bqkb1r/pp1npppp/2p2n2/3p4/2P5/2N1PN2/PPQP1PPP/R1B1KB1R b KQkq	1. c4 c6 2. Nf3 d5 3. e3 Nf6 4. Nc3 Nbd7 5. Qc2
A11	Réti Opening: Anglo-Slav Variation, Gurevich System	10	r1bqkb1r/pp1n1ppp/2p2n2/3pp3/2P5/1PN1PN2/P2P1PPP/R1BQKB1R w KQkq	1. c4 c6 2. Nf3 d5 3. e3 Nf6 4. Nc3 Nbd7 5. b3 e5
A11	Réti Opening: Anglo-Slav Variation, Gurevich System	10	rnbqk2r/pp3ppp/2pbpn2/3p4/2P5/1PN1PN2/P2P1PPP/R1BQKB1R w KQkq	1. c4 c6 2. Nf3 d5 3. e3 Nf6 4. Nc3 e6 5. b3 Bd6
A11	Réti Opening: Anglo-Slav Variation, with g3	8	rnbqkb1r/pp2pp1p/2p2np1/3p4/2P5/1P3NP1/P2PPP1P/RNBQKB1R w KQkq	1. c4 c6 2. Nf3 d5 3. g3 Nf6 4. b3 g6
A11	Réti Opening: Anglo-Slav Variation, with g3	7	rnbqkb1r/pp2pppp/2p2n2/3p4/2P5/5NP1/PP1PPPBP/RNBQK2R b KQkq	1. c4 c6 2. Nf3 d5 3. g3 Nf6 4. Bg2
A11	Réti Opening: Anglo-Slav Variation, with g3	8	rnbqkb1r/pp2pppp/2p2n2/8/2p5/5NP1/PP1PPPBP/RNBQK2R w KQkq	1. c4 c6 2. Nf3 d5 3. g3 Nf6 4. Bg2 dxc4
A11	Réti Opening: Anglo-Slav Variation, with g3	8	rn1qkb1r/pp2pppp/2p2n2/3p1b2/2P5/5NP1/PP1PPPBP/RNBQK2R w KQkq	1. c4 c6 2. Nf3 d5 3. g3 Nf6 4. Bg2 Bf5
A11	Réti Opening: Anglo-Slav Variation, with g3	11	rn1qkb1r/pp3ppp/2p1pn2/3p1b2/2P5/3P1NP1/PP2PPBP/RNBQ1RK1 b kq	1. c4 c6 2. Nf3 d5 3. g3 Nf6 4. Bg2 Bf5 5. O-O e6 6. d3
A11	Réti Opening: Anglo-Slav Variation, with g3	12	rn1qkb1r/pp3pp1/2p1pn1p/3p1b2/2P5/3P1NP1/PP2PPBP/RNBQ1RK1 w kq	1. Nf3 Nf6 2. g3 d5 3. Bg2 c6 4. O-O Bf5 5. d3 h6 6. c4 e6
A12	Réti Opening: Anglo-Slav Variation	7	rnbqkb1r/pp2pppp/2p2n2/3p4/2P5/1P3NP1/P2PPP1P/RNBQKB1R b KQkq	1. c4 Nf6 2. g3 c6 3. Nf3 d5 4. b3
A12	Réti Opening: Anglo-Slav Variation, Bled Variation	8	rnbqkb1r/pp2pp1p/2p2np1/3p4/2P5/1P3N2/PB1PPPPP/RN1QKB1R w KQkq	1. Nf3 d5 2. b3 Nf6 3. Bb2 g6 4. c4 c6
A12	Réti Opening: Anglo-Slav Variation, Bogoljubow Variation	5	rnbqkbnr/pp2pppp/2p5/3p4/2P5/1P3N2/P2PPPPP/RNBQKB1R b KQkq	1. Nf3 d5 2. c4 c6 3. b3
A12	Réti Opening: Anglo-Slav Variation, Bogoljubow Variation	6	rn1qkbnr/pp2pppp/2p5/3p4/2P3b1/1P3N2/P2PPPPP/RNBQKB1R w KQkq	1. Nf3 d5 2. c4 c6 3. b3 Bg4
A12	Réti Opening: Anglo-Slav Variation, Bogoljubow Variation	6	rn1qkbnr/pp2pppp/2p5/3p1b2/2P5/1P3N2/P2PPPPP/RNBQKB1R w KQkq	1. Nf3 d5 2. c4 c6 3. b3 Bf5
A12	Réti Opening: Anglo-Slav Variation, Bogoljubow Variation	7	rn1qkbnr/pp2pppp/2p5/3p1b2/2P5/1P3N2/PB1PPPPP/RN1QKB1R b KQkq	1. Nf3 d5 2. c4 c6 3. b3 Bf5 4. Bb2
A12	Réti Opening: Anglo-Slav Variation, Capablanca Variation	8	rn1qkb1r/pp2pppp/2p2n2/3p4/2P3b1/1P3N2/PB1PPPPP/RN1QKB1R w KQkq	1. c4 Nf6 2. Nf3 c6 3. b3 d5 4. Bb2 Bg4
A12	Réti Opening: Anglo-Slav Variation, Capablanca Variation	9	rn1qkb1r/pp2pppp/2p2n2/3p4/2P3b1/1P2PN2/PB1P1PPP/RN1QKB1R b KQkq	1. c4 Nf6 2. Nf3 c6 3. b3 d5 4. Bb2 Bg4 5. e3
A12	Réti Opening: Anglo-Slav Variation, Capablanca Variation	9	rn1qkb1r/pp2pppp/2p2n2/3p4/2P3b1/1P1P1N2/PB2PPPP/RN1QKB1R b KQkq	1. c4 Nf6 2. Nf3 c6 3. b3 d5 4. Bb2 Bg4 5. d3
A12	Réti Opening: Anglo-Slav Variation, London Defensive System	8	rn1qkb1r/pp2pppp/2p2n2/3p1b2/2P5/1P3NP1/P2PPP1P/RNBQKB1R w KQkq	1. c4 Nf6 2. g3 c6 3. Nf3 d5 4. b3 Bf5
A12	Réti Opening: Anglo-Slav Variation, London Defensive System	9	rn1qkb1r/pp2pppp/2p2n2/3p1b2/2P5/1P3NP1/P2PPPBP/RNBQK2R b KQkq	1. c4 Nf6 2. g3 c6 3. Nf3 d5 4. b3 Bf5 5. Bg2
A12	Réti Opening: Anglo-Slav Variation, London Defensive System	11	rn1qkb1r/pp3ppp/2p1pn2/3p1b2/2P5/1P3NP1/PB1PPPBP/RN1QK2R b KQkq	1. c4 Nf6 2. g3 c6 3. Nf3 d5 4. b3 Bf5 5. Bg2 e6 6. Bb2
A12	Réti Opening: Anglo-Slav Variation, London Defensive System	9	rn1qkb1r/pp2pppp/2p2n2/3p1b2/2P5/1P3NP1/PB1PPP1P/RN1QKB1R b KQkq	1. c4 Nf6 2. g3 c6 3. Nf3 d5 4. b3 Bf5 5. Bb2
A12	Réti Opening: Anglo-Slav Variation, New York System	8	rn1qkb1r/pp2pppp/2p2n2/3p1b2/2P5/1P3N2/PB1PPPPP/RN1QKB1R w KQkq	1. Nf3 Nf6 2. c4 c6 3. b3 d5 4. Bb2 Bf5
A12	Réti Opening: Anglo-Slav Variation, New York System	9	rn1qkb1r/pp2pppp/2p2n2/3p1b2/2P5/1P2PN2/PB1P1PPP/RN1QKB1R b KQkq	1. Nf3 Nf6 2. c4 c6 3. b3 d5 4. Bb2 Bf5 5. e3
A12	Réti Opening: Anglo-Slav Variation, New York System	9	rn1qkb1r/pp2pppp/2p2n2/3p1b2/2P5/1P1P1N2/PB2PPPP/RN1QKB1R b KQkq	1. Nf3 Nf6 2. c4 c6 3. b3 d5 4. Bb2 Bf5 5. d3
A12	Réti Opening: Anglo-Slav Variation, Torre System	8	rn1qkb1r/pp2pppp/2p2n2/3p4/2P3b1/1P3NP1/P2PPP1P/RNBQKB1R w KQkq	1. c4 Nf6 2. g3 c6 3. Nf3 d5 4. b3 Bg4
A12	Réti Opening: Anglo-Slav Variation, Torre System	9	rn1qkb1r/pp2pppp/2p2n2/3p4/2P3b1/1P3NP1/P2PPPBP/RNBQK2R b KQkq	1. c4 Nf6 2. g3 c6 3. Nf3 d5 4. b3 Bg4 5. Bg2
A12	Réti Opening: Anglo-Slav Variation, Torre System	11	rn1qkb1r/pp3ppp/2p1pn2/3p4/2P3b1/1P3NP1/PB1PPPBP/RN1QK2R b KQkq	1. c4 Nf6 2. g3 c6 3. Nf3 d5 4. b3 Bg4 5. Bg2 e6 6. Bb2
A12	Réti Opening: Anglo-Slav Variation, Torre System	9	rn1qkb1r/pp2pppp/2p2n2/3p4/2P3b1/1P3NP1/PB1PPP1P/RN1QKB1R b KQkq	1. c4 Nf6 2. g3 c6 3. Nf3 d5 4. b3 Bg4 5. Bb2
A12	Réti Opening: Anglo-Slav Variation, with dxc4	8	rnbqkb1r/pp2pppp/2p2n2/8/2p5/1P3NP1/P2PPP1P/RNBQKB1R w KQkq	1. c4 Nf6 2. g3 c6 3. Nf3 d5 4. b3 dxc4
A13	English Opening: Agincourt Defense	2	rnbqkbnr/pppp1ppp/4p3/8/2P5/8/PP1PPPPP/RNBQKBNR w KQkq	1. c4 e6
A13	English Opening: Agincourt Defense	3	rnbqkbnr/pppp1ppp/4p3/8/2P5/5N2/PP1PPPPP/RNBQKB1R b KQkq	1. c4 e6 2. Nf3
A13	English Opening: Agincourt Defense	4	rnbqkbnr/ppp2ppp/4p3/3p4/2P5/5N2/PP1PPPPP/RNBQKB1R w KQkq	1. c4 e6 2. Nf3 d5
A13	English Opening: Agincourt Defense	10	rnbq1rk1/ppp1bppp/4pn2/3p4/2P5/1P2PN2/PB1P1PPP/RN1QKB1R w KQ	1. c4 e6 2. Nf3 d5 3. b3 Nf6 4. Bb2 Be7 5. e3 O-O
A13	English Opening: Agincourt Defense	11	rnbq1rk1/ppp1bppp/4pn2/3p4/2PP4/1P2PN2/PB3PPP/RN1QKB1R b KQ	1. c4 e6 2. Nf3 d5 3. b3 Nf6 4. Bb2 Be7 5. e3 O-O 6. d4
A13	English Opening: Agincourt Defense, Bogoljubow Defense	8	rnbqk2r/ppp2ppp/3bpn2/3p4/2P5/5NP1/PP1PPPBP/RNBQK2R w KQkq	1. c4 e6 2. Nf3 d5 3. g3 Nf6 4. Bg2 Bd6
A13	English Opening: Agincourt Defense, Catalan Defense	9	rn1qkbnr/pbp2ppp/1p2p3/3p4/2P5/5NP1/PP1PPPBP/RNBQ1RK1 b kq	1. c4 e6 2. Nf3 d5 3. g3 b6 4. Bg2 Bb7 5. O-O
A13	English Opening: Agincourt Defense, Catalan Defense	6	rnbqkbnr/pp3ppp/4p3/2pp4/2P5/5NP1/PP1PPP1P/RNBQKB1R w KQkq	1. c4 e6 2. Nf3 d5 3. g3 c5
A13	English Opening: Agincourt Defense, Catalan Defense Accepted	8	rnbqkb1r/ppp2ppp/4pn2/8/2p5/5NP1/PP1PPPBP/RNBQK2R w KQkq	1. c4 e6 2. Nf3 Nf6 3. g3 d5 4. Bg2 dxc4
A13	English Opening: Agincourt Defense, Catalan Defense, Semi-Slav Defense	8	rnbqkb1r/pp3ppp/2p1pn2/3p4/2P5/5NP1/PP1PPPBP/RNBQK2R w KQkq	1. c4 e6 2. Nf3 Nf6 3. g3 d5 4. Bg2 c6
A13	English Opening: Agincourt Defense, Kurajica Defense	6	rnbqkbnr/pp3ppp/2p1p3/3p4/2P5/5NP1/PP1PPP1P/RNBQKB1R w KQkq	1. c4 e6 2. Nf3 d5 3. g3 c6
A13	English Opening: Agincourt Defense, Tarrasch Defense	12	r1bqk2r/pp2bppp/2n1pn2/2pp4/2P5/1P3NP1/P2PPPBP/RNBQ1RK1 w kq	1. c4 e6 2. Nf3 d5 3. g3 Nf6 4. Bg2 c5 5. b3 Nc6 6. O-O Be7
A13	English Opening: Agincourt Defense, Wimpy System	9	rnbqkb1r/pp3ppp/4pn2/2pp4/2P5/1P2PN2/PB1P1PPP/RN1QKB1R b KQkq	1. c4 e6 2. Nf3 Nf6 3. b3 d5 4. Bb2 c5 5. e3
A13	English Opening: Neo-Catalan	6	rnbqkb1r/ppp2ppp/4pn2/3p4/2P5/5NP1/PP1PPP1P/RNBQKB1R w KQkq	1. c4 e6 2. Nf3 d5 3. g3 Nf6
A13	English Opening: Neo-Catalan Declined	8	rnbqk2r/ppp1bppp/4pn2/3p4/2P5/5NP1/PP1PPPBP/RNBQK2R w KQkq	1. c4 e6 2. Nf3 d5 3. g3 Nf6 4. Bg2 Be7
A13	English Opening: Romanishin Gambit	8	rnbqkb1r/2pp1ppp/p3pn2/1p6/2P5/5NP1/PP1PPPBP/RNBQK2R w KQkq	1. c4 Nf6 2. Nf3 e6 3. g3 a6 4. Bg2 b5
A14	English Opening: Agincourt Defense, Keres Defense	14	r1bqk2r/pp2bppp/2n1p3/2pn4/8/2N2NP1/PP1PPPBP/R1BQ1RK1 w kq	1. c4 e6 2. Nf3 d5 3. g3 Nf6 4. Bg2 Be7 5. O-O c5 6. cxd5 Nxd5 7. Nc3 Nc6
A14	English Opening: Agincourt Defense, Neo-Catalan Declined	9	rnbqk2r/ppp1bppp/4pn2/3p4/2P5/5NP1/PP1PPPBP/RNBQ1RK1 b kq	1. c4 e6 2. Nf3 d5 3. g3 Nf6 4. Bg2 Be7 5. O-O
A14	English Opening: Agincourt Defense, Neo-Catalan Declined	11	rnbq1rk1/ppp1bppp/4pn2/3p4/2P5/1P3NP1/P2PPPBP/RNBQ1RK1 b -	1. c4 e6 2. Nf3 d5 3. g3 Nf6 4. Bg2 Be7 5. O-O O-O 6. b3
A14	English Opening: Agincourt Defense, Neo-Catalan Declined	12	rnbq1rk1/pp2bppp/4pn2/2pp4/2P5/1P3NP1/P2PPPBP/RNBQ1RK1 w -	1. Nf3 d5 2. g3 Nf6 3. Bg2 e6 4. O-O Be7 5. c4 O-O 6. b3 c5
A14	English Opening: Agincourt Defense, Neo-Catalan Declined	13	rnbq1rk1/pp2bppp/4pn2/2pp4/2P5/1P2PNP1/P2P1PBP/RNBQ1RK1 b -	1. Nf3 d5 2. g3 Nf6 3. Bg2 e6 4. O-O Be7 5. c4 O-O 6. b3 c5 7. e3
A14	English Opening: Agincourt Defense, Neo-Catalan Declined	14	rnbq1rk1/pp2bppp/4pn2/2p5/2Pp4/1P2PNP1/P2P1PBP/RNBQ1RK1 w -	1. Nf3 d5 2. g3 Nf6 3. Bg2 e6 4. O-O Be7 5. c4 O-O 6. b3 c5 7. e3 d4
A14	English Opening: Agincourt Defense, Neo-Catalan Declined	14	r1bq1rk1/pp2bppp/2n1pn2/2pp4/2P5/1P2PNP1/P2P1PBP/RNBQ1RK1 w -	1. Nf3 d5 2. g3 Nf6 3. Bg2 e6 4. O-O Be7 5. c4 O-O 6. b3 c5 7. e3 Nc6
A14	English Opening: Agincourt Defense, Neo-Catalan Declined, Early b3	9	rnbqk2r/ppp1bppp/4pn2/3p4/2P5/1P3NP1/P2PPPBP/RNBQK2R b KQkq	1. c4 e6 2. Nf3 d5 3. g3 Nf6 4. Bg2 Be7 5. b3
A14	English Opening: Agincourt Defense, Neo-Catalan Declined, Early b3	10	rnbqk2r/p1p1bppp/1p2pn2/3p4/2P5/1P3NP1/P2PPPBP/RNBQK2R w KQkq	1. c4 e6 2. Nf3 d5 3. g3 Nf6 4. Bg2 Be7 5. b3 b6
A14	English Opening: Agincourt Defense, Neo-Catalan Declined, Early b3	10	rnbqk2r/pp2bppp/4pn2/2pp4/2P5/1P3NP1/P2PPPBP/RNBQK2R w KQkq	1. c4 e6 2. Nf3 d5 3. g3 Nf6 4. Bg2 Be7 5. b3 c5
A14	Réti Opening: Anglo-Slav Variation	11	rnbqk2r/pp2bppp/2p1pn2/3p4/2P5/1P3NP1/PB1PPPBP/RN1QK2R b KQkq	1. Nf3 d5 2. c4 c6 3. g3 Nf6 4. Bg2 e6 5. b3 Be7 6. Bb2
A14	Réti Opening: Anglo-Slav Variation, Bogoljubow Variation, Stonewall Line	13	rnbq1rk1/pp2bppp/2p1pn2/3p4/2P5/1P3NP1/PB1PPPBP/RN1Q1RK1 b -	1. Nf3 d5 2. c4 e6 3. g3 Nf6 4. Bg2 Be7 5. O-O O-O 6. b3 c6 7. Bb2
A15	English Opening: Anglo-Indian Defense	2	rnbqkb1r/pppppppp/5n2/8/2P5/8/PP1PPPPP/RNBQKBNR w KQkq	1. c4 Nf6
A15	English Opening: Anglo-Indian Defense, Anti-Anti-Grünfeld	7	rnbqk2r/ppppppbp/5np1/8/2P1P3/2N2N2/PP1P1PPP/R1BQKB1R b KQkq	1. c4 Nf6 2. Nc3 g6 3. Nf3 Bg7 4. e4
A15	English Opening: Anglo-Indian Defense, Grünfeld Formation	6	rnbqkb1r/ppp1pp1p/5np1/3p4/2P5/5NP1/PP1PPP1P/RNBQKB1R w KQkq	1. c4 Nf6 2. Nf3 g6 3. g3 d5
A15	English Opening: Anglo-Indian Defense, King's Indian Formation	4	rnbqkb1r/pppppp1p/5np1/8/2P5/5N2/PP1PPPPP/RNBQKB1R w KQkq	1. c4 Nf6 2. Nf3 g6
A15	English Opening: Anglo-Indian Defense, King's Indian Formation, Double Fianchetto	8	rn1qkb1r/pbpppp1p/1p3np1/8/2P5/5NP1/PP1PPPBP/RNBQK2R w KQkq	1. c4 Nf6 2. Nf3 g6 3. g3 b6 4. Bg2 Bb7
A15	English Opening: Anglo-Indian Defense, King's Knight Variation	3	rnbqkb1r/pppppppp/5n2/8/2P5/5N2/PP1PPPPP/RNBQKB1R b KQkq	1. c4 Nf6 2. Nf3
A15	English Opening: Anglo-Indian Defense, Old Indian Formation	4	rnbqkb1r/ppp1pppp/3p1n2/8/2P5/5N2/PP1PPPPP/RNBQKB1R w KQkq	1. c4 Nf6 2. Nf3 d6
A15	English Opening: Anglo-Indian Defense, Queen's Indian Formation	4	rnbqkb1r/p1pppppp/1p3n2/8/2P5/5N2/PP1PPPPP/RNBQKB1R w KQkq	1. c4 Nf6 2. Nf3 b6
A15	English Opening: Anglo-Indian Defense, Queen's Indian Formation	8	rn1qkb1r/pbpp1ppp/1p2pn2/8/2P5/5NP1/PP1PPPBP/RNBQK2R w KQkq	1. c4 e6 2. Nf3 Nf6 3. g3 b6 4. Bg2 Bb7
A15	English Opening: Anglo-Indian Defense, Romanishin Variation	6	rnbqkb1r/1ppp1ppp/p3pn2/8/2P5/5NP1/PP1PPP1P/RNBQKB1R w KQkq	1. c4 e6 2. Nf3 Nf6 3. g3 a6
A15	English Opening: Anglo-Indian Defense, Scandinavian Defense	4	rnbqkb1r/ppp1pppp/5n2/3p4/2P5/5N2/PP1PPPPP/RNBQKB1R w KQkq	1. c4 Nf6 2. Nf3 d5
A15	English Opening: Anglo-Indian Defense, Scandinavian Defense, Exchange Variation	6	rnbqkb1r/ppp1pppp/8/3n4/8/5N2/PP1PPPPP/RNBQKB1R w KQkq	1. c4 Nf6 2. Nf3 d5 3. cxd5 Nxd5
A15	English Opening: Anglo-Indian Defense, Slav Formation	6	rnbqkb1r/pp1ppp1p/2p2np1/8/2P5/5NP1/PP1PPP1P/RNBQKB1R w KQkq	1. c4 Nf6 2. Nf3 g6 3. g3 c6
A15	English Orangutan	3	rnbqkb1r/pppppppp/5n2/8/1PP5/8/P2PPPPP/RNBQKBNR b KQkq	1. c4 Nf6 2. b4
A15	English Orangutan	5	rnbqkb1r/pppppp1p/5np1/8/1PP5/5N2/P2PPPPP/RNBQKB1R b KQkq	1. c4 Nf6 2. Nf3 g6 3. b4
A16	English Opening: Anglo-Grünfeld Defense	4	rnbqkb1r/ppp1pppp/5n2/3p4/2P5/2N5/PP1PPPPP/R1BQKBNR w KQkq	1. c4 Nf6 2. Nc3 d5
A16	English Opening: Anglo-Grünfeld Defense, Korchnoi Variation	12	rnbqk2r/ppp2pbp/6p1/3np3/8/2N2NP1/PP1PPPBP/R1BQK2R w KQkq	1. c4 Nf6 2. Nc3 d5 3. cxd5 Nxd5 4. Nf3 g6 5. g3 Bg7 6. Bg2 e5
A16	English Opening: Anglo-Indian Defense, Anglo-Grünfeld Variation	7	rnbqkb1r/ppp1pppp/8/3n4/8/2N2N2/PP1PPPPP/R1BQKB1R b KQkq	1. c4 Nf6 2. Nc3 d5 3. cxd5 Nxd5 4. Nf3
A16	English Opening: Anglo-Indian Defense, Anglo-Grünfeld Variation	8	rnbqkb1r/ppp1pp1p/6p1/3n4/8/2N2N2/PP1PPPPP/R1BQKB1R w KQkq	1. c4 Nf6 2. Nc3 d5 3. cxd5 Nxd5 4. Nf3 g6
A16	English Opening: Anglo-Indian Defense, Anglo-Grünfeld Variation	10	rnbqkb1r/ppp1pp1p/1n4p1/8/8/2N3P1/PP1PPPBP/R1BQK1NR w KQkq	1. c4 Nf6 2. Nc3 d5 3. cxd5 Nxd5 4. g3 g6 5. Bg2 Nb6
A16	English Opening: Anglo-Indian Defense, Anglo-Grünfeld Variation	10	rnbqkb1r/ppp1pp1p/6p1/8/8/2n3P1/PP1PPPBP/R1BQK1NR w KQkq	1. c4 Nf6 2. Nc3 d5 3. cxd5 Nxd5 4. g3 g6 5. Bg2 Nxc3
A16	English Opening: Anglo-Indian Defense, Queen's Knight Variation	3	rnbqkb1r/pppppppp/5n2/8/2P5/2N5/PP1PPPPP/R1BQKBNR b KQkq	1. c4 Nf6 2. Nc3
A17	English Opening: Anglo-Indian Defense	10	rnbqkb1r/pp3ppp/4p3/2pn4/8/2N1PN2/PP1P1PPP/R1BQKB1R w KQkq	1. c4 Nf6 2. Nc3 d5 3. cxd5 Nxd5 4. Nf3 c5 5. e3 e6
A17	English Opening: Anglo-Indian Defense, Hedgehog System	4	rnbqkb1r/pppp1ppp/4pn2/8/2P5/2N5/PP1PPPPP/R1BQKBNR w KQkq	1. c4 Nf6 2. Nc3 e6
A17	English Opening: Anglo-Indian Defense, Nimzo-English	6	rnbqk2r/pppp1ppp/4pn2/8/1bP5/2N2N2/PP1PPPPP/R1BQKB1R w KQkq	1. c4 Nf6 2. Nc3 e6 3. Nf3 Bb4
A17	English Opening: Anglo-Indian Defense, Queen's Indian Formation	6	rnbqkb1r/p1pp1ppp/1p2pn2/8/2P5/2N2N2/PP1PPPPP/R1BQKB1R w KQkq	1. c4 e6 2. Nc3 Nf6 3. Nf3 b6
A17	English Opening: Anglo-Indian Defense, Queen's Indian Variation	9	rn1qkb1r/pbpp1ppp/1p2pn2/8/2P1P3/2NB1N2/PP1P1PPP/R1BQK2R b KQkq	1. c4 e6 2. Nc3 Nf6 3. Nf3 b6 4. e4 Bb7 5. Bd3
A17	English Opening: Anglo-Indian Defense, Zvjaginsev-Krasenkow Attack	7	rnbqk2r/pppp1ppp/4pn2/8/1bP3P1/2N2N2/PP1PPP1P/R1BQKB1R b KQkq	1. c4 e6 2. Nc3 Nf6 3. Nf3 Bb4 4. g4
A18	English Opening: Mikenas-Carls Variation	5	rnbqkb1r/pppp1ppp/4pn2/8/2P1P3/2N5/PP1P1PPP/R1BQKBNR b KQkq	1. c4 e6 2. Nc3 Nf6 3. e4
A18	English Opening: Mikenas-Carls Variation	6	r1bqkb1r/pppp1ppp/2n1pn2/8/2P1P3/2N5/PP1P1PPP/R1BQKBNR w KQkq	1. c4 e6 2. Nc3 Nf6 3. e4 Nc6
A18	English Opening: Mikenas-Carls Variation	7	rnbqkb1r/ppp2ppp/4pn2/3pP3/2P5/2N5/PP1P1PPP/R1BQKBNR b KQkq	1. c4 e6 2. Nc3 Nf6 3. e4 d5 4. e5
A19	English Opening: Anglo-Indian Defense, Flohr-Mikenas-Carls Variation, Nei Gambit	8	rnbqkbnr/pp1p1ppp/4p3/2p1P3/2P5/2N5/PP1P1PPP/R1BQKBNR w KQkq	1. c4 e6 2. Nc3 Nf6 3. e4 c5 4. e5 Ng8
A19	English Opening: Mikenas-Carls, Sicilian	6	rnbqkb1r/pp1p1ppp/4pn2/2p5/2P1P3/2N5/PP1P1PPP/R1BQKBNR w KQkq	1. c4 e6 2. Nc3 Nf6 3. e4 c5
A20	English Opening: Drill Variation	4	rnbqkbnr/pppp1pp1/8/4p2p/2P5/6P1/PP1PPP1P/RNBQKBNR w KQkq	1. c4 e5 2. g3 h5
A20	English Opening: King's English Variation	2	rnbqkbnr/pppp1ppp/8/4p3/2P5/8/PP1PPPPP/RNBQKBNR w KQkq	1. c4 e5
A20	English Opening: King's English Variation, Kahiko-Hula Gambit	7	rnbqkb1r/pppp1ppp/5n2/8/2P2p2/4PN2/PP1P2PP/RNBQKB1R b KQkq	1. c4 e5 2. e3 Nf6 3. f4 exf4 4. Nf3
A20	English Opening: King's English Variation, Nimzowitsch Variation	3	rnbqkbnr/pppp1ppp/8/4p3/2P5/5N2/PP1PPPPP/RNBQKB1R b KQkq	1. c4 e5 2. Nf3
A20	English Opening: King's English Variation, Nimzowitsch-Flohr Variation	4	rnbqkbnr/pppp1ppp/8/8/2P1p3/5N2/PP1PPPPP/RNBQKB1R w KQkq	1. c4 e5 2. Nf3 e4
A21	English Opening: King's English Variation	5	rnbqkbnr/ppp2ppp/3p4/4p3/2P5/2N2N2/PP1PPPPP/R1BQKB1R b KQkq	1. c4 e5 2. Nc3 d6 3. Nf3
A21	English Opening: King's English Variation, Keres Defense	6	rnbqkbnr/pp3ppp/2pp4/4p3/2P5/2N3P1/PP1PPP1P/R1BQKBNR w KQkq	1. c4 e5 2. Nc3 d6 3. g3 c6
A21	English Opening: King's English Variation, Kramnik-Shirov Counterattack	4	rnbqk1nr/pppp1ppp/8/4p3/1bP5/2N5/PP1PPPPP/R1BQKBNR w KQkq	1. c4 e5 2. Nc3 Bb4
A21	English Opening: King's English Variation, Reversed Sicilian	3	rnbqkbnr/pppp1ppp/8/4p3/2P5/2N5/PP1PPPPP/R1BQKBNR b KQkq	1. c4 e5 2. Nc3
A21	English Opening: King's English Variation, Smyslov Defense	6	rn1qkbnr/ppp2ppp/3p4/4p3/2P3b1/2N2N2/PP1PPPPP/R1BQKB1R w KQkq	1. c4 e5 2. Nc3 d6 3. Nf3 Bg4
A21	English Opening: King's English Variation, Troger Defense	8	r2qkbnr/ppp2ppp/2npb3/4p3/2P5/2N3P1/PP1PPPBP/R1BQK1NR w KQkq	1. c4 e5 2. Nc3 Nc6 3. g3 d6 4. Bg2 Be6
A22	English Opening: Carls-Bremen System	5	rnbqkb1r/pppp1ppp/5n2/4p3/2P5/2N3P1/PP1PPP1P/R1BQKBNR b KQkq	1. c4 e5 2. Nc3 Nf6 3. g3
A22	English Opening: King's English Variation, Adhiban Gambit	8	rnbqkb1r/pp1p1ppp/2p2n2/6N1/2P1p3/2N5/PP1PPPPP/R1BQKB1R w KQkq	1. c4 e5 2. Nc3 Nf6 3. Nf3 e4 4. Ng5 c6
A22	English Opening: King's English Variation, Bellon Gambit	8	rnbqkb1r/p1pp1ppp/5n2/1p4N1/2P1p3/2N5/PP1PPPPP/R1BQKB1R w KQkq	1. c4 e5 2. Nc3 Nf6 3. Nf3 e4 4. Ng5 b5
A22	English Opening: King's English Variation, Two Knights Variation	4	rnbqkb1r/pppp1ppp/5n2/4p3/2P5/2N5/PP1PPPPP/R1BQKBNR w KQkq	1. c4 e5 2. Nc3 Nf6
A22	English Opening: King's English Variation, Two Knights Variation, Reversed Dragon	6	rnbqkb1r/ppp2ppp/5n2/3pp3/2P5/2N3P1/PP1PPP1P/R1BQKBNR w KQkq	1. c4 e5 2. Nc3 Nf6 3. g3 d5
A22	English Opening: King's English Variation, Two Knights Variation, Smyslov System	6	rnbqk2r/pppp1ppp/5n2/4p3/1bP5/2N3P1/PP1PPP1P/R1BQKBNR w KQkq	1. c4 e5 2. Nc3 Nf6 3. g3 Bb4
A22	English Opening: King's English, Erbenheimer Gambit	8	rnbqkb1r/pppp1ppp/8/6N1/2P1p1n1/2N5/PP1PPPPP/R1BQKB1R w KQkq	1. c4 e5 2. Nc3 Nf6 3. Nf3 e4 4. Ng5 Ng4
A22	English Opening: King's English, Mazedonisch	5	rnbqkb1r/pppp1ppp/5n2/4p3/2P2P2/2N5/PP1PP1PP/R1BQKBNR b KQkq	1. c4 e5 2. Nc3 Nf6 3. f4
A23	English Opening: King's English Variation, Two Knights Variation, Keres Variation	6	rnbqkb1r/pp1p1ppp/2p2n2/4p3/2P5/2N3P1/PP1PPP1P/R1BQKBNR w KQkq	1. c4 e5 2. Nc3 Nf6 3. g3 c6
A23	English Opening: King's English Variation, Two Knights Variation, Keres Variation	8	rnbqk2r/pp1p1ppp/2p2n2/2b1p3/2P5/2N3P1/PP1PPPBP/R1BQK1NR w KQkq	1. c4 e5 2. Nc3 Nf6 3. g3 Bc5 4. Bg2 c6
A24	English Opening: King's English Variation, Two Knights Variation, Fianchetto Line	6	rnbqkb1r/pppp1p1p/5np1/4p3/2P5/2N3P1/PP1PPP1P/R1BQKBNR w KQkq	1. c4 e5 2. Nc3 Nf6 3. g3 g6
A25	English Opening: Closed, Taimanov Variation	10	r1bqk2r/pppp1pbp/2n3pn/4p3/2P5/2N3P1/PP1PPPBP/1RBQK1NR w Kkq	1. c4 e5 2. Nc3 Nc6 3. g3 g6 4. Rb1 Nh6 5. Bg2 Bg7
A25	English Opening: Closed, Taimanov Variation	12	r1bqk2r/ppp2pbp/2np2pn/4p3/2P5/2N1P1P1/PP1PNPBP/R1BQK2R w KQkq	1. c4 e5 2. Nc3 Nc6 3. g3 g6 4. Bg2 Bg7 5. e3 d6 6. Nge2 Nh6
A25	English Opening: King's English Variation, Bremen-Hort Variation	12	r2qk1nr/ppp2pbp/2npb1p1/4p3/2P5/2N1P1P1/PP1PNPBP/R1BQK2R w KQkq	1. c4 e5 2. Nc3 Nc6 3. g3 g6 4. Bg2 Bg7 5. e3 d6 6. Nge2 Be6
A25	English Opening: King's English Variation, Closed System	9	r1bqk1nr/pppp1pbp/2n3p1/4p3/2P5/2NP2P1/PP2PPBP/R1BQK1NR b KQkq	1. c4 e5 2. Nc3 Nc6 3. g3 g6 4. Bg2 Bg7 5. d3
A25	English Opening: King's English Variation, Hungarian Attack	9	r1bqk1nr/pppp1pbp/2n3p1/4p3/2P5/2N3P1/PP1PPPBP/1RBQK1NR b Kkq	1. c4 e5 2. Nc3 Nc6 3. g3 g6 4. Bg2 Bg7 5. Rb1
A25	English Opening: King's English Variation, Reversed Closed Sicilian	4	r1bqkbnr/pppp1ppp/2n5/4p3/2P5/2N5/PP1PPPPP/R1BQKBNR w KQkq	1. c4 e5 2. Nc3 Nc6
A25	English Opening: King's English Variation, Reversed Closed Sicilian	9	r1bqk2r/pppp1ppp/2n2n2/3Np3/1bP5/6P1/PP1PPPBP/R1BQK1NR b KQkq	1. c4 e5 2. g3 Nf6 3. Bg2 Nc6 4. Nc3 Bb4 5. Nd5
A25	English Opening: King's English Variation, Reversed Closed Sicilian	11	r1bqk2r/ppp2ppp/2np1n2/4p3/1bP1P3/2N3P1/PP1PNPBP/R1BQK2R b KQkq	1. c4 e5 2. g3 Nf6 3. Bg2 Nc6 4. Nc3 Bb4 5. e4 d6 6. Nge2
A25	English Opening: King's English Variation, Reversed Closed Sicilian	12	r2qk2r/ppp2ppp/2np1n2/4p3/1bP1P1b1/2N3P1/PP1PNPBP/R1BQK2R w KQkq	1. c4 e5 2. g3 Nf6 3. Bg2 Nc6 4. Nc3 Bb4 5. e4 d6 6. Nge2 Bg4
A25	English Opening: King's English Variation, Reversed Closed Sicilian	11	r1bq1rk1/pppp1ppp/2n2n2/4p3/1bP1P3/2N3P1/PP1PNPBP/R1BQK2R b KQ	1. c4 e5 2. Nc3 Nf6 3. g3 Bb4 4. e4 O-O 5. Nge2 Nc6 6. Bg2
A25	English Opening: King's English Variation, Taimanov Variation	8	r1bqk1nr/pppp1pbp/2n3p1/4p3/2P5/2N3P1/PP1PPPBP/R1BQK1NR w KQkq	1. c4 e5 2. Nc3 Nc6 3. g3 g6 4. Bg2 Bg7
A26	English Opening: King's English Variation, Botvinnik System	11	r1bqk1nr/ppp2pbp/2np2p1/4p3/2P1P3/2NP2P1/PP3PBP/R1BQK1NR b KQkq	1. c4 e5 2. Nc3 Nc6 3. g3 g6 4. Bg2 Bg7 5. d3 d6 6. e4
A26	English Opening: King's English Variation, Closed System, Full Symmetry	10	r1bqk1nr/ppp2pbp/2np2p1/4p3/2P5/2NP2P1/PP2PPBP/R1BQK1NR w KQkq	1. c4 e5 2. Nc3 Nc6 3. g3 g6 4. Bg2 Bg7 5. d3 d6
A27	English Opening: King's English Variation, Three Knights System	5	r1bqkbnr/pppp1ppp/2n5/4p3/2P5/2N2N2/PP1PPPPP/R1BQKB1R b KQkq	1. c4 e5 2. Nc3 Nc6 3. Nf3
A28	English Opening: Four Knights System, Nimzowitsch Variation	7	r1bqkb1r/pppp1ppp/2n2n2/4p3/2P1P3/2N2N2/PP1P1PPP/R1BQKB1R b KQkq	1. c4 e5 2. Nc3 Nf6 3. Nf3 Nc6 4. e4
A28	English Opening: King's English Variation, Four Knights Variation	6	r1bqkb1r/pppp1ppp/2n2n2/4p3/2P5/2N2N2/PP1PPPPP/R1BQKB1R w KQkq	1. c4 e5 2. Nc3 Nf6 3. Nf3 Nc6
A28	English Opening: King's English Variation, Four Knights Variation	16	r1bqk2r/pppp1pp1/5n1p/4n3/2PN3B/2P5/P3PPPP/R2QKB1R w KQkq	1. c4 e5 2. Nc3 Nf6 3. Nf3 Nc6 4. d4 exd4 5. Nxd4 Bb4 6. Bg5 h6 7. Bh4 Bxc3+ 8. bxc3 Ne5
A28	English Opening: King's English Variation, Four Knights Variation, Bradley Beach Variation	8	r1bqkb1r/pppp1ppp/2n2n2/8/2PPp3/2N2N2/PP2PPPP/R1BQKB1R w KQkq	1. c4 e5 2. Nc3 Nf6 3. Nf3 Nc6 4. d4 e4
A28	English Opening: King's English Variation, Four Knights Variation, Flexible Line	7	r1bqkb1r/pppp1ppp/2n2n2/4p3/2P5/2NP1N2/PP2PPPP/R1BQKB1R b KQkq	1. c4 e5 2. Nc3 Nf6 3. Nf3 Nc6 4. d3
A28	English Opening: King's English Variation, Four Knights Variation, Korchnoi Line	7	r1bqkb1r/pppp1ppp/2n2n2/4p3/2P5/P1N2N2/1P1PPPPP/R1BQKB1R b KQkq	1. c4 e5 2. Nc3 Nf6 3. Nf3 Nc6 4. a3
A28	English Opening: King's English Variation, Four Knights Variation, Quiet Line	7	r1bqkb1r/pppp1ppp/2n2n2/4p3/2P5/2N1PN2/PP1P1PPP/R1BQKB1R b KQkq	1. c4 e5 2. Nc3 Nf6 3. Nf3 Nc6 4. e3
A28	English Opening: King's English Variation, Four Knights Variation, Quiet Line	10	r1bqk2r/pppp1ppp/2n2n2/4p3/2P5/2b1PN2/PPQP1PPP/R1B1KB1R w KQkq	1. c4 e5 2. Nc3 Nf6 3. Nf3 Nc6 4. e3 Bb4 5. Qc2 Bxc3
A28	English Opening: King's English Variation, Four Knights Variation, Quiet Line	13	r1bqr1k1/pppp1ppp/2n2n2/3NpQ2/1bP5/4PN2/PP1P1PPP/R1B1KB1R b KQ	1. c4 e5 2. Nc3 Nf6 3. Nf3 Nc6 4. e3 Bb4 5. Qc2 O-O 6. Nd5 Re8 7. Qf5
A29	English Opening: King's English Variation, Four Knights Variation, Fianchetto Line	7	r1bqkb1r/pppp1ppp/2n2n2/4p3/2P5/2N2NP1/PP1PPP1P/R1BQKB1R b KQkq	1. c4 e5 2. Nc3 Nf6 3. Nf3 Nc6 4. g3
A29	English Opening: King's English Variation, Four Knights Variation, Fianchetto Line	8	r1bqk2r/pppp1ppp/2n2n2/4p3/1bP5/2N2NP1/PP1PPP1P/R1BQKB1R w KQkq	1. c4 e5 2. Nc3 Nf6 3. Nf3 Nc6 4. g3 Bb4
A29	English Opening: King's English Variation, Four Knights Variation, Fianchetto Line	14	r1bq1rk1/ppp2ppp/2np1n2/4p3/2P5/2P2NP1/PP2PPBP/R1BQ1RK1 w -	1. c4 e5 2. Nc3 Nf6 3. Nf3 Nc6 4. g3 Bb4 5. Bg2 Bxc3 6. dxc3 d6 7. O-O O-O
A29	English Opening: King's English Variation, Four Knights Variation, Fianchetto Line	10	r1bqkb1r/ppp2ppp/2n5/3np3/8/5NP1/PP1PPPBP/RNBQK2R w KQkq	1. c4 e5 2. g3 Nf6 3. Bg2 d5 4. cxd5 Nxd5 5. Nf3 Nc6
A29	English Opening: King's English Variation, Four Knights Variation, Fianchetto Line	11	r1bqkb1r/ppp2ppp/2n5/3np3/8/3P1NP1/PP2PPBP/RNBQK2R b KQkq	1. c4 e5 2. g3 Nf6 3. Bg2 d5 4. cxd5 Nxd5 5. Nf3 Nc6 6. d3
A29	English Opening: King's English Variation, Four Knights Variation, Fianchetto Line	14	r1bq1rk1/ppp1bppp/2n5/3np3/8/3P1NP1/PP2PPBP/RNBQ1RK1 w -	1. c4 e5 2. g3 Nf6 3. Bg2 d5 4. cxd5 Nxd5 5. Nf3 Nc6 6. d3 Be7 7. O-O O-O
A29	English Opening: King's English Variation, Four Knights Variation, Fianchetto Line, Delayed .. Nc6	14	r1bqr1k1/pppp1ppp/2n2n2/8/1bPNp3/2N3P1/PP1PPPBP/R1BQ1RK1 w -	1. c4 e5 2. Nc3 Nf6 3. g3 Bb4 4. Bg2 O-O 5. Nf3 Re8 6. O-O e4 7. Nd4 Nc6
A29	English Opening: King's English Variation, Four Knights Variation, Fianchetto Line, with .. d6	11	r1bqk2r/ppp2ppp/2np1n2/2b1p3/2P5/2NP1NP1/PP2PPBP/R1BQK2R b KQkq	1. c4 e5 2. Nc3 Nf6 3. Nf3 Nc6 4. g3 Bc5 5. d3 d6 6. Bg2
A29	English Opening: King's English Variation, Four Knights Variation, Fianchetto Line, with .. d6	13	r1bq1rk1/ppp2ppp/2np1n2/2b1p3/2P5/2NP1NP1/PP2PPBP/R1BQ1RK1 b -	1. c4 e5 2. Nc3 Nf6 3. Nf3 Nc6 4. g3 Bc5 5. d3 d6 6. Bg2 O-O 7. O-O
A29	English Opening: King's English Variation, Four Knights Variation, Fianchetto Line, with .. d6, Be7	12	r1bq1rk1/ppp1bppp/2np1n2/4p3/2P5/2NP1NP1/PP2PPBP/R1BQK2R w KQ	1. c4 e5 2. Nc3 Nf6 3. g3 Nc6 4. Bg2 d6 5. d3 Be7 6. Nf3 O-O
A29	English Opening: King's English Variation, Four Knights Variation, Fianchetto Line, with .. d6, a6	12	r1bqk2r/1pp2ppp/p1np1n2/2b1p3/2P5/2NP1NP1/PP2PPBP/R1BQK2R w KQkq	1. c4 e5 2. Nc3 Nf6 3. Nf3 Nc6 4. g3 Bc5 5. d3 d6 6. Bg2 a6
A29	English Opening: King's English Variation, Four Knights Variation, Fianchetto Line, with .. d6, h6	12	r1bqk2r/ppp2pp1/2np1n1p/2b1p3/2P5/2NP1NP1/PP2PPBP/R1BQK2R w KQkq	1. c4 e5 2. Nc3 Nf6 3. Nf3 Nc6 4. g3 Bc5 5. d3 d6 6. Bg2 h6
A29	English Opening: King's English Variation, Four Knights Variation, Fianchetto Line, with Bc5	12	r1bqk2r/ppp2ppp/2n5/2bnp3/8/2N2NP1/PP1PPPBP/R1BQK2R w KQkq	1. c4 e5 2. Nc3 Nf6 3. Nf3 Nc6 4. g3 d5 5. cxd5 Nxd5 6. Bg2 Bc5
A29	English Opening: King's English Variation, Four Knights Variation, Fianchetto Line, with Nb6	12	r1bqkb1r/ppp2ppp/1nn5/4p3/8/2N2NP1/PP1PPPBP/R1BQK2R w KQkq	1. c4 e5 2. Nc3 Nf6 3. Nf3 Nc6 4. g3 d5 5. cxd5 Nxd5 6. Bg2 Nb6
A30	English Opening: Symmetrical Variation	2	rnbqkbnr/pp1ppppp/8/2p5/2P5/8/PP1PPPPP/RNBQKBNR w KQkq	1. c4 c5
A30	English Opening: Symmetrical Variation	3	rnbqkbnr/pp1ppppp/8/2p5/2P5/5N2/PP1PPPPP/RNBQKB1R b KQkq	1. c4 c5 2. Nf3
A30	English Opening: Symmetrical Variation, Hedgehog Defense	12	rn1qk2r/pb1pbppp/1p2pn2/2p5/2P5/2N2NP1/PP1PPPBP/R1BQ1RK1 w kq	1. c4 e6 2. Nf3 Nf6 3. Nc3 c5 4. g3 b6 5. Bg2 Bb7 6. O-O Be7
A30	English Opening: Symmetrical Variation, Napolitano Gambit	5	rnbqkb1r/pp1ppppp/5n2/2p5/1PP5/5N2/P2PPPPP/RNBQKB1R b KQkq	1. c4 c5 2. Nf3 Nf6 3. b4
A30	English Opening: Symmetrical, Hedgehog, Flexible Formation	20	r2qk2r/1b1nbppp/pp1ppn2/8/2PQ4/1PN2NP1/P3PPBP/R1BR2K1 w kq	1. c4 e6 2. Nf3 c5 3. Nc3 Nf6 4. g3 b6 5. Bg2 Bb7 6. O-O Be7 7. d4 cxd4 8. Qxd4 d6 9. Rd1 a6 10. b3 Nbd7
A30	English Opening: Wing Gambit	3	rnbqkbnr/pp1ppppp/8/2p5/1PP5/8/P2PPPPP/RNBQKBNR b KQkq	1. c4 c5 2. b4
A31	English Opening: Symmetrical Variation, Anti-Benoni Variation	5	rnbqkb1r/pp1ppppp/5n2/2p5/2PP4/5N2/PP2PPPP/RNBQKB1R b KQkq	1. c4 Nf6 2. d4 c5 3. Nf3
A32	English Opening: Symmetrical Variation, Anti-Benoni Variation, Spielmann Defense	8	rnbqkb1r/pp1p1ppp/4pn2/8/2PN4/8/PP2PPPP/RNBQKB1R w KQkq	1. c4 e6 2. d4 c5 3. Nf3 cxd4 4. Nxd4 Nf6
A33	English Opening: Symmetrical Variation, Anti-Benoni Variation, Geller Variation	12	r1b1kb1r/pp1p1ppp/1qn1pn2/8/2PN4/2N3P1/PP2PP1P/R1BQKB1R w KQkq	1. c4 e6 2. Nf3 Nf6 3. Nc3 c5 4. d4 Nc6 5. g3 cxd4 6. Nxd4 Qb6
A33	English Opening: Symmetrical Variation, Anti-Benoni Variation, Spielmann Defense	10	r1bqkb1r/pp1p1ppp/2n1pn2/8/2PN4/2N5/PP2PPPP/R1BQKB1R w KQkq	1. c4 e6 2. Nf3 Nf6 3. Nc3 c5 4. d4 cxd4 5. Nxd4 Nc6
A34	English Opening: Symmetrical Variation	10	r1bqkb1r/pp2pppp/2n2n2/3p4/2Pp4/2N2NP1/PP2PP1P/R1BQKB1R w KQkq	1. c4 c5 2. Nf3 Nf6 3. Nc3 Nc6 4. g3 d5 5. d4 cxd4
A34	English Opening: Symmetrical Variation, Fianchetto Variation	5	rnbqkb1r/pp1ppppp/5n2/2p5/2P5/2N3P1/PP1PPP1P/R1BQKBNR b KQkq	1. c4 Nf6 2. Nc3 c5 3. g3
A34	English Opening: Symmetrical Variation, Normal Variation	3	rnbqkbnr/pp1ppppp/8/2p5/2P5/2N5/PP1PPPPP/R1BQKBNR b KQkq	1. c4 c5 2. Nc3
A34	English Opening: Symmetrical Variation, Rubinstein Variation	10	rnbqkb1r/ppn1pppp/8/2p5/8/2N3P1/PP1PPPBP/R1BQK1NR w KQkq	1. c4 Nf6 2. Nc3 c5 3. g3 d5 4. cxd5 Nxd5 5. Bg2 Nc7
A34	English Opening: Symmetrical Variation, Rubinstein Variation	12	r1bqkb1r/ppn1pppp/2n5/2p5/8/2N2NP1/PP1PPPBP/R1BQK2R w KQkq	1. c4 c5 2. Nf3 Nf6 3. Nc3 d5 4. cxd5 Nxd5 5. g3 Nc6 6. Bg2 Nc7
A34	English Opening: Symmetrical Variation, Three Knights Variation	5	rnbqkb1r/pp1ppppp/5n2/2p5/2P5/2N2N2/PP1PPPPP/R1BQKB1R b KQkq	1. c4 c5 2. Nc3 Nf6 3. Nf3
A35	English Opening: Symmetrical Variation	6	rnbqkb1r/pp1p1ppp/5n2/2p1p3/2P5/2N2N2/PP1PPPPP/R1BQKB1R w KQkq	1. c4 c5 2. Nc3 Nf6 3. Nf3 e5
A35	English Opening: Symmetrical Variation, Four Knights Variation	6	r1bqkb1r/pp1ppppp/2n2n2/2p5/2P5/2N2N2/PP1PPPPP/R1BQKB1R w KQkq	1. c4 c5 2. Nf3 Nf6 3. Nc3 Nc6
A35	English Opening: Symmetrical Variation, Four Knights Variation, Keres-Parma System	8	r1bqkb1r/pp1p1ppp/2n1pn2/2p5/2P5/2N2NP1/PP1PPP1P/R1BQKB1R w KQkq	1. c4 c5 2. Nf3 Nf6 3. Nc3 Nc6 4. g3 e6
A35	English Opening: Symmetrical Variation, Two Knights Variation	4	r1bqkbnr/pp1ppppp/2n5/2p5/2P5/2N5/PP1PPPPP/R1BQKBNR w KQkq	1. c4 c5 2. Nc3 Nc6
A36	English Opening: Symmetrical Variation, Botvinnik System	9	r1bqk1nr/pp1pppbp/2n3p1/2p5/2P1P3/2N3P1/PP1P1PBP/R1BQK1NR b KQkq	1. c4 c5 2. e4 Nc6 3. Nc3 g6 4. g3 Bg7 5. Bg2
A36	English Opening: Symmetrical Variation, Botvinnik System Reversed, with e3	10	r1bqk1nr/pp1p1pbp/2n3p1/2p1p3/2P5/2N1P1P1/PP1P1PBP/R1BQK1NR w KQkq	1. c4 c5 2. Nc3 Nc6 3. g3 g6 4. Bg2 Bg7 5. e3 e5
A36	English Opening: Symmetrical Variation, Two Knights, Fianchetto Variation	5	r1bqkbnr/pp1ppppp/2n5/2p5/2P5/2N3P1/PP1PPP1P/R1BQKBNR b KQkq	1. c4 c5 2. Nc3 Nc6 3. g3
A36	English Opening: Symmetrical Variation, Ultra-Symmetrical Variation	8	r1bqk1nr/pp1pppbp/2n3p1/2p5/2P5/2N3P1/PP1PPPBP/R1BQK1NR w KQkq	1. c4 c5 2. g3 g6 3. Bg2 Bg7 4. Nc3 Nc6
A37	English Opening: Symmetrical Variation, Botvinnik System Reversed, with Nf3	10	r1bqk1nr/pp1p1pbp/2n3p1/2p1p3/2P5/2N2NP1/PP1PPPBP/R1BQK2R w KQkq	1. c4 c5 2. Nc3 Nc6 3. g3 g6 4. Bg2 Bg7 5. Nf3 e5
A37	English Opening: Symmetrical Variation, Botvinnik System Reversed, with Nf3	12	r1bqk1nr/pp3pbp/2np2p1/2p1p3/2P5/2N2NP1/PP1PPPBP/R1BQ1RK1 w kq	1. c4 c5 2. Nc3 Nc6 3. g3 g6 4. Bg2 Bg7 5. Nf3 e5 6. O-O d6
A37	English Opening: Symmetrical Variation, Botvinnik System Reversed, with Nf3	12	r1bqk2r/pp1pnpbp/2n3p1/2p1p3/2P5/2N2NP1/PP1PPPBP/R1BQ1RK1 w kq	1. c4 c5 2. Nc3 Nc6 3. g3 g6 4. Bg2 Bg7 5. Nf3 e5 6. O-O Nge7
A37	English Opening: Symmetrical Variation, Botvinnik System Reversed, with Nf3	13	r1bqk2r/pp1pnpbp/2n3p1/2p1p3/2P5/P1N2NP1/1P1PPPBP/R1BQ1RK1 b kq	1. c4 c5 2. Nc3 Nc6 3. g3 g6 4. Bg2 Bg7 5. Nf3 e5 6. O-O Nge7 7. a3
A37	English Opening: Symmetrical Variation, Botvinnik System Reversed, with Nf3	13	r1bqk2r/pp1pnpbp/2n3p1/2p1p3/2P5/2NP1NP1/PP2PPBP/R1BQ1RK1 b kq	1. c4 c5 2. Nc3 Nc6 3. g3 g6 4. Bg2 Bg7 5. Nf3 e5 6. O-O Nge7 7. d3
A37	English Opening: Symmetrical Variation, Botvinnik System Reversed, with Nf3	14	r1bqk2r/pp2npbp/2np2p1/2p1p3/2P5/2NP1NP1/PP2PPBP/R1BQ1RK1 w kq	1. c4 c5 2. Nc3 Nc6 3. g3 g6 4. Bg2 Bg7 5. Nf3 e5 6. O-O Nge7 7. d3 d6
A37	English Opening: Symmetrical Variation, Three Knights, Fianchetto Variation	9	r1bqk1nr/pp1pppbp/2n3p1/2p5/2P5/2N2NP1/PP1PPPBP/R1BQK2R b KQkq	1. c4 c5 2. Nc3 Nc6 3. g3 g6 4. Bg2 Bg7 5. Nf3
A37	English Opening: Symmetrical Variation, Three Knights, Fianchetto Variation	11	r1bqk1nr/pp2ppbp/2np2p1/2p5/2P5/2N2NP1/PP1PPPBP/R1BQ1RK1 b kq	1. c4 c5 2. Nf3 Nc6 3. g3 g6 4. Bg2 Bg7 5. O-O d6 6. Nc3
A37	English Opening: Symmetrical Variation, Three Knights, Fianchetto Variation	11	r1bqk1nr/pp1p1pbp/2n1p1p1/2p5/2P5/2N2NP1/PP1PPPBP/R1BQ1RK1 b kq	1. c4 c5 2. Nf3 Nc6 3. g3 g6 4. Bg2 Bg7 5. O-O e6 6. Nc3
A38	English Opening: Symmetrical Variation, Double Fianchetto	13	r1bq1rk1/pp1pppbp/2n2np1/2p5/2P5/1PN2NP1/P2PPPBP/R1BQ1RK1 b -	1. c4 c5 2. Nc3 Nc6 3. g3 g6 4. Bg2 Bg7 5. Nf3 Nf6 6. O-O O-O 7. b3
A38	English Opening: Symmetrical Variation, Duchamp Variation	13	r1bq1rk1/pp1pppbp/2n2np1/2p5/2P5/2NP1NP1/PP2PPBP/R1BQ1RK1 b -	1. c4 Nf6 2. Nf3 g6 3. g3 Bg7 4. Bg2 O-O 5. O-O c5 6. Nc3 Nc6 7. d3
A38	English Opening: Symmetrical Variation, Full Symmetry Line	10	r1bqk2r/pp1pppbp/2n2np1/2p5/2P5/2N2NP1/PP1PPPBP/R1BQK2R w KQkq	1. c4 Nf6 2. Nf3 c5 3. Nc3 Nc6 4. g3 g6 5. Bg2 Bg7
A39	English Opening: Symmetrical Variation, Mecking Variation	13	r1bq1rk1/pp1pppbp/2n2np1/2p5/2PP4/2N2NP1/PP2PPBP/R1BQ1RK1 b -	1. c4 Nf6 2. Nf3 c5 3. Nc3 Nc6 4. g3 g6 5. Bg2 Bg7 6. O-O O-O 7. d4
A40	Australian Defense	2	r1bqkbnr/pppppppp/n7/8/3P4/8/PPP1PPPP/RNBQKBNR w KQkq	1. d4 Na6
A40	Benoni Defense: Franco-Sicilian Hybrid	14	rnbqk2r/pp2npbp/3p2p1/2pP4/4P3/2N2N2/PP3PPP/R1BQKB1R w KQkq	1. d4 e6 2. c4 c5 3. d5 exd5 4. cxd5 d6 5. Nc3 g6 6. e4 Bg7 7. Nf3 Ne7
A40	Borg Defense: Borg Gambit	2	rnbqkbnr/pppppp1p/8/6p1/3P4/8/PPP1PPPP/RNBQKBNR w KQkq	1. d4 g5
A40	Colle System: Pterodactyl Variation	8	rnb1k1nr/pp1pppbp/6p1/q1p5/3P4/3BPN2/PPP2PPP/RNBQK2R w KQkq	1. d4 g6 2. Nf3 Bg7 3. e3 c5 4. Bd3 Qa5+
A40	Colle System: Siroccopteryx Variation	10	rnb1k1nr/pp1pppbp/6p1/q7/3N4/3BP3/PPP2PPP/RNBQK2R w KQkq	1. d4 g6 2. Nf3 Bg7 3. e3 c5 4. Bd3 cxd4 5. Nxd4 Qa5+
A40	English Defense	2	rnbqkbnr/p1pppppp/1p6/8/3P4/8/PPP1PPPP/RNBQKBNR w KQkq	1. d4 b6
A40	English Defense	4	rnbqkbnr/p1pp1ppp/1p2p3/8/2PP4/8/PP2PPPP/RNBQKBNR w KQkq	1. d4 e6 2. c4 b6
A40	English Defense: Eastbourne Gambit	6	rn1qkbnr/pbpp1ppp/1p6/4p3/2PP4/2N5/PP2PPPP/R1BQKBNR w KQkq	1. d4 b6 2. c4 Bb7 3. Nc3 e5
A40	English Defense: Hartlaub Gambit Accepted	10	rn1qkb1r/pbpp2pp/1p2pn2/5P2/2PP4/2N5/PP3PPP/R1BQKBNR w KQkq	1. c4 e6 2. d4 b6 3. Nc3 Bb7 4. e4 f5 5. exf5 Nf6
A40	English Defense: Hartlaub Gambit Declined	9	rn1qkbnr/pbpp2pp/1p2p3/3P1p2/2P1P3/2N5/PP3PPP/R1BQKBNR b KQkq	1. c4 e6 2. d4 b6 3. Nc3 Bb7 4. e4 f5 5. d5
A40	English Defense: Perrin Variation	8	r2qkbnr/pbpp1ppp/1pn1p3/8/2PPP3/3B4/PP3PPP/RNBQK1NR w KQkq	1. d4 e6 2. c4 b6 3. e4 Bb7 4. Bd3 Nc6
A40	English Defense: Poli Gambit	10	rn1qkb1r/pbpp2pp/1p2p2n/5P2/2PP4/5P2/PP4PP/RNBQKBNR w KQkq	1. d4 e6 2. c4 b6 3. e4 Bb7 4. f3 f5 5. exf5 Nh6
A40	Englund Gambit	2	rnbqkbnr/pppp1ppp/8/4p3/3P4/8/PPP1PPPP/RNBQKBNR w KQkq	1. d4 e5
A40	Englund Gambit Declined	3	rnbqkbnr/pppp1ppp/8/3Pp3/8/8/PPP1PPPP/RNBQKBNR b KQkq	1. d4 e5 2. d5
A40	Englund Gambit Declined: Diemer Counterattack	6	rnb1k1nr/pppp1ppp/8/2bPp3/4P2q/8/PPP2PPP/RNBQKBNR w KQkq	1. d4 e5 2. d5 Bc5 3. e4 Qh4
A40	Englund Gambit Declined: Reversed Alekhine	3	rnbqkbnr/pppp1ppp/8/4p3/3P4/5N2/PPP1PPPP/RNBQKB1R b KQkq	1. d4 e5 2. Nf3
A40	Englund Gambit Declined: Reversed Brooklyn	5	rnbqkbnr/pppp1ppp/8/8/3Pp3/8/PPP1PPPP/RNBQKBNR b KQkq	1. d4 e5 2. Nf3 e4 3. Ng1
A40	Englund Gambit Declined: Reversed French	3	rnbqkbnr/pppp1ppp/8/4p3/3P4/4P3/PPP2PPP/RNBQKBNR b KQkq	1. d4 e5 2. e3
A40	Englund Gambit Declined: Reversed Krebs	4	rnbqkbnr/pppp1ppp/8/8/3Pp3/5N2/PPP1PPPP/RNBQKB1R w KQkq	1. d4 e5 2. Nf3 e4
A40	Englund Gambit Declined: Reversed Mokele Mbembe	5	rnbqkbnr/pppp1ppp/8/4N3/3Pp3/8/PPP1PPPP/RNBQKB1R b KQkq	1. d4 e5 2. Nf3 e4 3. Ne5
A40	Englund Gambit: Felbecker Gambit	6	r1bqk1nr/pppp1ppp/2n5/2b1P3/8/5N2/PPP1PPPP/RNBQKB1R w KQkq	1. d4 e5 2. dxe5 Nc6 3. Nf3 Bc5
A40	Englund Gambit: Hartlaub-Charlick Gambit	4	rnbqkbnr/ppp2ppp/3p4/4P3/8/8/PPP1PPPP/RNBQKBNR w KQkq	1. d4 e5 2. dxe5 d6
A40	Englund Gambit: Main Line	6	r1b1kbnr/ppppqppp/2n5/4P3/8/5N2/PPP1PPPP/RNBQKB1R w KQkq	1. d4 e5 2. dxe5 Nc6 3. Nf3 Qe7
A40	Englund Gambit: Mosquito Gambit	4	rnb1kbnr/pppp1ppp/8/4P3/7q/8/PPP1PPPP/RNBQKBNR w KQkq	1. d4 e5 2. dxe5 Qh4
A40	Englund Gambit: Soller Gambit	4	rnbqkbnr/pppp2pp/5p2/4P3/8/8/PPP1PPPP/RNBQKBNR w KQkq	1. d4 e5 2. dxe5 f6
A40	Englund Gambit: Soller Gambit Deferred	6	r1bqkbnr/pppp2pp/2n2p2/4P3/8/5N2/PPP1PPPP/RNBQKB1R w KQkq	1. d4 e5 2. dxe5 Nc6 3. Nf3 f6
A40	Englund Gambit: Stockholm Variation	7	r1b1kbnr/ppppqppp/2n5/3QP3/8/5N2/PPP1PPPP/RNB1KB1R b KQkq	1. d4 e5 2. dxe5 Nc6 3. Nf3 Qe7 4. Qd5
A40	Englund Gambit: Zilbermints Gambit	6	r1bqkb1r/ppppnppp/2n5/4P3/8/5N2/PPP1PPPP/RNBQKB1R w KQkq	1. d4 e5 2. dxe5 Nc6 3. Nf3 Nge7
A40	Horwitz Defense	2	rnbqkbnr/pppp1ppp/4p3/8/3P4/8/PPP1PPPP/RNBQKBNR w KQkq	1. d4 e6
A40	Horwitz Defense: Zilbermints Gambit	4	rnbqkbnr/pppp1ppp/8/4p3/2PP4/8/PP2PPPP/RNBQKBNR w KQkq	1. d4 e6 2. c4 e5
A40	Kangaroo Defense	4	rnbqk1nr/pppp1ppp/4p3/8/1bPP4/8/PP2PPPP/RNBQKBNR w KQkq	1. d4 e6 2. c4 Bb4+
A40	Kangaroo Defense: Keres Defense, Transpositional Variation	5	rnbqk1nr/pppp1ppp/4p3/8/1bPP4/2N5/PP2PPPP/R1BQKBNR b KQkq	1. d4 e6 2. c4 Bb4+ 3. Nc3
A40	Mikenas Defense	2	r1bqkbnr/pppppppp/2n5/8/3P4/8/PPP1PPPP/RNBQKBNR w KQkq	1. d4 Nc6
A40	Mikenas Defense: Cannstatter Variation	6	r1bqkbnr/pppp1ppp/8/3Pp3/2Pn4/8/PP2PPPP/RNBQKBNR w KQkq	1. d4 Nc6 2. c4 e5 3. d5 Nd4
A40	Mikenas Defense: Lithuanian Variation	6	r1bqkbnr/ppppnppp/8/3Pp3/2P5/8/PP2PPPP/RNBQKBNR w KQkq	1. d4 Nc6 2. c4 e5 3. d5 Nce7
A40	Mikenas Defense: Pozarek Gambit	8	r1bqkbnr/pppp1ppp/8/8/2n5/2N5/PP2PPPP/R1BQKBNR w KQkq	1. d4 Nc6 2. c4 e5 3. dxe5 Nxe5 4. Nc3 Nxc4
A40	Modern Defense: Beefeater Variation	10	rnbqk1nr/pp1pp2p/6p1/2pP1p2/2P5/2P5/P3PPPP/R1BQKBNR w KQkq	1. d4 g6 2. c4 Bg7 3. Nc3 c5 4. d5 Bxc3+ 5. bxc3 f5
A40	Modern Defense: Lizard Defense, Pirc-Diemer Gambit	5	rnbqkb1r/pppppp1p/5np1/7P/3P4/8/PPP1PPP1/RNBQKBNR b KQkq	1. d4 g6 2. h4 Nf6 3. h5
A40	Montevideo Defense	4	rnbqkbnr/pppppppp/8/3P4/8/8/PPP1PPPP/RNBQKBNR w KQkq	1. d4 Nc6 2. d5 Nb8
A40	Polish Defense	2	rnbqkbnr/p1pppppp/8/1p6/3P4/8/PPP1PPPP/RNBQKBNR w KQkq	1. d4 b5
A40	Polish Defense: Spassky Gambit Accepted	5	rn1qkbnr/pbpppppp/8/1B6/3PP3/8/PPP2PPP/RNBQK1NR b KQkq	1. d4 b5 2. e4 Bb7 3. Bxb5
A40	Pterodactyl Defense: Central, Benoni Beefeater Pterodactyl	12	rnb1k1nr/pp2pp1p/3p2p1/q1pP4/2P1P3/2P5/P4PPP/R1BQKBNR w KQkq	1. d4 g6 2. c4 Bg7 3. Nc3 c5 4. d5 d6 5. e4 Bxc3+ 6. bxc3 Qa5
A40	Pterodactyl Defense: Central, Benoni Pterodactyl	8	rnb1k1nr/pp1pppbp/6p1/q1pP4/2P1P3/8/PP3PPP/RNBQKBNR w KQkq	1. d4 g6 2. c4 Bg7 3. e4 c5 4. d5 Qa5+
A40	Pterodactyl Defense: Fianchetto, Queen Benoni Pterodactyl	8	rnb1k1nr/pp1pppbp/6p1/q1pP4/2P5/2N5/PP2PPPP/R1BQKBNR w KQkq	1. d4 g6 2. c4 Bg7 3. Nc3 c5 4. d5 Qa5
A40	Pterodactyl Defense: Fianchetto, Queen Pteranodon	10	rnb1k1nr/pp1ppp1p/6p1/q1pP4/2P5/2P5/P3PPPP/R1BQKBNR w KQkq	1. d4 g6 2. c4 Bg7 3. Nc3 c5 4. d5 Bxc3+ 5. bxc3 Qa5
A40	Pterodactyl Defense: Fianchetto, Queen Pterodactyl	8	rnb1k1nr/pp1pppbp/6p1/q1p5/3P4/5NP1/PPP1PPBP/RNBQK2R w KQkq	1. d4 g6 2. Nf3 Bg7 3. g3 c5 4. Bg2 Qa5+
A40	Pterodactyl Defense: Queen Pterodactyl, Quiet Line	7	rnbqk1nr/pp1pppbp/6p1/2p5/2PP4/2N1P3/PP3PPP/R1BQKBNR b KQkq	1. d4 g6 2. c4 Bg7 3. Nc3 c5 4. e3
A40	Queen's Pawn Game	1	rnbqkbnr/pppppppp/8/8/3P4/8/PPP1PPPP/RNBQKBNR b KQkq	1. d4
A40	Queen's Pawn Game: Anglo-Slav Opening	4	rnbqkbnr/pp2pppp/2pp4/8/2PP4/8/PP2PPPP/RNBQKBNR w KQkq	1. d4 c6 2. c4 d6
A40	Queen's Pawn Game: Modern Defense	2	rnbqkbnr/pppppp1p/6p1/8/3P4/8/PPP1PPPP/RNBQKBNR w KQkq	1. d4 g6
A40	Slav Indian: Kudischewitsch Gambit	6	rnbqkb1r/p2ppppp/2p2n2/1p6/2PP4/5N2/PP2PPPP/RNBQKB1R w KQkq	1. d4 c6 2. Nf3 Nf6 3. c4 b5
A40	Zaire Defense	8	rnbqkbnr/pppppppp/8/3PP3/8/8/PPP2PPP/RNBQKBNR w KQkq	1. d4 Nc6 2. d5 Nb8 3. e4 Nf6 4. e5 Ng8
A41	Modern Defense	6	rnbqk1nr/ppp1ppbp/3p2p1/8/2PP4/2N5/PP2PPPP/R1BQKBNR w KQkq	1. d4 g6 2. c4 Bg7 3. Nc3 d6
A41	Modern Defense: Neo-Modern Defense	6	rnbqk1nr/pppp1pbp/6p1/4p3/2PPP3/8/PP3PPP/RNBQKBNR w KQkq	1. d4 g6 2. c4 Bg7 3. e4 e5
A41	Old Indian Defense	3	rnbqkbnr/ppp1pppp/3p4/8/2PP4/8/PP2PPPP/RNBQKBNR b KQkq	1. d4 d6 2. c4
A41	Queen's Pawn Game	2	rnbqkbnr/ppp1pppp/3p4/8/3P4/8/PPP1PPPP/RNBQKBNR w KQkq	1. d4 d6
A41	Queen's Pawn Game: Rossolimo Variation	4	rnbqkbnr/ppp1pp1p/3p2p1/8/3P4/5N2/PPP1PPPP/RNBQKB1R w KQkq	1. d4 d6 2. Nf3 g6
A41	Rat Defense: English Rat	4	rnbqkbnr/ppp2ppp/3p4/4p3/2PP4/8/PP2PPPP/RNBQKBNR w KQkq	1. d4 d6 2. c4 e5
A41	Rat Defense: English Rat, Lisbon Gambit	6	r1bqkbnr/ppp2ppp/2np4/4P3/2P5/8/PP2PPPP/RNBQKBNR w KQkq	1. d4 d6 2. c4 e5 3. dxe5 Nc6
A41	Rat Defense: English Rat, Pounds Gambit	6	rn1qkbnr/ppp2ppp/3pb3/4P3/2P5/8/PP2PPPP/RNBQKBNR w KQkq	1. d4 d6 2. c4 e5 3. dxe5 Be6
A41	Robatsch Defense: Rossolimo Variation	8	rn1qk1nr/ppp1ppbp/3p2p1/8/2PPP1b1/5N2/PP3PPP/RNBQKB1R w KQkq	1. d4 d6 2. Nf3 g6 3. c4 Bg7 4. e4 Bg4
A41	Wade Defense	4	rn1qkbnr/ppp1pppp/3p4/8/3P2b1/5N2/PPP1PPPP/RNBQKB1R w KQkq	1. d4 d6 2. Nf3 Bg4
A41	Zukertort Opening: Wade Defense, Chigorin Plan	8	1r1qkbnr/pppnpppp/3p4/8/2PP2b1/1Q3N2/PP2PPPP/RNB1KB1R w KQk	1. d4 d6 2. Nf3 Bg4 3. c4 Nd7 4. Qb3 Rb8
A42	Modern Defense: Averbakh System	7	rnbqk1nr/ppp1ppbp/3p2p1/8/2PPP3/2N5/PP3PPP/R1BQKBNR b KQkq	1. d4 g6 2. c4 Bg7 3. Nc3 d6 4. e4
A42	Modern Defense: Averbakh Variation, Pseudo-Sämisch	9	rnbqk2r/ppp1ppbp/3p1np1/8/2PPP3/4BP2/PP4PP/RN1QKBNR b KQkq	1. d4 g6 2. c4 Bg7 3. e4 d6 4. Be3 Nf6 5. f3
A42	Modern Defense: Kotov Variation	8	r1bqk1nr/ppp1ppbp/2np2p1/8/2PPP3/2N5/PP3PPP/R1BQKBNR w KQkq	1. d4 g6 2. c4 Bg7 3. Nc3 d6 4. e4 Nc6
A42	Modern Defense: Randspringer Variation	8	rnbqk1nr/ppp1p1bp/3p2p1/5p2/2PPP3/2N5/PP3PPP/R1BQKBNR w KQkq	1. d4 g6 2. c4 Bg7 3. Nc3 d6 4. e4 f5
A42	Pterodactyl Defense	10	rnb1k1nr/pp2ppbp/3p2p1/q1p5/2PPP3/2N2N2/PP3PPP/R1BQKB1R w KQkq	1. Nf3 c5 2. c4 g6 3. d4 Bg7 4. e4 Qa5+ 5. Nc3 d6
A42	Pterodactyl Defense: Central, Bogolubovia	10	rnb1k1nr/pp2ppbp/3p2p1/q1p5/2PPP3/2N5/PP2NPPP/R1BQKB1R w KQkq	1. d4 g6 2. c4 Bg7 3. e4 d6 4. Nc3 c5 5. Nge2 Qa5
A43	Benoni Defense: Benoni Gambit Accepted	3	rnbqkbnr/pp1ppppp/8/2P5/8/8/PPP1PPPP/RNBQKBNR b KQkq	1. d4 c5 2. dxc5
A43	Benoni Defense: Benoni Gambit, Schlenker Defense	4	r1bqkbnr/pp1ppppp/n7/2P5/8/8/PPP1PPPP/RNBQKBNR w KQkq	1. d4 c5 2. dxc5 Na6
A43	Benoni Defense: Benoni-Indian Defense	4	rnbqkb1r/pp1ppppp/5n2/2pP4/8/8/PPP1PPPP/RNBQKBNR w KQkq	1. d4 c5 2. d5 Nf6
A43	Benoni Defense: Benoni-Indian Defense, Kingside Move Order	5	rnbqkb1r/pp1ppppp/5n2/2pP4/8/5N2/PPP1PPPP/RNBQKB1R b KQkq	1. d4 c5 2. d5 Nf6 3. Nf3
A43	Benoni Defense: Benoni-Staunton Gambit	5	rnbqkbnr/pp1pp1pp/8/2pP1p2/4P3/8/PPP2PPP/RNBQKBNR b KQkq	1. d4 c5 2. d5 f5 3. e4
A43	Benoni Defense: Cormorant Gambit	4	rnbqkbnr/p2ppppp/1p6/2P5/8/8/PPP1PPPP/RNBQKBNR w KQkq	1. d4 c5 2. dxc5 b6
A43	Benoni Defense: French Benoni	5	rnbqkbnr/pp1p1ppp/4p3/2pP4/4P3/8/PPP2PPP/RNBQKBNR b KQkq	1. e4 e6 2. d4 c5 3. d5
A43	Benoni Defense: Hawk Variation	6	rnbqkb1r/pp1ppppp/5n2/3P4/2p5/5N2/PPP1PPPP/RNBQKB1R w KQkq	1. d4 Nf6 2. Nf3 c5 3. d5 c4
A43	Benoni Defense: Old Benoni	2	rnbqkbnr/pp1ppppp/8/2p5/3P4/8/PPP1PPPP/RNBQKBNR w KQkq	1. d4 c5
A43	Benoni Defense: Old Benoni	3	rnbqkbnr/pp1ppppp/8/2pP4/8/8/PPP1PPPP/RNBQKBNR b KQkq	1. d4 c5 2. d5
A43	Benoni Defense: Old Benoni	4	rnbqkbnr/pp2pppp/3p4/2pP4/8/8/PPP1PPPP/RNBQKBNR w KQkq	1. d4 c5 2. d5 d6
A43	Benoni Defense: Old Benoni, Mujannah Formation	4	rnbqkbnr/pp1pp1pp/8/2pP1p2/8/8/PPP1PPPP/RNBQKBNR w KQkq	1. d4 c5 2. d5 f5
A43	Benoni Defense: Old Benoni, Schmid Variation	6	rnbqkbnr/pp2pp1p/3p2p1/2pP4/8/2N5/PPP1PPPP/R1BQKBNR w KQkq	1. d4 c5 2. d5 d6 3. Nc3 g6
A43	Benoni Defense: Snail Variation	4	r1bqkbnr/pp1ppppp/n7/2pP4/8/8/PPP1PPPP/RNBQKBNR w KQkq	1. d4 c5 2. d5 Na6
A43	Benoni Defense: Woozle	6	rnb1kb1r/pp1ppppp/5n2/q1pP4/8/2N5/PPP1PPPP/R1BQKBNR w KQkq	1. d4 c5 2. d5 Nf6 3. Nc3 Qa5
A43	Benoni Defense: Zilbermints-Benoni Gambit	3	rnbqkbnr/pp1ppppp/8/2p5/1P1P4/8/P1P1PPPP/RNBQKBNR b KQkq	1. d4 c5 2. b4
A43	Benoni Defense: Zilbermints-Benoni Gambit	5	rnbqkbnr/pp1ppppp/8/8/1P1p4/5N2/P1P1PPPP/RNBQKB1R b KQkq	1. d4 c5 2. Nf3 cxd4 3. b4
A43	Benoni Defense: Zilbermints-Benoni Gambit, Tamarkin Countergambit	6	rnbqkbnr/pp1p1ppp/8/4p3/1P1p4/5N2/P1P1PPPP/RNBQKB1R w KQkq	1. d4 c5 2. Nf3 cxd4 3. b4 e5
A43	Indian Defense: Pseudo-Benko	6	rnbqkb1r/p2ppppp/5n2/1ppP4/8/5N2/PPP1PPPP/RNBQKB1R w KQkq	1. d4 Nf6 2. Nf3 c5 3. d5 b5
A43	Queen's Pawn Game: Liedmann Gambit	5	rnbqkbnr/pp1ppppp/8/8/2Pp4/4P3/PP3PPP/RNBQKBNR b KQkq	1. d4 c5 2. c4 cxd4 3. e3
A44	Benoni Defense: Old Benoni	4	rnbqkbnr/pp1p1ppp/8/2pPp3/8/8/PPP1PPPP/RNBQKBNR w KQkq	1. d4 c5 2. d5 e5
A44	Benoni Defense: Semi-Benoni	6	rnbqkbnr/pp3ppp/3p4/2pPp3/4P3/8/PPP2PPP/RNBQKBNR w KQkq	1. d4 c5 2. d5 e5 3. e4 d6
A45	Amazon Attack: Siberian Attack	5	rnbqkb1r/ppp1pppp/5n2/3p4/3P4/2NQ4/PPP1PPPP/R1B1KBNR b KQkq	1. d4 Nf6 2. Nc3 d5 3. Qd3
A45	Basque Opening	3	rnbqkb1r/pppppppp/5n2/8/3P4/1P6/P1P1PPPP/RNBQKBNR b KQkq	1. d4 Nf6 2. b3
A45	Canard Opening	3	rnbqkb1r/pppppppp/5n2/8/3P1P2/8/PPP1P1PP/RNBQKBNR b KQkq	1. d4 Nf6 2. f4
A45	Indian Defense	2	rnbqkb1r/pppppppp/5n2/8/3P4/8/PPP1PPPP/RNBQKBNR w KQkq	1. d4 Nf6
A45	Indian Defense: Accelerated London System	3	rnbqkb1r/pppppppp/5n2/8/3P1B2/8/PPP1PPPP/RN1QKBNR b KQkq	1. d4 Nf6 2. Bf4
A45	Indian Defense: Gedult Attack	5	rnbqkb1r/ppp1pppp/5n2/3p4/3P2P1/5P2/PPP1P2P/RNBQKBNR b KQkq	1. d4 Nf6 2. f3 d5 3. g4
A45	Indian Defense: Gibbins-Weidenhagen Gambit	3	rnbqkb1r/pppppppp/5n2/8/3P2P1/8/PPP1PP1P/RNBQKBNR b KQkq	1. d4 Nf6 2. g4
A45	Indian Defense: Gibbins-Weidenhagen Gambit Accepted	4	rnbqkb1r/pppppppp/8/8/3P2n1/8/PPP1PP1P/RNBQKBNR w KQkq	1. d4 Nf6 2. g4 Nxg4
A45	Indian Defense: Gibbins-Weidenhagen Gambit, Maltese Falcon	7	rnbqkb1r/pppppppp/5n2/8/3PP3/5P2/PPP4P/RNBQKBNR b KQkq	1. d4 Nf6 2. g4 Nxg4 3. f3 Nf6 4. e4
A45	Indian Defense: Gibbins-Weidenhagen Gambit, Oshima Defense	4	rnbqkb1r/pppp1ppp/5n2/4p3/3P2P1/8/PPP1PP1P/RNBQKBNR w KQkq	1. d4 Nf6 2. g4 e5
A45	Indian Defense: Gibbins-Weidenhagen Gambit, Stummer Gambit	9	rnbqkb1r/ppp1pppp/3p1n2/8/3PP3/2N5/PPP1BP1P/R1BQK1NR b KQkq	1. d4 Nf6 2. g4 Nxg4 3. e4 d6 4. Be2 Nf6 5. Nc3
A45	Indian Defense: Lazard Gambit	4	rnbqkb1r/pppp1ppp/5n2/4p3/3P4/8/PPPNPPPP/R1BQKBNR w KQkq	1. d4 Nf6 2. Nd2 e5
A45	Indian Defense: Maddigan Gambit	4	rnbqkb1r/pppp1ppp/5n2/4p3/3P4/2N5/PPP1PPPP/R1BQKBNR w KQkq	1. d4 Nf6 2. Nc3 e5
A45	Indian Defense: Omega Gambit	3	rnbqkb1r/pppppppp/5n2/8/3PP3/8/PPP2PPP/RNBQKBNR b KQkq	1. d4 Nf6 2. e4
A45	Indian Defense: Omega Gambit, Arafat Gambit	7	rnbqkb1r/pppppppp/5n2/6B1/3P4/3B4/PPP2PPP/RN1QK1NR b KQkq	1. d4 Nf6 2. e4 Nxe4 3. Bd3 Nf6 4. Bg5
A45	Indian Defense: Paleface Attack, Blackmar-Diemer Gambit Deferred	5	rnbqkb1r/ppp1pppp/5n2/3p4/3PP3/5P2/PPP3PP/RNBQKBNR b KQkq	1. d4 Nf6 2. f3 d5 3. e4
A45	Indian Defense: Pawn Push Variation	3	rnbqkb1r/pppppppp/5n2/3P4/8/8/PPP1PPPP/RNBQKBNR b KQkq	1. d4 Nf6 2. d5
A45	Indian Defense: Reversed Chigorin Defense	4	rnbqkb1r/pp1ppppp/5n2/2p5/3P4/2N5/PPP1PPPP/R1BQKBNR w KQkq	1. d4 Nf6 2. Nc3 c5
A45	Indian Defense: Tartakower Attack	3	rnbqkb1r/pppppppp/5n2/8/3P4/6P1/PPP1PP1P/RNBQKBNR b KQkq	1. d4 Nf6 2. g3
A45	Paleface Attack	3	rnbqkb1r/pppppppp/5n2/8/3P4/5P2/PPP1P1PP/RNBQKBNR b KQkq	1. d4 Nf6 2. f3
A45	Queen's Pawn Game: Chigorin Variation	4	rnbqkb1r/ppp1pppp/5n2/3p4/3P4/2N5/PPP1PPPP/R1BQKBNR w KQkq	1. d4 Nf6 2. Nc3 d5
A45	Queen's Pawn Game: Veresov, Richter Attack	5	rnbqkb1r/ppp1pppp/5n2/3p4/3P4/2N2P2/PPP1P1PP/R1BQKBNR b KQkq	1. d4 Nf6 2. f3 d5 3. Nc3
A45	Trompowsky Attack	3	rnbqkb1r/pppppppp/5n2/6B1/3P4/8/PPP1PPPP/RN1QKBNR b KQkq	1. d4 Nf6 2. Bg5
A45	Trompowsky Attack: Borg Variation	6	rnbqkb1r/pppppp1p/8/6p1/3PnB2/8/PPP1PPPP/RN1QKBNR w KQkq	1. d4 Nf6 2. Bg5 Ne4 3. Bf4 g5
A45	Trompowsky Attack: Classical Defense	4	rnbqkb1r/pppp1ppp/4pn2/6B1/3P4/8/PPP1PPPP/RN1QKBNR w KQkq	1. d4 Nf6 2. Bg5 e6
A45	Trompowsky Attack: Classical Defense, Big Center Variation	5	rnbqkb1r/pppp1ppp/4pn2/6B1/3PP3/8/PPP2PPP/RN1QKBNR b KQkq	1. d4 Nf6 2. Bg5 e6 3. e4
A45	Trompowsky Attack: Edge Variation	5	rnbqkb1r/pppppppp/8/8/3Pn2B/8/PPP1PPPP/RN1QKBNR b KQkq	1. d4 Nf6 2. Bg5 Ne4 3. Bh4
A45	Trompowsky Attack: Edge Variation, Hergert Gambit	13	rnb1kb1r/pp2pppp/2p5/q2p4/3PP2B/2P5/PP1Q1PPP/R3KBNR b KQkq	1. d4 Nf6 2. Bg5 Ne4 3. Bh4 c6 4. Nd2 Qa5 5. c3 Nxd2 6. Qxd2 d5 7. e4
A45	Trompowsky Attack: Edge Variation, Hergert Gambit	11	rn1qkb1r/ppp1pppp/5n2/3p1b2/3PP2B/2N2P2/PPP3PP/R2QKBNR b KQkq	1. d4 Nf6 2. Bg5 Ne4 3. Bh4 d5 4. f3 Nf6 5. Nc3 Bf5 6. e4
A45	Trompowsky Attack: Poisoned Pawn Variation	7	rnb1kb1r/pp1ppppp/1q3n2/2pP2B1/8/2N5/PPP1PPPP/R2QKBNR b KQkq	1. d4 Nf6 2. Bg5 c5 3. d5 Qb6 4. Nc3
A45	Trompowsky Attack: Raptor Variation	5	rnbqkb1r/pppppppp/8/6B1/3Pn2P/8/PPP1PPP1/RN1QKBNR b KQkq	1. d4 Nf6 2. Bg5 Ne4 3. h4
A45	Trompowsky Attack: Raptor Variation, Hergert Gambit	8	rnbqkb1r/pppp1ppp/8/4p1P1/3P4/8/PPP1PPP1/RN1QKBNR w KQkq	1. d4 Nf6 2. Bg5 Ne4 3. h4 Nxg5 4. hxg5 e5
A46	Döry Defense	4	rnbqkb1r/pppppppp/8/8/3Pn3/5N2/PPP1PPPP/RNBQKB1R w KQkq	1. d4 Nf6 2. Nf3 Ne4
A46	Indian Defense: Czech-Indian	4	rnbqkb1r/pp1ppppp/2p2n2/8/3P4/5N2/PPP1PPPP/RNBQKB1R w KQkq	1. d4 Nf6 2. Nf3 c6
A46	Indian Defense: Knights Variation	3	rnbqkb1r/pppppppp/5n2/8/3P4/5N2/PPP1PPPP/RNBQKB1R b KQkq	1. d4 Nf6 2. Nf3
A46	Indian Defense: Knights Variation, Alburt-Miles Variation	4	rnbqkb1r/1ppppppp/p4n2/8/3P4/5N2/PPP1PPPP/RNBQKB1R w KQkq	1. d4 Nf6 2. Nf3 a6
A46	Indian Defense: London System	5	rnbqkb1r/pppp1ppp/4pn2/8/3P1B2/5N2/PPP1PPPP/RN1QKB1R b KQkq	1. d4 Nf6 2. Nf3 e6 3. Bf4
A46	Indian Defense: Polish Variation	4	rnbqkb1r/p1pppppp/5n2/1p6/3P4/5N2/PPP1PPPP/RNBQKB1R w KQkq	1. d4 Nf6 2. Nf3 b5
A46	Indian Defense: Spielmann-Indian	4	rnbqkb1r/pp1ppppp/5n2/2p5/3P4/5N2/PPP1PPPP/RNBQKB1R w KQkq	1. d4 Nf6 2. Nf3 c5
A46	Indian Defense: Wade-Tartakower Defense	4	rnbqkb1r/ppp1pppp/3p1n2/8/3P4/5N2/PPP1PPPP/RNBQKB1R w KQkq	1. d4 Nf6 2. Nf3 d6
A46	Queen's Pawn Game: Torre Attack, Breyer Variation	10	rnb1kb1r/pp3ppp/1q2pn2/2pp2B1/3P4/2P1PN2/PP3PPP/RN1QKB1R w KQkq	1. d4 Nf6 2. Nf3 e6 3. Bg5 d5 4. e3 c5 5. c3 Qb6
A46	Queen's Pawn Game: Veresov Attack, Classical Defense	7	rnbqkb1r/ppp2ppp/4pn2/3p2B1/3P4/2N2N2/PPP1PPPP/R2QKB1R b KQkq	1. d4 Nf6 2. Nf3 e6 3. Nc3 d5 4. Bg5
A46	Torre Attack: Classical Defense	5	rnbqkb1r/pppp1ppp/4pn2/6B1/3P4/5N2/PPP1PPPP/RN1QKB1R b KQkq	1. d4 Nf6 2. Nf3 e6 3. Bg5
A46	Torre Attack: Classical Defense, Nimzowitsch Variation	6	rnbqkb1r/pppp1pp1/4pn1p/6B1/3P4/5N2/PPP1PPPP/RN1QKB1R w KQkq	1. d4 Nf6 2. Nf3 e6 3. Bg5 h6
A46	Torre Attack: Classical Defense, Petrosian Gambit	9	rnbqkb1r/p2p1ppp/1p2pn2/2pP2B1/8/4PN2/PPP2PPP/RN1QKB1R b KQkq	1. d4 Nf6 2. Nf3 e6 3. Bg5 c5 4. e3 b6 5. d5
A46	Torre Attack: Wagner Gambit	7	rnbqkb1r/pp1p1ppp/4pn2/2p3B1/3PP3/5N2/PPP2PPP/RN1QKB1R b KQkq	1. d4 Nf6 2. Nf3 e6 3. Bg5 c5 4. e4
A46	Yusupov-Rubinstein System	5	rnbqkb1r/pppp1ppp/4pn2/8/3P4/4PN2/PPP2PPP/RNBQKB1R b KQkq	1. d4 Nf6 2. Nf3 e6 3. e3
A47	Indian Defense: Schnepper Gambit	6	rnbqkb1r/p1pp1ppp/1p3n2/4p3/3P4/2P2N2/PP2PPPP/RNBQKB1R w KQkq	1. d4 Nf6 2. Nf3 b6 3. c3 e5
A47	Marienbad System	8	rn1qkb1r/pb1ppppp/1p3n2/2p5/3P4/5NP1/PPP1PPBP/RNBQK2R w KQkq	1. d4 Nf6 2. Nf3 b6 3. g3 Bb7 4. Bg2 c5
A47	Marienbad System: Berg Variation	11	rn1qkb1r/pb1ppppp/1p3n2/8/2PQ4/5NP1/PP2PPBP/RNB1K2R b KQkq	1. d4 Nf6 2. Nf3 b6 3. g3 Bb7 4. Bg2 c5 5. c4 cxd4 6. Qxd4
A47	Pseudo Queen's Indian Defense	4	rnbqkb1r/p1pppppp/1p3n2/8/3P4/5N2/PPP1PPPP/RNBQKB1R w KQkq	1. d4 Nf6 2. Nf3 b6
A47	Pseudo Queen's Indian Defense	12	rn1qk2r/pb1pbppp/1p2pn2/2p5/3P4/1P1BPN2/P1PN1PPP/R1BQK2R w KQkq	1. d4 Nf6 2. Nf3 b6 3. e3 Bb7 4. Bd3 e6 5. Nbd2 c5 6. b3 Be7
A48	East Indian Defense	4	rnbqkb1r/pppppp1p/5np1/8/3P4/5N2/PPP1PPPP/RNBQKB1R w KQkq	1. d4 Nf6 2. Nf3 g6
A48	Indian Defense: Colle System, King's Indian Variation	8	rnbqk2r/ppp1ppbp/3p1np1/8/3P4/3BPN2/PPP2PPP/RNBQK2R w KQkq	1. d4 Nf6 2. Nf3 g6 3. e3 Bg7 4. Bd3 d6
A48	London System	5	rnbqkb1r/pppppp1p/5np1/8/3P1B2/5N2/PPP1PPPP/RN1QKB1R b KQkq	1. d4 Nf6 2. Nf3 g6 3. Bf4
A48	London System	7	rnbqk2r/ppppppbp/5np1/8/3P1B2/4PN2/PPP2PPP/RN1QKB1R b KQkq	1. d4 Nf6 2. Nf3 g6 3. Bf4 Bg7 4. e3
A48	London System	8	rnbqk2r/ppp1ppbp/3p1np1/8/3P1B2/4PN2/PPP2PPP/RN1QKB1R w KQkq	1. d4 Nf6 2. Nf3 g6 3. Bf4 Bg7 4. e3 d6
A48	London System, with Bd3	9	rnbqk2r/ppp1ppbp/3p1np1/8/3P1B2/3BPN2/PPP2PPP/RN1QK2R b KQkq	1. d4 Nf6 2. Nf3 g6 3. Bf4 Bg7 4. e3 d6 5. Bd3
A48	London System, with Be2	9	rnbqk2r/ppp1ppbp/3p1np1/8/3P1B2/4PN2/PPP1BPPP/RN1QK2R b KQkq	1. d4 Nf6 2. Nf3 g6 3. Bf4 Bg7 4. e3 d6 5. Be2
A48	London System, with Be2	10	rnbq1rk1/ppp1ppbp/3p1np1/8/3P1B2/4PN2/PPP1BPPP/RN1QK2R w KQ	1. d4 Nf6 2. Nf3 g6 3. Bf4 Bg7 4. e3 d6 5. Be2 O-O
A48	London System, with Be2	11	rnbqk2r/pp2ppbp/3p1np1/2p5/3P1B2/4PN1P/PPP1BPP1/RN1QK2R b KQkq	1. d4 Nf6 2. Nf3 g6 3. Bf4 Bg7 4. e3 d6 5. h3 c5 6. Be2
A48	Queen's Pawn Game: Barry Attack	7	rnbqkb1r/ppp1pp1p/5np1/3p4/3P1B2/2N2N2/PPP1PPPP/R2QKB1R b KQkq	1. d4 Nf6 2. Nf3 g6 3. Nc3 d5 4. Bf4
A48	Queen's Pawn Game: Barry Attack	8	rnbqk2r/ppp1ppbp/5np1/3p4/3P1B2/2N2N2/PPP1PPPP/R2QKB1R w KQkq	1. d4 Nf6 2. Nf3 g6 3. Nc3 d5 4. Bf4 Bg7
A48	Queen's Pawn Game: Barry Attack, Grünfeld Variation	11	rnbq1rk1/ppp1ppbp/5np1/3p4/3P1B2/2N1PN2/PPP1BPPP/R2QK2R b KQ	1. d4 Nf6 2. Nf3 g6 3. Nc3 d5 4. Bf4 Bg7 5. e3 O-O 6. Be2
A48	Queen's Pawn Game: Barry Attack, Tarzan Attack	9	rnbqk2r/ppp1ppbp/5np1/3p4/3P1B2/2N2N2/PPPQPPPP/R3KB1R b KQkq	1. d4 Nf6 2. Nf3 g6 3. Nc3 d5 4. Bf4 Bg7 5. Qd2
A48	Queen's Pawn Game: Torre Attack, Grünfeld Variation, Main Line	10	rnbq1rk1/ppp1ppbp/5np1/3p2B1/3P4/4PN2/PPPN1PPP/R2QKB1R w KQ	1. d4 Nf6 2. Nf3 g6 3. Bg5 Bg7 4. Nbd2 d5 5. e3 O-O
A48	Torre Attack: Fianchetto Defense	5	rnbqkb1r/pppppp1p/5np1/6B1/3P4/5N2/PPP1PPPP/RN1QKB1R b KQkq	1. d4 Nf6 2. Nf3 g6 3. Bg5
A48	Torre Attack: Fianchetto Defense, Euwe Variation	8	rnbqk2r/pp1pppbp/5np1/2p3B1/3P4/5N2/PPPNPPPP/R2QKB1R w KQkq	1. d4 Nf6 2. Nf3 g6 3. Bg5 Bg7 4. Nbd2 c5
A49	Indian Defense: Przepiorka Variation	5	rnbqkb1r/pppppp1p/5np1/8/3P4/5NP1/PPP1PP1P/RNBQKB1R b KQkq	1. d4 Nf6 2. Nf3 g6 3. g3
A50	Indian Defense: Medusa Gambit	4	rnbqkb1r/pppppp1p/5n2/6p1/2PP4/8/PP2PPPP/RNBQKBNR w KQkq	1. d4 Nf6 2. c4 g5
A50	Indian Defense: Normal Variation	3	rnbqkb1r/pppppppp/5n2/8/2PP4/8/PP2PPPP/RNBQKBNR b KQkq	1. d4 Nf6 2. c4
A50	Indian Defense: Pyrenees Gambit	4	rnbqkb1r/p1pppppp/5n2/1p6/2PP4/8/PP2PPPP/RNBQKBNR w KQkq	1. d4 Nf6 2. c4 b5
A50	Mexican Defense	4	r1bqkb1r/pppppppp/2n2n2/8/2PP4/8/PP2PPPP/RNBQKBNR w KQkq	1. d4 Nf6 2. c4 Nc6
A50	Mexican Defense: Horsefly Gambit	7	r1bqkb1r/pppppppp/5n2/3Pn3/2P2P2/8/PP2P1PP/RNBQKBNR b KQkq	1. d4 Nf6 2. c4 Nc6 3. d5 Ne5 4. f4
A50	Queen's Indian Accelerated	4	rnbqkb1r/p1pppppp/1p3n2/8/2PP4/8/PP2PPPP/RNBQKBNR w KQkq	1. d4 Nf6 2. c4 b6
A50	Slav Indian	4	rnbqkb1r/pp1ppppp/2p2n2/8/2PP4/8/PP2PPPP/RNBQKBNR w KQkq	1. d4 Nf6 2. c4 c6
A51	Indian Defense: Budapest Gambit	4	rnbqkb1r/pppp1ppp/5n2/4p3/2PP4/8/PP2PPPP/RNBQKBNR w KQkq	1. d4 Nf6 2. c4 e5
A51	Indian Defense: Budapest Gambit Accepted	5	rnbqkb1r/pppp1ppp/5n2/4P3/2P5/8/PP2PPPP/RNBQKBNR b KQkq	1. d4 Nf6 2. c4 e5 3. dxe5
A51	Indian Defense: Budapest Gambit Accepted, Fajarowicz Defense	6	rnbqkb1r/pppp1ppp/8/4P3/2P1n3/8/PP2PPPP/RNBQKBNR w KQkq	1. d4 Nf6 2. c4 e5 3. dxe5 Ne4
A51	Indian Defense: Budapest Gambit Accepted, Fajarowicz Defense, Bonsdorf Variation	7	rnbqkb1r/pppp1ppp/8/4P3/2P1n3/P7/1P2PPPP/RNBQKBNR b KQkq	1. d4 Nf6 2. c4 e5 3. dxe5 Ne4 4. a3
A51	Indian Defense: Budapest Gambit Accepted, Fajarowicz Defense, Steiner Variation	7	rnbqkb1r/pppp1ppp/8/4P3/2P1n3/8/PPQ1PPPP/RNB1KBNR b KQkq	1. d4 Nf6 2. c4 e5 3. dxe5 Ne4 4. Qc2
A52	Indian Defense: Budapest Gambit Accepted, Main Line	6	rnbqkb1r/pppp1ppp/8/4P3/2P3n1/8/PP2PPPP/RNBQKBNR w KQkq	1. d4 Nf6 2. c4 e5 3. dxe5 Ng4
A52	Indian Defense: Budapest Gambit Accepted, Main Line, Adler Variation	7	rnbqkb1r/pppp1ppp/8/4P3/2P3n1/5N2/PP2PPPP/RNBQKB1R b KQkq	1. d4 Nf6 2. c4 e5 3. dxe5 Ng4 4. Nf3
A52	Indian Defense: Budapest Gambit Accepted, Main Line, Alekhine Variation	7	rnbqkb1r/pppp1ppp/8/4P3/2P1P1n1/8/PP3PPP/RNBQKBNR b KQkq	1. d4 Nf6 2. c4 e5 3. dxe5 Ng4 4. e4
A52	Indian Defense: Budapest Gambit Accepted, Main Line, Alekhine Variation, Abonyi Variation	8	rnbqkb1r/pppp1ppp/8/4n3/2P1P3/8/PP3PPP/RNBQKBNR w KQkq	1. d4 Nf6 2. c4 e5 3. dxe5 Ng4 4. e4 Nxe5
A52	Indian Defense: Budapest Gambit Accepted, Main Line, Alekhine Variation, Tartakower Defense	8	rnbqkb1r/ppp2ppp/3p4/4P3/2P1P1n1/8/PP3PPP/RNBQKBNR w KQkq	1. d4 Nf6 2. c4 e5 3. dxe5 Ng4 4. e4 d6
A52	Indian Defense: Budapest Gambit Accepted, Main Line, Rubinstein Variation	7	rnbqkb1r/pppp1ppp/8/4P3/2P2Bn1/8/PP2PPPP/RN1QKBNR b KQkq	1. d4 Nf6 2. c4 e5 3. dxe5 Ng4 4. Bf4
A53	Old Indian Defense	4	rnbqkb1r/ppp1pppp/3p1n2/8/2PP4/8/PP2PPPP/RNBQKBNR w KQkq	1. d4 Nf6 2. c4 d6
A53	Old Indian Defense: Aged Gibbon Gambit	5	rnbqkb1r/ppp1pppp/3p1n2/8/2PP2P1/8/PP2PP1P/RNBQKBNR b KQkq	1. d4 Nf6 2. c4 d6 3. g4
A53	Old Indian Defense: Czech Variation, with Nc3	6	rnbqkb1r/pp2pppp/2pp1n2/8/2PP4/2N5/PP2PPPP/R1BQKBNR w KQkq	1. d4 Nf6 2. c4 d6 3. Nc3 c6
A53	Old Indian Defense: Czech Variation, with Nf3	6	rnbqkb1r/pp2pppp/2pp1n2/8/2PP4/5N2/PP2PPPP/RNBQKB1R w KQkq	1. d4 Nf6 2. c4 d6 3. Nf3 c6
A53	Old Indian Defense: Janowski Variation	6	rn1qkb1r/ppp1pppp/3p1n2/5b2/2PP4/2N5/PP2PPPP/R1BQKBNR w KQkq	1. d4 Nf6 2. c4 d6 3. Nc3 Bf5
A53	Old Indian Defense: Janowski Variation, Fianchetto Variation	7	rn1qkb1r/ppp1pppp/3p1n2/5b2/2PP4/2N3P1/PP2PP1P/R1BQKBNR b KQkq	1. d4 Nf6 2. c4 d6 3. Nc3 Bf5 4. g3
A53	Old Indian Defense: Janowski Variation, Grinberg Gambit	7	rn1qkb1r/ppp1pppp/3p1n2/5b2/2PPP3/2N5/PP3PPP/R1BQKBNR b KQkq	1. d4 Nf6 2. c4 d6 3. Nc3 Bf5 4. e4
A53	Old Indian Defense: Janowski Variation, Main Line	7	rn1qkb1r/ppp1pppp/3p1n2/5b2/2PP4/2N2P2/PP2P1PP/R1BQKBNR b KQkq	1. d4 Nf6 2. c4 d6 3. Nc3 Bf5 4. f3
A54	Old Indian Defense: Duz-Khotimirsky Variation	9	r1bqkb1r/pppn1ppp/3p1n2/4p3/2PP4/2NBP3/PP3PPP/R1BQK1NR b KQkq	1. d4 Nf6 2. c4 d6 3. Nc3 e5 4. e3 Nbd7 5. Bd3
A54	Old Indian Defense: Tartakower-Indian	6	rn1qkb1r/ppp1pppp/3p1n2/8/2PP2b1/5N2/PP2PPPP/RNBQKB1R w KQkq	1. d4 Nf6 2. c4 d6 3. Nf3 Bg4
A54	Old Indian Defense: Two Knights Variation	7	rnbqkb1r/ppp2ppp/3p1n2/4p3/2PP4/2N2N2/PP2PPPP/R1BQKB1R b KQkq	1. d4 Nf6 2. c4 d6 3. Nc3 e5 4. Nf3
A54	Old Indian Defense: Ukrainian Variation	6	rnbqkb1r/ppp2ppp/3p1n2/4p3/2PP4/2N5/PP2PPPP/R1BQKBNR w KQkq	1. d4 Nf6 2. c4 d6 3. Nc3 e5
A55	Old Indian Defense: Normal Variation	9	r1bqkb1r/pppn1ppp/3p1n2/4p3/2PPP3/2N2N2/PP3PPP/R1BQKB1R b KQkq	1. d4 Nf6 2. c4 d6 3. Nc3 Nbd7 4. e4 e5 5. Nf3
A56	Benoni Defense	4	rnbqkb1r/pp1ppppp/5n2/2p5/2PP4/8/PP2PPPP/RNBQKBNR w KQkq	1. d4 Nf6 2. c4 c5
A56	Benoni Defense: Czech Benoni Defense	6	rnbqkb1r/pp1p1ppp/5n2/2pPp3/2P5/8/PP2PPPP/RNBQKBNR w KQkq	1. d4 Nf6 2. c4 c5 3. d5 e5
A56	Benoni Defense: Hromádka System	6	rnbqkb1r/pp2pppp/3p1n2/2pP4/2P5/8/PP2PPPP/RNBQKBNR w KQkq	1. d4 Nf6 2. c4 c5 3. d5 d6
A56	Benoni Defense: King's Indian System	10	rnbqkb1r/pp3p1p/3p1np1/2pPp3/2P1P3/2N5/PP3PPP/R1BQKBNR w KQkq	1. d4 Nf6 2. c4 c5 3. d5 e5 4. Nc3 d6 5. e4 g6
A56	Benoni Defense: Weenink Variation	6	rnbqkb1r/pp1p1ppp/4pn2/2P5/2P5/8/PP2PPPP/RNBQKBNR w KQkq	1. d4 Nf6 2. c4 c5 3. dxc5 e6
A56	Grünfeld Defense: Three Knights Variation, Burille Variation, Reversed Tarrasch	16	r1bq1rk1/pp2ppbp/2n2np1/3p4/2PP4/2N2N2/PP2BPPP/R1BQ1RK1 w -	1. d4 Nf6 2. c4 c5 3. e3 g6 4. Nc3 Bg7 5. Nf3 O-O 6. Be2 cxd4 7. exd4 d5 8. O-O Nc6
A56	Vulture Defense	6	rnbqkb1r/pp1ppppp/8/2pP4/2P1n3/8/PP2PPPP/RNBQKBNR w KQkq	1. d4 Nf6 2. c4 c5 3. d5 Ne4
A57	Benko Gambit	6	rnbqkb1r/p2ppppp/5n2/1ppP4/2P5/8/PP2PPPP/RNBQKBNR w KQkq	1. d4 Nf6 2. c4 c5 3. d5 b5
A57	Benko Gambit Accepted	8	rnbqkb1r/3ppppp/p4n2/1PpP4/8/8/PP2PPPP/RNBQKBNR w KQkq	1. d4 Nf6 2. c4 c5 3. d5 b5 4. cxb5 a6
A57	Benko Gambit Accepted: Dlugy Variation	9	rnbqkb1r/3ppppp/p4n2/1PpP4/8/5P2/PP2P1PP/RNBQKBNR b KQkq	1. d4 Nf6 2. c4 c5 3. d5 b5 4. cxb5 a6 5. f3
A57	Benko Gambit Accepted: Modern Variation	9	rnbqkb1r/3ppppp/p4n2/1PpP4/8/4P3/PP3PPP/RNBQKBNR b KQkq	1. d4 Nf6 2. c4 c5 3. d5 b5 4. cxb5 a6 5. e3
A57	Benko Gambit Accepted: Pawn Return Variation	9	rnbqkb1r/3ppppp/pP3n2/2pP4/8/8/PP2PPPP/RNBQKBNR b KQkq	1. d4 Nf6 2. c4 c5 3. d5 b5 4. cxb5 a6 5. b6
A57	Benko Gambit Declined: Bishop Attack	7	rnbqkb1r/p2ppppp/5n2/1ppP2B1/2P5/8/PP2PPPP/RN1QKBNR b KQkq	1. d4 Nf6 2. c4 c5 3. d5 b5 4. Bg5
A57	Benko Gambit Declined: Hjørring Countergambit	7	rnbqkb1r/p2ppppp/5n2/1ppP4/2P1P3/8/PP3PPP/RNBQKBNR b KQkq	1. d4 Nf6 2. c4 c5 3. d5 b5 4. e4
A57	Benko Gambit Declined: Main Line	7	rnbqkb1r/p2ppppp/5n2/1ppP4/2P5/5N2/PP2PPPP/RNBQKB1R b KQkq	1. d4 Nf6 2. c4 c5 3. d5 b5 4. Nf3
A57	Benko Gambit Declined: Pseudo-Sämisch	7	rnbqkb1r/p2ppppp/5n2/1ppP4/2P5/5P2/PP2P1PP/RNBQKBNR b KQkq	1. d4 Nf6 2. c4 c5 3. d5 b5 4. f3
A57	Benko Gambit Declined: Quiet Line	7	rnbqkb1r/p2ppppp/5n2/1ppP4/2P5/8/PP1NPPPP/R1BQKBNR b KQkq	1. d4 Nf6 2. c4 c5 3. d5 b5 4. Nd2
A57	Benko Gambit Declined: Sosonko Variation	7	rnbqkb1r/p2ppppp/5n2/1ppP4/P1P5/8/1P2PPPP/RNBQKBNR b KQkq	1. d4 Nf6 2. c4 c5 3. d5 b5 4. a4
A57	Benko Gambit: Mutkin Countergambit	7	rnbqkb1r/p2ppppp/5n2/1ppP4/2P3P1/8/PP2PP1P/RNBQKBNR b KQkq	1. d4 Nf6 2. c4 c5 3. d5 b5 4. g4
A57	Benko Gambit: Nescafe Frappe Attack	15	rnbqkb1r/4pppp/3p1n2/1NpP4/1pB1P3/8/PP3PPP/R1BQK1NR b KQkq	1. d4 Nf6 2. c4 c5 3. d5 b5 4. cxb5 a6 5. Nc3 axb5 6. e4 b4 7. Nb5 d6 8. Bc4
A57	Benko Gambit: Zaitsev System	9	rnbqkb1r/3ppppp/p4n2/1PpP4/8/2N5/PP2PPPP/R1BQKBNR b KQkq	1. d4 Nf6 2. c4 c5 3. d5 b5 4. cxb5 a6 5. Nc3
A57	Benko Gambit: Zaitsev Variation, Nescafe Frappe Attack	13	rnbqkb1r/3ppppp/5n2/1NpP4/1p2P3/8/PP3PPP/R1BQKBNR b KQkq	1. d4 Nf6 2. c4 c5 3. d5 b5 4. cxb5 a6 5. Nc3 axb5 6. e4 b4 7. Nb5
A58	Benko Gambit Accepted: Central Storming Variation	13	rn1qkb1r/3ppp1p/b4np1/2pP4/5P2/2N5/PP2P1PP/R1BQKBNR b KQkq	1. d4 Nf6 2. c4 c5 3. d5 b5 4. cxb5 a6 5. bxa6 g6 6. Nc3 Bxa6 7. f4
A58	Benko Gambit Accepted: Fianchetto Variation	17	rn1qk2r/4ppbp/b2p1np1/2pP4/8/2N2NP1/PP2PPBP/R1BQK2R b KQkq	1. d4 Nf6 2. c4 c5 3. d5 b5 4. cxb5 a6 5. bxa6 g6 6. Nc3 Bxa6 7. g3 d6 8. Bg2 Bg7 9. Nf3
A58	Benko Gambit Accepted: Fully Accepted Variation	9	rnbqkb1r/3ppppp/P4n2/2pP4/8/8/PP2PPPP/RNBQKBNR b KQkq	1. d4 Nf6 2. c4 c5 3. d5 b5 4. cxb5 a6 5. bxa6
A58	Benko Gambit: Fianchetto Variation	15	rn1qkb1r/4pp1p/b2p1np1/2pP4/8/2N2NP1/PP2PP1P/R1BQKB1R b KQkq	1. d4 Nf6 2. c4 c5 3. d5 b5 4. cxb5 a6 5. bxa6 Bxa6 6. Nc3 d6 7. Nf3 g6 8. g3
A58	Benko Gambit: Nd2 Variation	15	rn1qkb1r/4pp1p/b2p1np1/2pP4/8/2N5/PP1NPPPP/R1BQKB1R b KQkq	1. d4 Nf6 2. c4 c5 3. d5 b5 4. cxb5 a6 5. bxa6 Bxa6 6. Nc3 d6 7. Nf3 g6 8. Nd2
A59	Benko Gambit	17	rn1qkb1r/4pp1p/3p1np1/2pP4/4P3/2N3P1/PP3P1P/R1BQ1KNR b kq	1. d4 Nf6 2. c4 c5 3. d5 b5 4. cxb5 a6 5. bxa6 g6 6. Nc3 Bxa6 7. e4 Bxf1 8. Kxf1 d6 9. g3
A59	Benko Gambit Accepted: King Walk Variation	21	rn1q1rk1/4ppbp/3p1np1/2pP4/4P3/2N2NP1/PP3PKP/R1BQ3R b -	1. d4 Nf6 2. c4 c5 3. d5 b5 4. cxb5 a6 5. bxa6 g6 6. Nc3 Bxa6 7. Nf3 d6 8. e4 Bxf1 9. Kxf1 Bg7 10. g3 O-O 11. Kg2
A59	Benko Gambit Accepted: Yugoslav	13	rn1qkb1r/4pppp/b2p1n2/2pP4/4P3/2N5/PP3PPP/R1BQKBNR b KQkq	1. d4 Nf6 2. c4 c5 3. d5 b5 4. cxb5 a6 5. bxa6 Bxa6 6. Nc3 d6 7. e4
A59	Benko Gambit Accepted: Yugoslav	17	rn1qkb1r/4pp1p/3p1np1/2pP4/4P3/2N5/PP2NPPP/R1BQ1K1R b kq	1. d4 Nf6 2. c4 c5 3. d5 b5 4. cxb5 a6 5. bxa6 g6 6. Nc3 Bxa6 7. e4 Bxf1 8. Kxf1 d6 9. Nge2
A60	Benoni Defense: Modern Variation	6	rnbqkb1r/pp1p1ppp/4pn2/2pP4/2P5/8/PP2PPPP/RNBQKBNR w KQkq	1. d4 Nf6 2. c4 c5 3. d5 e6
A60	Benoni Defense: Modern Variation, Snake Variation	10	rnbqk2r/pp1p1ppp/3b1n2/2pP4/8/2N5/PP2PPPP/R1BQKBNR w KQkq	1. d4 Nf6 2. c4 c5 3. d5 e6 4. Nc3 exd5 5. cxd5 Bd6
A61	Benoni Defense	12	rnbqkb1r/pp3p1p/3p1np1/2pP4/8/2N2N2/PP2PPPP/R1BQKB1R w KQkq	1. d4 Nf6 2. c4 e6 3. Nf3 c5 4. d5 exd5 5. cxd5 d6 6. Nc3 g6
A61	Benoni Defense: Fianchetto Variation	13	rnbqkb1r/pp3p1p/3p1np1/2pP4/8/2N2NP1/PP2PP1P/R1BQKB1R b KQkq	1. d4 Nf6 2. c4 e6 3. Nf3 c5 4. d5 exd5 5. cxd5 d6 6. Nc3 g6 7. g3
A61	Benoni Defense: Knight's Tour Variation	13	rnbqkb1r/pp3p1p/3p1np1/2pP4/8/2N5/PP1NPPPP/R1BQKB1R b KQkq	1. d4 Nf6 2. c4 e6 3. Nf3 c5 4. d5 exd5 5. cxd5 d6 6. Nc3 g6 7. Nd2
A61	Benoni Defense: Uhlmann Variation	13	rnbqkb1r/pp3p1p/3p1np1/2pP2B1/8/2N2N2/PP2PPPP/R2QKB1R b KQkq	1. d4 Nf6 2. c4 e6 3. Nf3 c5 4. d5 exd5 5. cxd5 d6 6. Nc3 g6 7. Bg5
A62	Benoni Defense: Fianchetto Variation	16	rnbq1rk1/pp3pbp/3p1np1/2pP4/8/2N2NP1/PP2PPBP/R1BQK2R w KQ	1. d4 Nf6 2. c4 e6 3. g3 c5 4. d5 exd5 5. cxd5 d6 6. Nc3 g6 7. Bg2 Bg7 8. Nf3 O-O
A63	Benoni Defense: Fianchetto Variation, Hastings Defense	18	r1bq1rk1/pp1n1pbp/3p1np1/2pP4/8/2N2NP1/PP2PPBP/R1BQ1RK1 w -	1. d4 Nf6 2. c4 e6 3. g3 c5 4. d5 exd5 5. cxd5 d6 6. Nc3 g6 7. Bg2 Bg7 8. Nf3 O-O 9. O-O Nbd7
A64	Benoni Defense: Fianchetto Variation, Hastings Defense, Main Line	22	r1bqr1k1/1p1n1pbp/p2p1np1/2pP4/P7/2N3P1/1P1NPPBP/R1BQ1RK1 w -	1. d4 Nf6 2. c4 e6 3. g3 c5 4. d5 exd5 5. cxd5 d6 6. Nc3 g6 7. Bg2 Bg7 8. Nf3 O-O 9. O-O a6 10. a4 Nbd7 11. Nd2 Re8
A65	Benoni Defense: King's Pawn Line	11	rnbqkb1r/pp3ppp/3p1n2/2pP4/4P3/2N5/PP3PPP/R1BQKBNR b KQkq	1. d4 Nf6 2. c4 c5 3. d5 e6 4. Nc3 exd5 5. cxd5 d6 6. e4
A65	Benoni Defense: King's Pawn Line	14	rnbqk2r/pp3pbp/3p1np1/2pP4/4P3/2N2P2/PP4PP/R1BQKBNR w KQkq	1. d4 Nf6 2. c4 c5 3. d5 e6 4. Nc3 exd5 5. cxd5 d6 6. e4 g6 7. f3 Bg7
A65	Benoni Defense: King's Pawn Line	17	rnbq1rk1/pp3pbp/3p1np1/2pP4/4P3/2N1BP2/PP1Q2PP/R3KBNR b KQ	1. d4 Nf6 2. c4 g6 3. f3 c5 4. d5 d6 5. e4 Bg7 6. Nc3 e6 7. Be3 O-O 8. Qd2 exd5 9. cxd5
A65	Benoni Defense: King's Pawn Line, with Be3	15	rnbqk2r/pp3pbp/3p1np1/2pP4/4P3/2N1BP2/PP4PP/R2QKBNR b KQkq	1. d4 Nf6 2. c4 c5 3. d5 e6 4. Nc3 exd5 5. cxd5 d6 6. e4 g6 7. f3 Bg7 8. Be3
A65	Benoni Defense: King's Pawn Line, with Bg5	13	rnbq1rk1/pp2ppbp/3p1np1/2pP2B1/2P1P3/2N2P2/PP4PP/R2QKBNR b KQ	1. d4 Nf6 2. c4 g6 3. Nc3 Bg7 4. e4 d6 5. f3 O-O 6. Bg5 c5 7. d5
A65	Benoni Defense: King's Pawn Line, with Bg5	15	rnbqk2r/pp3pbp/3p1np1/2pP2B1/4P3/2N2P2/PP4PP/R2QKBNR b KQkq	1. d4 Nf6 2. c4 c5 3. d5 e6 4. Nc3 exd5 5. cxd5 d6 6. e4 g6 7. f3 Bg7 8. Bg5
A65	Benoni Defense: King's Pawn Line, with Bg5	17	rnbq1rk1/pp3pbp/3p1np1/2pP2B1/2P5/2N2P2/PP1Q2PP/R3KBNR b KQ	1. d4 Nf6 2. c4 g6 3. Nc3 Bg7 4. e4 d6 5. f3 O-O 6. Bg5 c5 7. d5 e6 8. Qd2 exd5 9. exd5
A65	Benoni Defense: King's Pawn Line, with Nge2	15	rnbqk2r/pp3pbp/3p1np1/2pP4/4P3/2N2P2/PP2N1PP/R1BQKB1R b KQkq	1. d4 Nf6 2. c4 c5 3. d5 e6 4. Nc3 exd5 5. cxd5 d6 6. e4 g6 7. f3 Bg7 8. Nge2
A65	Benoni Defense: King's Pawn Line, with Nge2	17	rnbq1rk1/pp3pbp/3p1np1/2pP4/4P3/2N2PN1/PP4PP/R1BQKB1R b KQ	1. d4 Nf6 2. c4 g6 3. Nc3 Bg7 4. e4 d6 5. f3 O-O 6. Nge2 c5 7. d5 e6 8. Ng3 exd5 9. cxd5
A66	Benoni Defense: Mikenas Variation	15	rnbqk2r/pp3pbp/3p1np1/2pPP3/5P2/2N5/PP4PP/R1BQKBNR b KQkq	1. d4 Nf6 2. c4 c5 3. d5 e6 4. Nc3 exd5 5. cxd5 d6 6. e4 g6 7. f4 Bg7 8. e5
A66	Benoni Defense: Pawn Storm Variation	13	rnbqkb1r/pp3p1p/3p1np1/2pP4/4PP2/2N5/PP4PP/R1BQKBNR b KQkq	1. d4 Nf6 2. c4 c5 3. d5 e6 4. Nc3 exd5 5. cxd5 d6 6. e4 g6 7. f4
A67	Benoni Defense: Taimanov Variation	15	rnbqk2r/pp3pbp/3p1np1/1BpP4/4PP2/2N5/PP4PP/R1BQK1NR b KQkq	1. d4 Nf6 2. c4 c5 3. d5 e6 4. Nc3 exd5 5. cxd5 d6 6. e4 g6 7. f4 Bg7 8. Bb5+
A68	Benoni Defense: Four Pawns Attack	16	rnbq1rk1/pp3pbp/3p1np1/2pP4/4PP2/2N2N2/PP4PP/R1BQKB1R w KQ	1. d4 Nf6 2. c4 c5 3. d5 e6 4. Nc3 exd5 5. cxd5 d6 6. e4 g6 7. f4 Bg7 8. Nf3 O-O
A68	Benoni Defense: Four Pawns Attack	17	rnbq1rk1/pp3pbp/3p1np1/2pP4/4PP2/2N2N2/PP2B1PP/R1BQK2R b KQ	1. d4 Nf6 2. c4 c5 3. d5 e6 4. Nc3 exd5 5. cxd5 d6 6. e4 g6 7. f4 Bg7 8. Nf3 O-O 9. Be2
A69	Benoni Defense: Four Pawns Attack, Main Line	18	rnbqr1k1/pp3pbp/3p1np1/2pP4/4PP2/2N2N2/PP2B1PP/R1BQK2R w KQ	1. d4 Nf6 2. c4 c5 3. d5 e6 4. Nc3 exd5 5. cxd5 d6 6. e4 g6 7. f4 Bg7 8. Nf3 O-O 9. Be2 Re8
A69	Benoni Defense: Four Pawns Attack, Main Line	20	r1bqr1k1/pp1n1pbp/3p1np1/2pP4/4PP2/2N2N2/PP2B1PP/R1BQ1RK1 w -	1. d4 Nf6 2. c4 c5 3. d5 e6 4. Nc3 exd5 5. cxd5 d6 6. e4 g6 7. f4 Bg7 8. Nf3 O-O 9. Be2 Nbd7 10. O-O Re8
A69	Benoni Defense: Four Pawns Attack, Main Line	21	r1bqr1k1/pp1n1pbp/3p1np1/2pP4/4PP2/2N5/PP1NB1PP/R1BQ1RK1 b -	1. d4 Nf6 2. c4 c5 3. d5 e6 4. Nc3 exd5 5. cxd5 d6 6. e4 g6 7. f4 Bg7 8. Nf3 O-O 9. Be2 Nbd7 10. O-O Re8 11. Nd2
A69	Benoni Defense: Four Pawns Attack, Main Line	21	rnbqr1k1/1p3pbp/p2p1np1/2pP4/P3PP2/2N5/1P1NB1PP/R1BQK2R b KQ	1. d4 Nf6 2. c4 c5 3. d5 e6 4. Nc3 exd5 5. cxd5 d6 6. e4 g6 7. f4 Bg7 8. Nf3 O-O 9. Be2 a6 10. a4 Re8 11. Nd2
A70	Benoni Defense: Classical Variation	13	rnbqkb1r/pp3p1p/3p1np1/2pP4/4P3/2N2N2/PP3PPP/R1BQKB1R b KQkq	1. d4 Nf6 2. c4 e6 3. Nf3 c5 4. d5 exd5 5. cxd5 d6 6. Nc3 g6 7. e4
A70	Benoni Defense: Classical Variation, New York Variation	15	rnbqk2r/pp3pbp/3p1np1/2pP4/4P3/2N2N1P/PP3PP1/R1BQKB1R b KQkq	1. d4 Nf6 2. c4 e6 3. Nf3 c5 4. d5 exd5 5. cxd5 d6 6. Nc3 g6 7. e4 Bg7 8. h3
A70	Benoni Defense: Classical Variation, Traditional Variation	15	rnbqk2r/pp3pbp/3p1np1/2pP4/4P3/2N2N2/PP2BPPP/R1BQK2R b KQkq	1. d4 Nf6 2. c4 e6 3. Nf3 c5 4. d5 exd5 5. cxd5 d6 6. Nc3 g6 7. e4 Bg7 8. Be2
A71	Benoni Defense: Classical Variation, Averbakh-Grivas Attack	15	rnbqk2r/pp3pbp/3p1np1/2pP2B1/4P3/2N2N2/PP3PPP/R2QKB1R b KQkq	1. d4 Nf6 2. c4 e6 3. Nf3 c5 4. d5 exd5 5. cxd5 d6 6. Nc3 g6 7. e4 Bg7 8. Bg5
A72	Benoni Defense: Classical Variation	16	rnbq1rk1/pp3pbp/3p1np1/2pP4/4P3/2N2N2/PP2BPPP/R1BQK2R w KQ	1. d4 Nf6 2. c4 c5 3. d5 e6 4. Nc3 exd5 5. cxd5 d6 6. e4 g6 7. Nf3 Bg7 8. Be2 O-O
A73	Benoni Defense: Classical Variation, Main Line	17	rnbq1rk1/pp3pbp/3p1np1/2pP4/4P3/2N2N2/PP2BPPP/R1BQ1RK1 b -	1. d4 Nf6 2. c4 c5 3. d5 e6 4. Nc3 exd5 5. cxd5 d6 6. e4 g6 7. Nf3 Bg7 8. Be2 O-O 9. O-O
A74	Benoni Defense: Classical Variation, Full Line	19	rnbq1rk1/1p3pbp/p2p1np1/2pP4/P3P3/2N2N2/1P2BPPP/R1BQ1RK1 b -	1. d4 Nf6 2. c4 c5 3. d5 e6 4. Nc3 exd5 5. cxd5 d6 6. e4 g6 7. Nf3 Bg7 8. Be2 O-O 9. O-O a6 10. a4
A75	Benoni Defense: Classical Variation, Argentine Counterattack	20	rn1q1rk1/1p3pbp/p2p1np1/2pP4/P3P1b1/2N2N2/1P2BPPP/R1BQ1RK1 w -	1. d4 Nf6 2. c4 e6 3. Nf3 c5 4. d5 exd5 5. cxd5 d6 6. Nc3 g6 7. e4 Bg7 8. Be2 O-O 9. O-O a6 10. a4 Bg4
A76	Benoni Defense: Classical Variation, Czerniak Defense	18	rnbqr1k1/pp3pbp/3p1np1/2pP4/4P3/2N2N2/PP2BPPP/R1BQ1RK1 w -	1. d4 Nf6 2. c4 c5 3. d5 e6 4. Nc3 exd5 5. cxd5 d6 6. e4 g6 7. Nf3 Bg7 8. Be2 O-O 9. O-O Re8
A77	Benoni Defense: Classical Variation, Czerniak Defense, Tal Line	19	rnbqr1k1/pp3pbp/3p1np1/2pP4/4P3/2N5/PP1NBPPP/R1BQ1RK1 b -	1. d4 Nf6 2. c4 c5 3. d5 e6 4. Nc3 exd5 5. cxd5 d6 6. e4 g6 7. Nf3 Bg7 8. Be2 O-O 9. O-O Re8 10. Nd2
A77	Benoni Defense: Classical Variation, Czerniak Defense, Tal Line	20	r1bqr1k1/pp1n1pbp/3p1np1/2pP4/4P3/2N5/PP1NBPPP/R1BQ1RK1 w -	1. d4 Nf6 2. c4 c5 3. d5 e6 4. Nc3 exd5 5. cxd5 d6 6. e4 g6 7. Nf3 Bg7 8. Be2 O-O 9. O-O Re8 10. Nd2 Nbd7
A78	Benoni Defense: Classical Variation, Czerniak Defense	20	r1bqr1k1/pp3pbp/n2p1np1/2pP4/4P3/2N5/PP1NBPPP/R1BQ1RK1 w -	1. d4 Nf6 2. c4 e6 3. Nf3 c5 4. d5 exd5 5. cxd5 d6 6. Nc3 g6 7. e4 Bg7 8. Be2 O-O 9. O-O Re8 10. Nd2 Na6
A79	Benoni Defense: Classical Variation, Czerniak Defense	21	r1bqr1k1/pp3pbp/n2p1np1/2pP4/4P3/2N2P2/PP1NB1PP/R1BQ1RK1 b -	1. d4 Nf6 2. c4 c5 3. d5 e6 4. Nc3 exd5 5. cxd5 d6 6. e4 g6 7. Nf3 Bg7 8. Be2 O-O 9. O-O Re8 10. Nd2 Na6 11. f3
A80	Dutch Defense	2	rnbqkbnr/ppppp1pp/8/5p2/3P4/8/PPP1PPPP/RNBQKBNR w KQkq	1. d4 f5
A80	Dutch Defense: Alapin Variation	3	rnbqkbnr/ppppp1pp/8/5p2/3P4/3Q4/PPP1PPPP/RNB1KBNR b KQkq	1. d4 f5 2. Qd3
A80	Dutch Defense: Barcza Variation	5	rnbqkb1r/ppppp1pp/5n2/5p2/3P4/2P2N2/PP2PPPP/RNBQKB1R b KQkq	1. d4 f5 2. Nf3 Nf6 3. c3
A80	Dutch Defense: Hevendehl Gambit	4	rnbqkbnr/pppp2pp/8/4pp2/3P2P1/8/PPP1PP1P/RNBQKBNR w KQkq	1. d4 f5 2. g4 e5
A80	Dutch Defense: Hopton Attack	3	rnbqkbnr/ppppp1pp/8/5pB1/3P4/8/PPP1PPPP/RN1QKBNR b KQkq	1. d4 f5 2. Bg5
A80	Dutch Defense: Janzen-Korchnoi Gambit	5	rnbqkb1r/ppppp1pp/5n2/5p2/3P2P1/7P/PPP1PP2/RNBQKBNR b KQkq	1. d4 f5 2. h3 Nf6 3. g4
A80	Dutch Defense: Kingfisher Gambit	5	rnbqkbnr/ppp1p1pp/8/3p1p2/3PP3/2N5/PPP2PPP/R1BQKBNR b KQkq	1. d4 f5 2. Nc3 d5 3. e4
A80	Dutch Defense: Korchnoi Attack	3	rnbqkbnr/ppppp1pp/8/5p2/3P4/7P/PPP1PPP1/RNBQKBNR b KQkq	1. d4 f5 2. h3
A80	Dutch Defense: Krejcik Gambit	3	rnbqkbnr/ppppp1pp/8/5p2/3P2P1/8/PPP1PP1P/RNBQKBNR b KQkq	1. d4 f5 2. g4
A80	Dutch Defense: Krejcik Gambit, Tate Gambit	7	rnbqkbnr/ppp1p1pp/8/3p4/3PP1p1/2N5/PPP2P1P/R1BQKBNR b KQkq	1. d4 f5 2. g4 fxg4 3. e4 d5 4. Nc3
A80	Dutch Defense: Manhattan Gambit, Anti-Classical Line	5	rnbqkbnr/pppp2pp/4p3/5p2/3P2P1/3Q4/PPP1PP1P/RNB1KBNR b KQkq	1. d4 f5 2. Qd3 e6 3. g4
A80	Dutch Defense: Manhattan Gambit, Anti-Leningrad	5	rnbqkbnr/ppppp2p/6p1/5p2/3P2P1/3Q4/PPP1PP1P/RNB1KBNR b KQkq	1. d4 f5 2. Qd3 g6 3. g4
A80	Dutch Defense: Manhattan Gambit, Anti-Modern	5	rnbqkbnr/ppp1p1pp/3p4/5p2/3P2P1/3Q4/PPP1PP1P/RNB1KBNR b KQkq	1. d4 f5 2. Qd3 d6 3. g4
A80	Dutch Defense: Manhattan Gambit, Anti-Stonewall	5	rnbqkbnr/ppp1p1pp/8/3p1p2/3P2P1/3Q4/PPP1PP1P/RNB1KBNR b KQkq	1. d4 f5 2. Qd3 d5 3. g4
A80	Dutch Defense: Omega-Isis Gambit	4	rnbqkbnr/pppp2pp/8/4pp2/3P4/5N2/PPP1PPPP/RNBQKB1R w KQkq	1. d4 f5 2. Nf3 e5
A80	Dutch Defense: Raphael Variation	3	rnbqkbnr/ppppp1pp/8/5p2/3P4/2N5/PPP1PPPP/R1BQKBNR b KQkq	1. d4 f5 2. Nc3
A80	Dutch Defense: Senechaud Gambit	5	rnbqkbnr/pppp2pp/4p3/5p2/3P1BP1/8/PPP1PP1P/RN1QKBNR b KQkq	1. d4 f5 2. Bf4 e6 3. g4
A80	Dutch Defense: Spielmann Gambit	5	rnbqkb1r/ppppp1pp/5n2/5p2/3P2P1/2N5/PPP1PP1P/R1BQKBNR b KQkq	1. d4 f5 2. Nc3 Nf6 3. g4
A80	Queen's Pawn Game: Veresov Attack, Dutch System	4	rnbqkbnr/ppp1p1pp/8/3p1p2/3P4/2N5/PPP1PPPP/R1BQKBNR w KQkq	1. d4 f5 2. Nc3 d5
A81	Dutch Defense: Blackburne Variation	7	rnbqkb1r/pppp2pp/4pn2/5p2/3P4/6PN/PPP1PPBP/RNBQK2R b KQkq	1. d4 f5 2. g3 Nf6 3. Bg2 e6 4. Nh3
A81	Dutch Defense: Fianchetto Attack	3	rnbqkbnr/ppppp1pp/8/5p2/3P4/6P1/PPP1PP1P/RNBQKBNR b KQkq	1. d4 f5 2. g3
A81	Dutch Defense: Leningrad Variation, Carlsbad Variation	7	rnbqk1nr/ppppp1bp/6p1/5p2/3P4/6PN/PPP1PPBP/RNBQK2R b KQkq	1. d4 f5 2. g3 g6 3. Bg2 Bg7 4. Nh3
A81	Dutch Defense: Leningrad, Basman System	10	rnbqk2r/pp1pp1bp/2p3pn/5p2/3P4/5NP1/PPP1PPBP/RNBQ1RK1 w kq	1. d4 f5 2. g3 c6 3. Bg2 g6 4. Nf3 Bg7 5. O-O Nh6
A81	Dutch Defense: Semi-Leningrad Variation	6	rnbqkb1r/ppppp2p/5np1/5p2/3P4/6P1/PPP1PPBP/RNBQK1NR w KQkq	1. d4 f5 2. g3 Nf6 3. Bg2 g6
A82	Dutch Defense: Blackmar's Second Gambit	7	rnbqkb1r/ppppp1pp/5n2/8/3Pp3/2N2P2/PPP3PP/R1BQKBNR b KQkq	1. d4 f5 2. e4 fxe4 3. Nc3 Nf6 4. f3
A82	Dutch Defense: Staunton Gambit	3	rnbqkbnr/ppppp1pp/8/5p2/3PP3/8/PPP2PPP/RNBQKBNR b KQkq	1. d4 f5 2. e4
A82	Dutch Defense: Staunton Gambit Accepted	4	rnbqkbnr/ppppp1pp/8/8/3Pp3/8/PPP2PPP/RNBQKBNR w KQkq	1. d4 f5 2. e4 fxe4
A82	Dutch Defense: Staunton Gambit, American Attack	5	rnbqkbnr/ppppp1pp/8/8/3Pp3/8/PPPN1PPP/R1BQKBNR b KQkq	1. d4 f5 2. e4 fxe4 3. Nd2
A82	Dutch Defense: Staunton Gambit, Tartakower Variation	7	rnbqkb1r/ppppp1pp/5n2/8/3Pp1P1/2N5/PPP2P1P/R1BQKBNR b KQkq	1. d4 f5 2. e4 fxe4 3. Nc3 Nf6 4. g4
A82	Rat Defense: Balogh Defense	4	rnbqkbnr/ppp1p1pp/3p4/5p2/3PP3/8/PPP2PPP/RNBQKBNR w KQkq	1. e4 d6 2. d4 f5
A83	Dutch Defense: Staunton Gambit	7	rnbqkb1r/ppppp1pp/5n2/6B1/3Pp3/2N5/PPP2PPP/R2QKBNR b KQkq	1. d4 f5 2. e4 fxe4 3. Nc3 Nf6 4. Bg5
A83	Dutch Defense: Staunton Gambit, Alekhine Variation	9	rnbqkb1r/ppppp2p/5np1/6B1/3Pp2P/2N5/PPP2PP1/R2QKBNR b KQkq	1. d4 f5 2. e4 fxe4 3. Nc3 Nf6 4. Bg5 g6 5. h4
A83	Dutch Defense: Staunton Gambit, Chigorin Variation	8	rnbqkb1r/pp1pp1pp/2p2n2/6B1/3Pp3/2N5/PPP2PPP/R2QKBNR w KQkq	1. d4 f5 2. e4 fxe4 3. Nc3 Nf6 4. Bg5 c6
A83	Dutch Defense: Staunton Gambit, Lasker Variation	9	rnbqkb1r/ppppp2p/5np1/6B1/3Pp3/2N2P2/PPP3PP/R2QKBNR b KQkq	1. d4 f5 2. e4 fxe4 3. Nc3 Nf6 4. Bg5 g6 5. f3
A83	Dutch Defense: Staunton Gambit, Nimzowitsch Variation	8	rnbqkb1r/p1ppp1pp/1p3n2/6B1/3Pp3/2N5/PPP2PPP/R2QKBNR w KQkq	1. d4 f5 2. e4 fxe4 3. Nc3 Nf6 4. Bg5 b6
A84	Dutch Defense	3	rnbqkbnr/ppppp1pp/8/5p2/2PP4/8/PP2PPPP/RNBQKBNR b KQkq	1. d4 f5 2. c4
A84	Dutch Defense: Bellon Gambit	5	rnbqkbnr/pppp2pp/4p3/5p2/2PPP3/8/PP3PPP/RNBQKBNR b KQkq	1. d4 f5 2. c4 e6 3. e4
A84	Dutch Defense: Bladel Variation	6	rnbqkb1r/ppppp2p/6pn/5p2/2PP4/2N5/PP2PPPP/R1BQKBNR w KQkq	1. d4 f5 2. c4 g6 3. Nc3 Nh6
A84	Dutch Defense: Classical Variation	4	rnbqkbnr/pppp2pp/4p3/5p2/2PP4/8/PP2PPPP/RNBQKBNR w KQkq	1. d4 f5 2. c4 e6
A84	Dutch Defense: Krause Variation	8	r1bqkb1r/ppp1p1pp/2np1n2/5p2/2PP4/2N2N2/PP2PPPP/R1BQKB1R w KQkq	1. d4 f5 2. c4 Nf6 3. Nc3 d6 4. Nf3 Nc6
A84	Dutch Defense: Normal Variation	4	rnbqkb1r/ppppp1pp/5n2/5p2/2PP4/8/PP2PPPP/RNBQKBNR w KQkq	1. d4 f5 2. c4 Nf6
A84	Dutch Defense: Rubinstein Variation	5	rnbqkbnr/pppp2pp/4p3/5p2/2PP4/2N5/PP2PPPP/R1BQKBNR b KQkq	1. d4 f5 2. c4 e6 3. Nc3
A85	Dutch Defense: Queen's Knight Variation	5	rnbqkb1r/ppppp1pp/5n2/5p2/2PP4/2N5/PP2PPPP/R1BQKBNR b KQkq	1. d4 f5 2. c4 Nf6 3. Nc3
A86	Dutch Defense: Fianchetto Variation	5	rnbqkb1r/ppppp1pp/5n2/5p2/2PP4/6P1/PP2PP1P/RNBQKBNR b KQkq	1. d4 f5 2. c4 Nf6 3. g3
A86	Dutch Defense: Hort-Antoshin System	10	rnb1kb1r/ppq1p1pp/2pp1n2/5p2/2PP4/2N3P1/PP2PPBP/R1BQK1NR w KQkq	1. d4 f5 2. c4 Nf6 3. g3 d6 4. Bg2 c6 5. Nc3 Qc7
A86	Dutch Defense: Leningrad Variation	6	rnbqkb1r/ppppp2p/5np1/5p2/2PP4/6P1/PP2PP1P/RNBQKBNR w KQkq	1. d4 f5 2. c4 Nf6 3. g3 g6
A87	Dutch Defense: Leningrad Variation	9	rnbqk2r/ppppp1bp/5np1/5p2/2PP4/5NP1/PP2PPBP/RNBQK2R b KQkq	1. d4 f5 2. c4 Nf6 3. g3 g6 4. Bg2 Bg7 5. Nf3
A88	Dutch Defense: Leningrad Variation, Warsaw Variation	14	rnbq1rk1/pp2p1bp/2pp1np1/5p2/2PP4/2N2NP1/PP2PPBP/R1BQ1RK1 w -	1. d4 f5 2. g3 Nf6 3. Bg2 g6 4. Nf3 Bg7 5. O-O O-O 6. c4 d6 7. Nc3 c6
A89	Dutch Defense: Leningrad Variation, Matulovic Variation	14	r1bq1rk1/ppp1p1bp/2np1np1/5p2/2PP4/2N2NP1/PP2PPBP/R1BQ1RK1 w -	1. d4 f5 2. g3 Nf6 3. Bg2 g6 4. Nf3 Bg7 5. O-O O-O 6. c4 d6 7. Nc3 Nc6
A90	Dutch Defense: Classical Variation	7	rnbqkb1r/pppp2pp/4pn2/5p2/2PP4/6P1/PP2PPBP/RNBQK1NR b KQkq	1. d4 f5 2. c4 Nf6 3. g3 e6 4. Bg2
A90	Dutch Defense: Classical Variation	9	rnbqkb1r/ppp3pp/4pn2/3p1p2/2PP4/5NP1/PP2PPBP/RNBQK2R b KQkq	1. d4 f5 2. c4 Nf6 3. g3 e6 4. Bg2 d5 5. Nf3
A90	Dutch Defense: Nimzo-Dutch Variation	8	rnbqk2r/pppp2pp/4pn2/5p2/1bPP4/6P1/PP2PPBP/RNBQK1NR w KQkq	1. d4 f5 2. c4 Nf6 3. g3 e6 4. Bg2 Bb4+
A90	Dutch Defense: Nimzo-Dutch Variation, Alekhine Variation	10	rnbqk2r/ppppb1pp/4pn2/5p2/2PP4/6P1/PP1BPPBP/RN1QK1NR w KQkq	1. d4 f5 2. c4 Nf6 3. g3 e6 4. Bg2 Bb4+ 5. Bd2 Be7
A90	Dutch Defense: Stonewall Variation, Modern Variation	12	rnbqk2r/pp4pp/2pbpn2/3p1p2/2PP4/5NP1/PP2PPBP/RNBQ1RK1 w kq	1. d4 f5 2. c4 e6 3. Nf3 Nf6 4. g3 c6 5. Bg2 d5 6. O-O Bd6
A91	Dutch Defense: Classical Variation	8	rnbqk2r/ppppb1pp/4pn2/5p2/2PP4/6P1/PP2PPBP/RNBQK1NR w KQkq	1. d4 f5 2. c4 Nf6 3. g3 e6 4. Bg2 Be7
A91	Dutch Defense: Classical Variation, Blackburne Attack	9	rnbqk2r/ppppb1pp/4pn2/5p2/2PP4/6PN/PP2PPBP/RNBQK2R b KQkq	1. d4 f5 2. c4 Nf6 3. g3 e6 4. Bg2 Be7 5. Nh3
A92	Dutch Defense: Alekhine Variation	12	rnbq1rk1/ppppb1pp/4p3/5p2/2PPn3/5NP1/PP2PPBP/RNBQ1RK1 w -	1. d4 f5 2. c4 Nf6 3. g3 e6 4. Bg2 Be7 5. Nf3 O-O 6. O-O Ne4
A92	Dutch Defense: Classical Variation	10	rnbq1rk1/ppppb1pp/4pn2/5p2/2PP4/5NP1/PP2PPBP/RNBQK2R w KQ	1. d4 f5 2. c4 Nf6 3. g3 e6 4. Bg2 Be7 5. Nf3 O-O
A92	Dutch Defense: Stonewall Variation	13	rnbq1rk1/ppp1b1pp/4pn2/3p1p2/2PP4/2N2NP1/PP2PPBP/R1BQ1RK1 b -	1. d4 f5 2. c4 Nf6 3. g3 e6 4. Bg2 Be7 5. Nf3 O-O 6. O-O d5 7. Nc3
A92	Dutch Defense: Stonewall Variation	12	rnbq1rk1/ppp1b1pp/4pn2/3p1p2/2PP4/5NP1/PP2PPBP/RNBQ1RK1 w -	1. d4 f5 2. c4 Nf6 3. g3 e6 4. Bg2 Be7 5. Nf3 O-O 6. O-O d5
A93	Dutch Defense: Stonewall Variation, Botvinnik Variation	13	rnbq1rk1/ppp1b1pp/4pn2/3p1p2/2PP4/1P3NP1/P3PPBP/RNBQ1RK1 b -	1. d4 f5 2. c4 Nf6 3. g3 e6 4. Bg2 Be7 5. Nf3 O-O 6. O-O d5 7. b3
A94	Dutch Defense: Stonewall Variation	15	rnbq1rk1/pp2b1pp/2p1pn2/3p1p2/2PP4/BP3NP1/P3PPBP/RN1Q1RK1 b -	1. d4 f5 2. c4 Nf6 3. g3 e6 4. Bg2 Be7 5. Nf3 O-O 6. O-O d5 7. b3 c6 8. Ba3
A95	Dutch Defense: Stonewall Variation	14	rnbq1rk1/pp2b1pp/2p1pn2/3p1p2/2PP4/2N2NP1/PP2PPBP/R1BQ1RK1 w -	1. d4 f5 2. c4 Nf6 3. g3 e6 4. Bg2 Be7 5. Nf3 O-O 6. O-O d5 7. Nc3 c6
A95	Dutch Defense: Stonewall Variation, Chekhover Variation	17	rnb1qrk1/pp2b1pp/2p1pn2/3p1pB1/2PP4/2N2NP1/PPQ1PPBP/R4RK1 b -	1. d4 f5 2. c4 Nf6 3. g3 e6 4. Bg2 Be7 5. Nf3 O-O 6. O-O d5 7. Nc3 c6 8. Qc2 Qe8 9. Bg5
A96	Dutch Defense: Classical Variation	12	rnbq1rk1/ppp1b1pp/3ppn2/5p2/2PP4/5NP1/PP2PPBP/RNBQ1RK1 w -	1. d4 f5 2. c4 Nf6 3. g3 e6 4. Bg2 Be7 5. Nf3 O-O 6. O-O d6
A96	Dutch Defense: Classical Variation, Buenos Aires Variation	14	rnbq1rk1/1pp1b1pp/3ppn2/p4p2/2PP4/2N2NP1/PP2PPBP/R1BQ1RK1 w -	1. d4 f5 2. c4 Nf6 3. g3 e6 4. Bg2 Be7 5. Nf3 O-O 6. O-O d6 7. Nc3 a5
A96	Dutch Defense: Classical Variation, Huisl Variation	14	rnbq1rk1/ppp1b1pp/3pp3/5p2/2PPn3/2N2NP1/PP2PPBP/R1BQ1RK1 w -	1. d4 f5 2. c4 Nf6 3. g3 e6 4. Bg2 Be7 5. Nf3 O-O 6. O-O d6 7. Nc3 Ne4
A97	Dutch Defense: Classical Variation, Ilyin-Zhenevsky Variation	14	rnb1qrk1/ppp1b1pp/3ppn2/5p2/2PP4/2N2NP1/PP2PPBP/R1BQ1RK1 w -	1. d4 f5 2. c4 Nf6 3. g3 e6 4. Bg2 Be7 5. Nf3 O-O 6. O-O d6 7. Nc3 Qe8
A97	Dutch Defense: Classical Variation, Ilyin-Zhenevsky Variation, Winter Variation	15	rnb1qrk1/ppp1b1pp/3ppn2/5p2/2PP4/2N2NP1/PP2PPBP/R1BQR1K1 b -	1. d4 f5 2. c4 Nf6 3. g3 e6 4. Bg2 Be7 5. Nf3 O-O 6. O-O d6 7. Nc3 Qe8 8. Re1
A98	Dutch Defense: Classical Variation, Ilyin-Zhenevsky Variation, Alatortsev-Lisitsyn Line	15	rnb1qrk1/ppp1b1pp/3ppn2/5p2/2PP4/2N2NP1/PPQ1PPBP/R1B2RK1 b -	1. d4 f5 2. c4 Nf6 3. g3 e6 4. Bg2 Be7 5. Nf3 O-O 6. O-O d6 7. Nc3 Qe8 8. Qc2
A99	Dutch Defense: Classical Variation, Ilyin-Zhenevsky Variation, Modern Main Line	15	rnb1qrk1/ppp1b1pp/3ppn2/5p2/2PP4/1PN2NP1/P3PPBP/R1BQ1RK1 b -	1. d4 f5 2. c4 Nf6 3. g3 e6 4. Bg2 Be7 5. Nf3 O-O 6. O-O d6 7. Nc3 Qe8 8. b3
B00	Barnes Defense	2	rnbqkbnr/ppppp1pp/5p2/8/4P3/8/PPPP1PPP/RNBQKBNR w KQkq	1. e4 f6
B00	Borg Defense	2	rnbqkbnr/pppppp1p/8/6p1/4P3/8/PPPP1PPP/RNBQKBNR w KQkq	1. e4 g5
B00	Borg Defense: Borg Gambit	4	rnbqk1nr/ppppppbp/8/6p1/3PP3/8/PPP2PPP/RNBQKBNR w KQkq	1. e4 g5 2. d4 Bg7
B00	Borg Defense: Troon Gambit	6	rnbqkbnr/pppppp2/7p/8/3PP1pP/8/PPP2PP1/RNBQKBNR w KQkq	1. e4 g5 2. d4 h6 3. h4 g4
B00	Borg Defense: Zilbermints Gambit	4	rnbqkbnr/pppp1p1p/8/4p1p1/3PP3/8/PPP2PPP/RNBQKBNR w KQkq	1. e4 g5 2. d4 e5
B00	Carr Defense	2	rnbqkbnr/ppppppp1/7p/8/4P3/8/PPPP1PPP/RNBQKBNR w KQkq	1. e4 h6
B00	Carr Defense: Zilbermints Gambit	4	rnbqkbnr/pppp1pp1/7p/4p3/3PP3/8/PPP2PPP/RNBQKBNR w KQkq	1. e4 h6 2. d4 e5
B00	Duras Gambit	2	rnbqkbnr/ppppp1pp/8/5p2/4P3/8/PPPP1PPP/RNBQKBNR w KQkq	1. e4 f5
B00	Fried Fox Defense	4	rnbq1bnr/pppppkpp/5p2/8/3PP3/8/PPP2PPP/RNBQKBNR w KQ	1. e4 f6 2. d4 Kf7
B00	Goldsmith Defense	2	rnbqkbnr/ppppppp1/8/7p/4P3/8/PPPP1PPP/RNBQKBNR w KQkq	1. e4 h5
B00	Goldsmith Defense: Picklepuss Defense	4	rnbqkb1r/ppppppp1/5n2/7p/3PP3/8/PPP2PPP/RNBQKBNR w KQkq	1. e4 h5 2. d4 Nf6
B00	Hippopotamus Defense	2	rnbqkb1r/pppppppp/7n/8/4P3/8/PPPP1PPP/RNBQKBNR w KQkq	1. e4 Nh6
B00	Hippopotamus Defense	6	rnbqkb1r/ppppp2p/5ppn/8/2PPP3/8/PP3PPP/RNBQKBNR w KQkq	1. e4 Nh6 2. d4 g6 3. c4 f6
B00	King's Pawn Game	1	rnbqkbnr/pppppppp/8/8/4P3/8/PPPP1PPP/RNBQKBNR b KQkq	1. e4
B00	Lemming Defense	2	r1bqkbnr/pppppppp/n7/8/4P3/8/PPPP1PPP/RNBQKBNR w KQkq	1. e4 Na6
B00	Lion Defense: Lion's Jaw	5	rnbqkb1r/ppp1pppp/3p1n2/8/3PP3/5P2/PPP3PP/RNBQKBNR b KQkq	1. e4 d6 2. d4 Nf6 3. f3
B00	Nimzowitsch Defense	2	r1bqkbnr/pppppppp/2n5/8/4P3/8/PPPP1PPP/RNBQKBNR w KQkq	1. e4 Nc6
B00	Nimzowitsch Defense	3	r1bqkbnr/pppppppp/2n5/8/3PP3/8/PPP2PPP/RNBQKBNR b KQkq	1. e4 Nc6 2. d4
B00	Nimzowitsch Defense: Breyer Variation	6	r1bqkb1r/pppp1ppp/2n2n2/4p3/3PP3/2N5/PPP2PPP/R1BQKBNR w KQkq	1. e4 Nc6 2. Nc3 Nf6 3. d4 e5
B00	Nimzowitsch Defense: Colorado Countergambit	4	r1bqkbnr/ppppp1pp/2n5/5p2/4P3/5N2/PPPP1PPP/RNBQKB1R w KQkq	1. e4 Nc6 2. Nf3 f5
B00	Nimzowitsch Defense: Colorado Countergambit Accepted	5	r1bqkbnr/ppppp1pp/2n5/5P2/8/5N2/PPPP1PPP/RNBQKB1R b KQkq	1. e4 Nc6 2. Nf3 f5 3. exf5
B00	Nimzowitsch Defense: Declined Variation	3	r1bqkbnr/pppppppp/2n5/8/4P3/5N2/PPPP1PPP/RNBQKB1R b KQkq	1. e4 Nc6 2. Nf3
B00	Nimzowitsch Defense: El Columpio Defense	6	r1bqkb1r/pppppppp/2n5/4P3/6n1/5N2/PPPP1PPP/RNBQKB1R w KQkq	1. e4 Nc6 2. Nf3 Nf6 3. e5 Ng4
B00	Nimzowitsch Defense: El Columpio Defense, El Columpio Gambit	11	r1bqkb1r/ppp1pppp/2npP2n/8/3P4/5N1P/PPP2PP1/RNBQKB1R b KQkq	1. e4 Nc6 2. Nf3 Nf6 3. e5 Ng4 4. d4 d6 5. h3 Nh6 6. e6
B00	Nimzowitsch Defense: El Columpio Defense, Exchange Variation	11	r1bqkb1r/ppp1pppp/2nP3n/8/3P4/5N1P/PPP2PP1/RNBQKB1R b KQkq	1. e4 Nc6 2. Nf3 Nf6 3. e5 Ng4 4. d4 d6 5. h3 Nh6 6. exd6
B00	Nimzowitsch Defense: El Columpio Defense, Pin Variation	11	r1bqkb1r/ppp1pppp/2np3n/1B2P3/3P4/5N1P/PPP2PP1/RNBQK2R b KQkq	1. e4 Nc6 2. Nf3 Nf6 3. e5 Ng4 4. d4 d6 5. h3 Nh6 6. Bb5
B00	Nimzowitsch Defense: Franco-Nimzowitsch Variation	4	r1bqkbnr/pppp1ppp/2n1p3/8/4P3/5N2/PPPP1PPP/RNBQKB1R w KQkq	1. e4 Nc6 2. Nf3 e6
B00	Nimzowitsch Defense: French Connection	4	r1bqkbnr/pppp1ppp/2n1p3/8/4P3/2N5/PPPP1PPP/R1BQKBNR w KQkq	1. e4 Nc6 2. Nc3 e6
B00	Nimzowitsch Defense: Hornung Gambit	5	r1bqkbnr/ppp1pppp/2n5/3p4/3PP3/4B3/PPP2PPP/RN1QKBNR b KQkq	1. e4 Nc6 2. d4 d5 3. Be3
B00	Nimzowitsch Defense: Kennedy Variation	4	r1bqkbnr/pppp1ppp/2n5/4p3/3PP3/8/PPP2PPP/RNBQKBNR w KQkq	1. e4 Nc6 2. d4 e5
B00	Nimzowitsch Defense: Kennedy Variation, Bielefelder Gambit	6	r1bqk1nr/pppp1ppp/2n5/2b1P3/4P3/8/PPP2PPP/RNBQKBNR w KQkq	1. e4 Nc6 2. d4 e5 3. dxe5 Bc5
B00	Nimzowitsch Defense: Kennedy Variation, Hammer Gambit	6	r1bqkbnr/pppp2pp/2n2p2/4P3/4P3/8/PPP2PPP/RNBQKBNR w KQkq	1. e4 Nc6 2. d4 e5 3. dxe5 f6
B00	Nimzowitsch Defense: Kennedy Variation, Herford Gambit	6	r1b1kbnr/pppp1ppp/2n5/4P3/4P2q/8/PPP2PPP/RNBQKBNR w KQkq	1. e4 Nc6 2. d4 e5 3. dxe5 Qh4
B00	Nimzowitsch Defense: Kennedy Variation, Keres Attack	7	r1bqkbnr/pppp1ppp/8/4n3/4P3/2N5/PPP2PPP/R1BQKBNR b KQkq	1. e4 Nc6 2. d4 e5 3. dxe5 Nxe5 4. Nc3
B00	Nimzowitsch Defense: Kennedy Variation, Linksspringer Variation	5	r1bqkbnr/pppp1ppp/2n5/3Pp3/4P3/8/PPP2PPP/RNBQKBNR b KQkq	1. e4 Nc6 2. d4 e5 3. d5
B00	Nimzowitsch Defense: Kennedy Variation, Main Line	8	r1bqkbnr/pppp1ppp/6n1/8/4PP2/8/PPP3PP/RNBQKBNR w KQkq	1. e4 Nc6 2. d4 e5 3. dxe5 Nxe5 4. f4 Ng6
B00	Nimzowitsch Defense: Kennedy Variation, Paulsen Attack	7	r1bqkbnr/pppp1ppp/8/4n3/4P3/5N2/PPP2PPP/RNBQKB1R b KQkq	1. e4 Nc6 2. d4 e5 3. dxe5 Nxe5 4. Nf3
B00	Nimzowitsch Defense: Kennedy Variation, Riemann Defense	8	r1bqkbnr/pppp1ppp/2n5/8/4PP2/8/PPP3PP/RNBQKBNR w KQkq	1. e4 Nc6 2. d4 e5 3. dxe5 Nxe5 4. f4 Nc6
B00	Nimzowitsch Defense: Kennedy Variation, de Smet Gambit	6	r1bqkbnr/ppp2ppp/2np4/4P3/4P3/8/PPP2PPP/RNBQKBNR w KQkq	1. e4 Nc6 2. d4 e5 3. dxe5 d6
B00	Nimzowitsch Defense: Mikenas Variation	4	r1bqkbnr/ppp1pppp/2np4/8/3PP3/8/PPP2PPP/RNBQKBNR w KQkq	1. e4 Nc6 2. d4 d6
B00	Nimzowitsch Defense: Neo-Mongoloid Defense	4	r1bqkbnr/ppppp1pp/2n2p2/8/3PP3/8/PPP2PPP/RNBQKBNR w KQkq	1. e4 Nc6 2. d4 f6
B00	Nimzowitsch Defense: Pirc Connection	4	r1bqkbnr/pppppp1p/2n3p1/8/4P3/2N5/PPPP1PPP/R1BQKBNR w KQkq	1. e4 Nc6 2. Nc3 g6
B00	Nimzowitsch Defense: Pseudo-Spanish Variation	3	r1bqkbnr/pppppppp/2n5/1B6/4P3/8/PPPP1PPP/RNBQK1NR b KQkq	1. e4 Nc6 2. Bb5
B00	Nimzowitsch Defense: Scandinavian Variation	4	r1bqkbnr/ppp1pppp/2n5/3p4/3PP3/8/PPP2PPP/RNBQKBNR w KQkq	1. e4 Nc6 2. d4 d5
B00	Nimzowitsch Defense: Scandinavian Variation, Aachen Gambit	6	r1bqkbnr/ppp1pppp/8/3P4/1n1P4/8/PPP2PPP/RNBQKBNR w KQkq	1. e4 Nc6 2. d4 d5 3. exd5 Nb4
B00	Nimzowitsch Defense: Scandinavian Variation, Advance Variation	5	r1bqkbnr/ppp1pppp/2n5/3pP3/3P4/8/PPP2PPP/RNBQKBNR b KQkq	1. e4 Nc6 2. d4 d5 3. e5
B00	Nimzowitsch Defense: Scandinavian Variation, Bogoljubow Variation	5	r1bqkbnr/ppp1pppp/2n5/3p4/3PP3/2N5/PPP2PPP/R1BQKBNR b KQkq	1. e4 Nc6 2. d4 d5 3. Nc3
B00	Nimzowitsch Defense: Scandinavian Variation, Bogoljubow Variation	6	r1bqkbnr/ppp1pppp/2n5/8/3Pp3/2N5/PPP2PPP/R1BQKBNR w KQkq	1. e4 Nc6 2. d4 d5 3. Nc3 dxe4
B00	Nimzowitsch Defense: Scandinavian Variation, Bogoljubow Variation, Brandics Gambit	6	r1bqkbnr/1pp1pppp/p1n5/3p4/3PP3/2N5/PPP2PPP/R1BQKBNR w KQkq	1. e4 Nc6 2. d4 d5 3. Nc3 a6
B00	Nimzowitsch Defense: Scandinavian Variation, Bogoljubow Variation, Erben Gambit	6	r1bqkbnr/ppp1pp1p/2n3p1/3p4/3PP3/2N5/PPP2PPP/R1BQKBNR w KQkq	1. e4 Nc6 2. d4 d5 3. Nc3 g6
B00	Nimzowitsch Defense: Scandinavian Variation, Bogoljubow Variation, Heinola-Deppe Gambit	6	r1bqkbnr/ppp2ppp/2n5/3pp3/3PP3/2N5/PPP2PPP/R1BQKBNR w KQkq	1. e4 Nc6 2. d4 d5 3. Nc3 e5
B00	Nimzowitsch Defense: Scandinavian Variation, Bogoljubow Variation, Nimzowitsch Gambit	8	r1bqkbnr/ppp1pppp/8/3Pn3/4p3/2N5/PPP2PPP/R1BQKBNR w KQkq	1. e4 Nc6 2. d4 d5 3. Nc3 dxe4 4. d5 Ne5
B00	Nimzowitsch Defense: Scandinavian Variation, Bogoljubow Variation, Richter Gambit	9	rnbqkbnr/ppp1pppp/8/3P4/4p3/2N2P2/PPP3PP/R1BQKBNR b KQkq	1. e4 Nc6 2. d4 d5 3. Nc3 dxe4 4. d5 Nb8 5. f3
B00	Nimzowitsch Defense: Scandinavian Variation, Bogoljubow Variation, Vehre Variation	6	r1bqkb1r/ppp1pppp/2n2n2/3p4/3PP3/2N5/PPP2PPP/R1BQKBNR w KQkq	1. e4 Nc6 2. d4 d5 3. Nc3 Nf6
B00	Nimzowitsch Defense: Scandinavian Variation, Exchange Variation	6	r1b1kbnr/ppp1pppp/2n5/3q4/3P4/8/PPP2PPP/RNBQKBNR w KQkq	1. e4 Nc6 2. d4 d5 3. exd5 Qxd5
B00	Nimzowitsch Defense: Scandinavian Variation, Exchange Variation, Marshall Gambit	7	r1b1kbnr/ppp1pppp/2n5/3q4/3P4/2N5/PPP2PPP/R1BQKBNR b KQkq	1. e4 Nc6 2. d4 d5 3. exd5 Qxd5 4. Nc3
B00	Nimzowitsch Defense: Wheeler Gambit	3	r1bqkbnr/pppppppp/2n5/8/1P2P3/8/P1PP1PPP/RNBQKBNR b KQkq	1. e4 Nc6 2. b4
B00	Nimzowitsch Defense: Williams Variation	4	r1bqkbnr/ppp1pppp/2np4/8/4P3/5N2/PPPP1PPP/RNBQKB1R w KQkq	1. e4 Nc6 2. Nf3 d6
B00	Nimzowitsch Defense: Woodchuck Variation	4	r1bqkbnr/1ppppppp/p1n5/8/3PP3/8/PPP2PPP/RNBQKBNR w KQkq	1. e4 Nc6 2. d4 a6
B00	Owen Defense	2	rnbqkbnr/p1pppppp/1p6/8/4P3/8/PPPP1PPP/RNBQKBNR w KQkq	1. e4 b6
B00	Owen Defense: Guatemala Defense	4	rn1qkbnr/p1pppppp/bp6/8/3PP3/8/PPP2PPP/RNBQKBNR w KQkq	1. e4 b6 2. d4 Ba6
B00	Owen Defense: Hekili-Loa Gambit	6	r1bqkbnr/p2ppppp/1pn5/2P5/4P3/8/PPP2PPP/RNBQKBNR w KQkq	1. e4 b6 2. d4 c5 3. dxc5 Nc6
B00	Owen Defense: Matovinsky Gambit	10	rn1qkbnr/p1ppp2p/1p4p1/5P1Q/3P4/3B4/PPP2PbP/RNB1K1NR w KQkq	1. e4 b6 2. d4 Bb7 3. Bd3 f5 4. exf5 Bxg2 5. Qh5+ g6
B00	Owen Defense: Naselwaus Gambit	5	rn1qkbnr/pbpppppp/1p6/6B1/3PP3/8/PPP2PPP/RN1QKBNR b KQkq	1. e4 b6 2. d4 Bb7 3. Bg5
B00	Owen Defense: Smith Gambit	5	rn1qkbnr/pbpppppp/1p6/8/3PP3/5N2/PPP2PPP/RNBQKB1R b KQkq	1. e4 b6 2. d4 Bb7 3. Nf3
B00	Owen Defense: Unicorn Variation	6	rn1qkbnr/pbppp1pp/1p3p2/8/2PPP3/8/PP3PPP/RNBQKBNR w KQkq	1. e4 f6 2. d4 b6 3. c4 Bb7
B00	Owen Defense: Wind Gambit	6	rn1qkbnr/pbpp1ppp/1p6/4p3/3PP3/5P2/PPP3PP/RNBQKBNR w KQkq	1. e4 b6 2. d4 Bb7 3. f3 e5
B00	Pirc Defense	2	rnbqkbnr/ppp1pppp/3p4/8/4P3/8/PPPP1PPP/RNBQKBNR w KQkq	1. e4 d6
B00	Pirc Defense	3	rnbqkbnr/ppp1pppp/3p4/8/3PP3/8/PPP2PPP/RNBQKBNR b KQkq	1. e4 d6 2. d4
B00	Pirc Defense	4	rnbqkb1r/ppp1pppp/3p1n2/8/3PP3/8/PPP2PPP/RNBQKBNR w KQkq	1. e4 d6 2. d4 Nf6
B00	Pirc Defense: Roscher Gambit	5	rnbqkb1r/ppp1pppp/3p1n2/8/3PP3/5N2/PPP2PPP/RNBQKB1R b KQkq	1. e4 d6 2. d4 Nf6 3. Nf3
B00	Rat Defense: Antal Defense	4	r1bqkbnr/pppnpppp/3p4/8/3PP3/8/PPP2PPP/RNBQKBNR w KQkq	1. e4 d6 2. d4 Nd7
B00	Rat Defense: Fuller Gambit	6	rnbqkb1r/ppp1pppp/5n2/3P4/5P2/8/PPPP2PP/RNBQKBNR w KQkq	1. e4 d6 2. f4 d5 3. exd5 Nf6
B00	Rat Defense: Harmonist	3	rnbqkbnr/ppp1pppp/3p4/8/4PP2/8/PPPP2PP/RNBQKBNR b KQkq	1. e4 d6 2. f4
B00	Rat Defense: Petruccioli Attack	3	rnbqkbnr/ppp1pppp/3p4/8/4P2P/8/PPPP1PP1/RNBQKBNR b KQkq	1. e4 d6 2. h4
B00	Rat Defense: Spike Attack	3	rnbqkbnr/ppp1pppp/3p4/8/4P1P1/8/PPPP1P1P/RNBQKBNR b KQkq	1. e4 d6 2. g4
B00	St. George Defense	2	rnbqkbnr/1ppppppp/p7/8/4P3/8/PPPP1PPP/RNBQKBNR w KQkq	1. e4 a6
B00	St. George Defense: Polish Variation	8	rn1qkbnr/1bpp1ppp/p3p3/1p6/3PP3/3B1N2/PPP2PPP/RNBQK2R w KQkq	1. e4 a6 2. d4 b5 3. Nf3 Bb7 4. Bd3 e6
B00	St. George Defense: San Jorge Variation	12	rn1qk1nr/1bp1ppbp/p2p2p1/1p6/3PP3/2PB1N2/PP3PPP/RNBQ1RK1 w kq	1. e4 a6 2. d4 b5 3. Nf3 Bb7 4. Bd3 d6 5. O-O g6 6. c3 Bg7
B00	St. George Defense: Zilbermints Gambit	4	rnbqkbnr/1ppp1ppp/p7/4p3/3PP3/8/PPP2PPP/RNBQKBNR w KQkq	1. e4 a6 2. d4 e5
B00	Van Geet Opening: Berlin Gambit	7	r1bqkbnr/ppp1pppp/2n5/3P4/4p3/2N5/PPP2PPP/R1BQKBNR b KQkq	1. e4 Nc6 2. d4 d5 3. Nc3 dxe4 4. d5
B00	Ware Defense	2	rnbqkbnr/1ppppppp/8/p7/4P3/8/PPPP1PPP/RNBQKBNR w KQkq	1. e4 a5
B00	Ware Defense: Snagglepuss Defense	4	r1bqkbnr/1ppppppp/2n5/p7/3PP3/8/PPP2PPP/RNBQKBNR w KQkq	1. e4 a5 2. d4 Nc6
B01	Scandinavian Defense	2	rnbqkbnr/ppp1pppp/8/3p4/4P3/8/PPPP1PPP/RNBQKBNR w KQkq	1. e4 d5
B01	Scandinavian Defense	3	rnbqkbnr/ppp1pppp/8/3p4/4P3/1P6/P1PP1PPP/RNBQKBNR b KQkq	1. e4 d5 2. b3
B01	Scandinavian Defense: Anderssen Counterattack	8	rnb1kbnr/ppp2ppp/8/q3p3/3P4/2N5/PPP2PPP/R1BQKBNR w KQkq	1. e4 d5 2. exd5 Qxd5 3. Nc3 Qa5 4. d4 e5
B01	Scandinavian Defense: Anderssen Counterattack, Collijn Variation	10	rn2kbnr/ppp2ppp/8/q3p3/3P2b1/2N2N2/PPP2PPP/R1BQKB1R w KQkq	1. e4 d5 2. exd5 Qxd5 3. Nc3 Qa5 4. d4 e5 5. Nf3 Bg4
B01	Scandinavian Defense: Anderssen Counterattack, Goteborg System	9	rnb1kbnr/ppp2ppp/8/q3p3/3P4/2N2N2/PPP2PPP/R1BQKB1R b KQkq	1. e4 d5 2. exd5 Qxd5 3. Nc3 Qa5 4. d4 e5 5. Nf3
B01	Scandinavian Defense: Anderssen Counterattack, Orthodox Attack	13	r1b1k1nr/ppp2ppp/2n5/q3P3/1b6/2N2N2/PPPB1PPP/R2QKB1R b KQkq	1. e4 d5 2. exd5 Qxd5 3. Nc3 Qa5 4. d4 e5 5. dxe5 Nc6 6. Nf3 Bb4 7. Bd2
B01	Scandinavian Defense: Blackburne Gambit	6	r1bqkbnr/pp2pppp/2n5/8/8/8/PPPP1PPP/RNBQKBNR w KQkq	1. e4 d5 2. exd5 c6 3. dxc6 Nxc6
B01	Scandinavian Defense: Blackburne-Kloosterboer Gambit	4	rnbqkbnr/pp2pppp/2p5/3P4/8/8/PPPP1PPP/RNBQKBNR w KQkq	1. e4 d5 2. exd5 c6
B01	Scandinavian Defense: Boehnke Gambit	6	rn1qkbnr/ppp2ppp/4b3/8/8/8/PPPP1PPP/RNBQKBNR w KQkq	1. e4 d5 2. exd5 e5 3. dxe6 Bxe6
B01	Scandinavian Defense: Bronstein Variation	10	rnb1kb1r/1pp1pppp/p2q1n2/8/3P4/2N2N2/PPP2PPP/R1BQKB1R w KQkq	1. e4 d5 2. exd5 Qxd5 3. Nc3 Qd6 4. d4 Nf6 5. Nf3 a6
B01	Scandinavian Defense: Classical Variation	10	rn2kb1r/ppp1pppp/5n2/q4b2/3P4/2N2N2/PPP2PPP/R1BQKB1R w KQkq	1. e4 d5 2. exd5 Qxd5 3. Nc3 Qa5 4. d4 Nf6 5. Nf3 Bf5
B01	Scandinavian Defense: Grünfeld Variation	13	rn2kb1r/pp2pppp/2p2n2/q3Nb2/3P2P1/2N5/PPP2P1P/R1BQKB1R b KQkq	1. e4 d5 2. exd5 Qxd5 3. Nc3 Qa5 4. d4 Nf6 5. Nf3 Bf5 6. Ne5 c6 7. g4
B01	Scandinavian Defense: Gubinsky-Melts Defense	6	rnb1kbnr/ppp1pppp/3q4/8/8/2N5/PPPP1PPP/R1BQKBNR w KQkq	1. e4 d5 2. exd5 Qxd5 3. Nc3 Qd6
B01	Scandinavian Defense: Icelandic-Palme Gambit	6	rnbqkb1r/ppp2ppp/4pn2/3P4/2P5/8/PP1P1PPP/RNBQKBNR w KQkq	1. e4 d5 2. exd5 Nf6 3. c4 e6
B01	Scandinavian Defense: Kiel Variation	8	rnbqkb1r/ppp1pppp/8/8/1nPP4/8/PP3PPP/RNBQKBNR w KQkq	1. e4 d5 2. exd5 Nf6 3. d4 Nxd5 4. c4 Nb4
B01	Scandinavian Defense: Kloosterboer Gambit	6	rnbqkbnr/pp3ppp/2P5/4p3/8/8/PPPP1PPP/RNBQKBNR w KQkq	1. e4 d5 2. exd5 c6 3. dxc6 e5
B01	Scandinavian Defense: Kádas Gambit	8	rnbqkb1r/pp3ppp/2P2n2/4p3/3P4/8/PPP2PPP/RNBQKBNR w KQkq	1. e4 d5 2. exd5 Nf6 3. d4 c6 4. dxc6 e5
B01	Scandinavian Defense: Lasker Variation	11	rn2kb1r/ppp1pppp/5n2/q7/3P2b1/2N2N1P/PPP2PP1/R1BQKB1R b KQkq	1. e4 d5 2. exd5 Qxd5 3. Nc3 Qa5 4. d4 Nf6 5. Nf3 Bg4 6. h3
B01	Scandinavian Defense: Main Line	6	rnb1kbnr/ppp1pppp/8/q7/8/2N5/PPPP1PPP/R1BQKBNR w KQkq	1. e4 d5 2. exd5 Qxd5 3. Nc3 Qa5
B01	Scandinavian Defense: Main Line, Leonhardt Gambit	7	rnb1kbnr/ppp1pppp/8/q7/1P6/2N5/P1PP1PPP/R1BQKBNR b KQkq	1. e4 d5 2. exd5 Qxd5 3. Nc3 Qa5 4. b4
B01	Scandinavian Defense: Main Line, Mieses Variation	8	rnb1kb1r/ppp1pppp/5n2/q7/3P4/2N5/PPP2PPP/R1BQKBNR w KQkq	1. e4 d5 2. exd5 Qxd5 3. Nc3 Qa5 4. d4 Nf6
B01	Scandinavian Defense: Marshall Variation	6	rnbqkb1r/ppp1pppp/8/3n4/3P4/8/PPP2PPP/RNBQKBNR w KQkq	1. e4 d5 2. exd5 Nf6 3. d4 Nxd5
B01	Scandinavian Defense: Mieses-Kotroc Variation	4	rnb1kbnr/ppp1pppp/8/3q4/8/8/PPPP1PPP/RNBQKBNR w KQkq	1. e4 d5 2. exd5 Qxd5
B01	Scandinavian Defense: Modern Variation	4	rnbqkb1r/ppp1pppp/5n2/3P4/8/8/PPPP1PPP/RNBQKBNR w KQkq	1. e4 d5 2. exd5 Nf6
B01	Scandinavian Defense: Modern Variation	5	rnbqkb1r/ppp1pppp/5n2/3P4/3P4/8/PPP2PPP/RNBQKBNR b KQkq	1. e4 d5 2. exd5 Nf6 3. d4
B01	Scandinavian Defense: Modern Variation, Gipslis Variation	8	rn1qkb1r/ppp1pppp/8/3n4/3P2b1/5N2/PPP2PPP/RNBQKB1R w KQkq	1. e4 d5 2. exd5 Nf6 3. d4 Nxd5 4. Nf3 Bg4
B01	Scandinavian Defense: Modern Variation, Wing Gambit	8	rnbqkb1r/p1p1pp1p/5np1/1p1P4/2PP4/8/PP3PPP/RNBQKBNR w KQkq	1. e4 d5 2. exd5 Nf6 3. d4 g6 4. c4 b5
B01	Scandinavian Defense: Panov Transfer	6	rnbqkb1r/pp2pppp/2p2n2/3P4/2P5/8/PP1P1PPP/RNBQKBNR w KQkq	1. e4 d5 2. exd5 Nf6 3. c4 c6
B01	Scandinavian Defense: Portuguese Gambit	6	rn1qkb1r/ppp1pppp/5n2/3P4/3P2b1/8/PPP2PPP/RNBQKBNR w KQkq	1. e4 d5 2. exd5 Nf6 3. d4 Bg4
B01	Scandinavian Defense: Portuguese Gambit, Banker Variation	9	rn1qkb1r/ppp1pppp/5n2/3P1b2/2PP4/5P2/PP4PP/RNBQKBNR b KQkq	1. e4 d5 2. exd5 Nf6 3. d4 Bg4 4. f3 Bf5 5. c4
B01	Scandinavian Defense: Portuguese Gambit, Classical Variation	7	rn1qkb1r/ppp1pppp/5n2/3P4/3P2b1/5N2/PPP2PPP/RNBQKB1R b KQkq	1. e4 d5 2. exd5 Nf6 3. d4 Bg4 4. Nf3
B01	Scandinavian Defense: Portuguese Gambit, Correspondence Refutation	9	rn1qkb1r/ppp1pppp/5n2/3P1b2/3P2P1/5P2/PPP4P/RNBQKBNR b KQkq	1. e4 d5 2. exd5 Nf6 3. d4 Bg4 4. f3 Bf5 5. g4
B01	Scandinavian Defense: Portuguese Gambit, Elbow Variation	8	rn1qkb1r/pp2pppp/2p2n2/1B1P4/3P2b1/8/PPP2PPP/RNBQK1NR w KQkq	1. e4 d5 2. exd5 Nf6 3. d4 Bg4 4. Bb5+ c6
B01	Scandinavian Defense: Portuguese Gambit, Jadoul Variation	11	r2qkb1r/pppnpppp/5n2/1B1P1b2/2PP4/5P2/PP4PP/RNBQK1NR b KQkq	1. e4 d5 2. exd5 Nf6 3. d4 Bg4 4. f3 Bf5 5. Bb5+ Nbd7 6. c4
B01	Scandinavian Defense: Portuguese Gambit, Lusophobe Variation	9	r2qkb1r/pppnpppp/5n2/3P4/3P2b1/8/PPP1BPPP/RNBQK1NR b KQkq	1. e4 d5 2. exd5 Nf6 3. d4 Bg4 4. Bb5+ Nbd7 5. Be2
B01	Scandinavian Defense: Portuguese Gambit, Melbourne Shuffle Variation	11	r2qkb1r/pppnpppp/5n2/1B1P1b2/3P4/2N2P2/PPP3PP/R1BQK1NR b KQkq	1. e4 d5 2. exd5 Nf6 3. d4 Bg4 4. f3 Bf5 5. Bb5+ Nbd7 6. Nc3
B01	Scandinavian Defense: Portuguese Gambit, Wuss Variation	7	rn1qkb1r/ppp1pppp/5n2/3P4/3P2b1/8/PPP1BPPP/RNBQK1NR b KQkq	1. e4 d5 2. exd5 Nf6 3. d4 Bg4 4. Be2
B01	Scandinavian Defense: Richter Variation	8	rnbqkb1r/ppp1pp1p/6p1/3n4/3P4/5N2/PPP2PPP/RNBQKB1R w KQkq	1. e4 d5 2. exd5 Nf6 3. d4 Nxd5 4. Nf3 g6
B01	Scandinavian Defense: Richter Variation	6	rnbqkb1r/ppp1pp1p/5np1/3P4/3P4/8/PPP2PPP/RNBQKBNR w KQkq	1. e4 d5 2. exd5 Nf6 3. d4 g6
B01	Scandinavian Defense: Schiller-Pytel Variation	8	rnb1kbnr/pp2pppp/2pq4/8/3P4/2N5/PPP2PPP/R1BQKBNR w KQkq	1. e4 d5 2. exd5 Qxd5 3. Nc3 Qd6 4. d4 c6
B01	Scandinavian Defense: Schiller-Pytel Variation, Modern Variation	14	rn2kb1r/pp2pppp/2p2n2/5b2/1qBP1B2/2N5/PPP1NPPP/R2QK2R w KQkq	1. e4 d5 2. exd5 Qxd5 3. Nc3 Qd6 4. d4 Nf6 5. Bc4 c6 6. Nge2 Bf5 7. Bf4 Qb4
B01	Scandinavian Defense: Valencian Variation	6	rnbqkbnr/ppp1pppp/8/8/8/2N5/PPPP1PPP/R1BQKBNR w KQkq	1. e4 d5 2. exd5 Qxd5 3. Nc3 Qd8
B01	Scandinavian Defense: Valencian Variation, Ilundain Variation	10	rnbqkb1r/pp2pppp/2p2n2/8/3P4/2N2N2/PPP2PPP/R1BQKB1R w KQkq	1. e4 d5 2. exd5 Qxd5 3. Nc3 Qd8 4. d4 Nf6 5. Nf3 c6
B01	Scandinavian Defense: Valencian Variation, Main Line	10	rn1qkb1r/ppp1pppp/5n2/8/3P2b1/2N2N2/PPP2PPP/R1BQKB1R w KQkq	1. e4 d5 2. exd5 Qxd5 3. Nc3 Qd8 4. d4 Nf6 5. Nf3 Bg4
B01	Scandinavian Defense: Zilbermints Gambit	3	rnbqkbnr/ppp1pppp/8/3p4/1P2P3/8/P1PP1PPP/RNBQKBNR b KQkq	1. e4 d5 2. b4
B01	Van Geet Opening: Grünfeld Defense	6	rnbqkbnr/ppp2ppp/8/4p3/4N3/8/PPPP1PPP/R1BQKBNR w KQkq	1. e4 d5 2. Nc3 dxe4 3. Nxe4 e5
B02	Alekhine Defense	2	rnbqkb1r/pppppppp/5n2/8/4P3/8/PPPP1PPP/RNBQKBNR w KQkq	1. e4 Nf6
B02	Alekhine Defense: Brooklyn Variation	4	rnbqkbnr/pppppppp/8/4P3/8/8/PPPP1PPP/RNBQKBNR w KQkq	1. e4 Nf6 2. e5 Ng8
B02	Alekhine Defense: Brooklyn Variation, Everglades Variation	6	rnbqkbnr/ppppp1pp/8/4Pp2/3P4/8/PPP2PPP/RNBQKBNR w KQkq	1. e4 Nf6 2. e5 Ng8 3. d4 f5
B02	Alekhine Defense: Buckley Attack	5	rnbqkb1r/pppppppp/8/3nP3/8/N7/PPPP1PPP/R1BQKBNR b KQkq	1. e4 Nf6 2. e5 Nd5 3. Na3
B02	Alekhine Defense: Hunt Variation, Lasker Simul Gambit	11	rnbqkb1r/pppp1ppp/4p3/2PnP3/2B5/2N5/PP1P1PPP/R1BQK1NR b KQkq	1. e4 Nf6 2. e5 Nd5 3. c4 Nb6 4. c5 Nd5 5. Bc4 e6 6. Nc3
B02	Alekhine Defense: Hunt Variation, Matsukevich Gambit	13	rnbqkb1r/ppp1pppp/3p4/2P1P1B1/8/2P5/PP3PPP/R2QKBNR b KQkq	1. e4 Nf6 2. e5 Nd5 3. c4 Nb6 4. c5 Nd5 5. Nc3 Nxc3 6. dxc3 d6 7. Bg5
B02	Alekhine Defense: Hunt Variation, Mikenas Gambit	15	rnbqkb1r/ppp2ppp/3p4/2PBP3/8/8/PP1P1PPP/R1BQK1NR b KQkq	1. e4 Nf6 2. e5 Nd5 3. c4 Nb6 4. c5 Nd5 5. Bc4 e6 6. Nc3 d6 7. Nxd5 exd5 8. Bxd5
B02	Alekhine Defense: Kmoch Variation	9	rnbqkb1r/pp1ppppp/1n6/2p1P3/8/1B1P4/PPP2PPP/RNBQK1NR b KQkq	1. e4 Nf6 2. e5 Nd5 3. Bc4 Nb6 4. Bb3 c5 5. d3
B02	Alekhine Defense: Krejcik Variation	3	rnbqkb1r/pppppppp/5n2/8/2B1P3/8/PPPP1PPP/RNBQK1NR b KQkq	1. e4 Nf6 2. Bc4
B02	Alekhine Defense: Krejcik Variation, Krejcik Gambit	5	rnbqkb1r/pppppBpp/8/8/4n3/8/PPPP1PPP/RNBQK1NR b KQkq	1. e4 Nf6 2. Bc4 Nxe4 3. Bxf7+
B02	Alekhine Defense: Maróczy Variation	3	rnbqkb1r/pppppppp/5n2/8/4P3/3P4/PPP2PPP/RNBQKBNR b KQkq	1. e4 Nf6 2. d3
B02	Alekhine Defense: Mokele Mbembe	4	rnbqkb1r/pppppppp/8/4P3/4n3/8/PPPP1PPP/RNBQKBNR w KQkq	1. e4 Nf6 2. e5 Ne4
B02	Alekhine Defense: Mokele Mbembe, Modern Line	6	rnbqkb1r/ppppp1pp/5p2/4P3/3Pn3/8/PPP2PPP/RNBQKBNR w KQkq	1. e4 Nf6 2. e5 Ne4 3. d4 f6
B02	Alekhine Defense: Mokele Mbembe, Vavra Defense	6	rnbqkb1r/pppp1ppp/4p3/4P3/3Pn3/8/PPP2PPP/RNBQKBNR w KQkq	1. e4 Nf6 2. e5 Ne4 3. d4 e6
B02	Alekhine Defense: Normal Variation	4	rnbqkb1r/pppppppp/8/3nP3/8/8/PPPP1PPP/RNBQKBNR w KQkq	1. e4 Nf6 2. e5 Nd5
B02	Alekhine Defense: Scandinavian Variation	4	rnbqkb1r/ppp1pppp/5n2/3p4/4P3/2N5/PPPP1PPP/R1BQKBNR w KQkq	1. e4 Nf6 2. Nc3 d5
B02	Alekhine Defense: Scandinavian Variation, Geschev Gambit	6	rnbqkb1r/pp2pppp/2p2n2/3P4/8/2N5/PPPP1PPP/R1BQKBNR w KQkq	1. e4 Nf6 2. Nc3 d5 3. exd5 c6
B02	Alekhine Defense: Scandinavian Variation, Myers Gambit	7	rnbqkb1r/ppp1pppp/5n2/6B1/4p3/2NP4/PPP2PPP/R2QKBNR b KQkq	1. e4 Nf6 2. Nc3 d5 3. d3 dxe4 4. Bg5
B02	Alekhine Defense: Spielmann Gambit	7	rnbqkb1r/pppnpppp/4P3/3p4/8/2N5/PPPP1PPP/R1BQKBNR b KQkq	1. e4 Nf6 2. Nc3 d5 3. e5 Nfd7 4. e6
B02	Alekhine Defense: Steiner Variation	7	rnbqkb1r/pppppppp/1n6/4P3/2P5/1P6/P2P1PPP/RNBQKBNR b KQkq	1. e4 Nf6 2. e5 Nd5 3. c4 Nb6 4. b3
B02	Alekhine Defense: Sämisch Attack	5	rnbqkb1r/pppppppp/8/3nP3/8/2N5/PPPP1PPP/R1BQKBNR b KQkq	1. e4 Nf6 2. e5 Nd5 3. Nc3
B02	Alekhine Defense: The Squirrel	6	rnbqkb1r/pppppppp/8/4P3/2P2n2/8/PP1P1PPP/RNBQKBNR w KQkq	1. e4 Nf6 2. e5 Nd5 3. c4 Nf4
B02	Alekhine Defense: Two Pawns Attack	5	rnbqkb1r/pppppppp/8/3nP3/2P5/8/PP1P1PPP/RNBQKBNR b KQkq	1. e4 Nf6 2. e5 Nd5 3. c4
B02	Alekhine Defense: Two Pawns Attack, Lasker Variation	7	rnbqkb1r/pppppppp/1n6/2P1P3/8/8/PP1P1PPP/RNBQKBNR b KQkq	1. e4 Nf6 2. e5 Nd5 3. c4 Nb6 4. c5
B02	Alekhine Defense: Two Pawns Attack, Mikenas Variation	12	rnbqkb1r/ppp2ppp/3pp3/2PnP3/2B5/2N5/PP1P1PPP/R1BQK1NR w KQkq	1. e4 Nf6 2. e5 Nd5 3. c4 Nb6 4. c5 Nd5 5. Bc4 e6 6. Nc3 d6
B02	Alekhine Defense: Two Pawns Attack, Tate Variation	7	rnbqkb1r/pppppppp/1n6/4P3/P1P5/8/1P1P1PPP/RNBQKBNR b KQkq	1. e4 Nf6 2. e5 Nd5 3. c4 Nb6 4. a4
B02	Alekhine Defense: Welling Variation	5	rnbqkb1r/pppppppp/8/3nP3/8/1P6/P1PP1PPP/RNBQKBNR b KQkq	1. e4 Nf6 2. e5 Nd5 3. b3
B03	Alekhine Defense	5	rnbqkb1r/pppppppp/8/3nP3/3P4/8/PPP2PPP/RNBQKBNR b KQkq	1. e4 Nf6 2. e5 Nd5 3. d4
B03	Alekhine Defense	6	rnbqkb1r/ppp1pppp/3p4/3nP3/3P4/8/PPP2PPP/RNBQKBNR w KQkq	1. e4 Nf6 2. e5 Nd5 3. d4 d6
B03	Alekhine Defense	7	rnbqkb1r/ppp1pppp/3p4/3nP3/2PP4/8/PP3PPP/RNBQKBNR b KQkq	1. e4 Nf6 2. e5 Nd5 3. d4 d6 4. c4
B03	Alekhine Defense: Balogh Variation	7	rnbqkb1r/ppp1pppp/3p4/3nP3/2BP4/8/PPP2PPP/RNBQK1NR b KQkq	1. e4 Nf6 2. e5 Nd5 3. d4 d6 4. Bc4
B03	Alekhine Defense: Exchange Variation	9	rnbqkb1r/ppp1pppp/1n1P4/8/2PP4/8/PP3PPP/RNBQKBNR b KQkq	1. e4 Nf6 2. e5 Nd5 3. d4 d6 4. c4 Nb6 5. exd6
B03	Alekhine Defense: Exchange Variation, Karpov Variation	21	r2q1rk1/pp2ppbp/1nnp2p1/5b2/2PP1B2/2N2N1P/PP2BPP1/R2Q1RK1 b -	1. e4 Nf6 2. e5 Nd5 3. d4 d6 4. c4 Nb6 5. exd6 cxd6 6. Nc3 g6 7. h3 Bg7 8. Nf3 O-O 9. Be2 Nc6 10. O-O Bf5 11. Bf4
B03	Alekhine Defense: Exchange Variation, Voronezh Variation	17	rnbq1rk1/pp2ppbp/1n1p2p1/8/2PP4/1PN1B3/P4PPP/2RQKBNR b K	1. e4 Nf6 2. e5 Nd5 3. d4 d6 4. c4 Nb6 5. exd6 cxd6 6. Nc3 g6 7. Be3 Bg7 8. Rc1 O-O 9. b3
B03	Alekhine Defense: Four Pawns Attack	9	rnbqkb1r/ppp1pppp/1n1p4/4P3/2PP1P2/8/PP4PP/RNBQKBNR b KQkq	1. e4 Nf6 2. e5 Nd5 3. d4 d6 4. c4 Nb6 5. f4
B03	Alekhine Defense: Four Pawns Attack, Cambridge Gambit	10	rnbqkb1r/ppp1pp1p/1n1p4/4P1p1/2PP1P2/8/PP4PP/RNBQKBNR w KQkq	1. e4 Nf6 2. e5 Nd5 3. d4 d6 4. c4 Nb6 5. f4 g5
B03	Alekhine Defense: Four Pawns Attack, Fianchetto Variation	10	rnbqkb1r/ppp1pp1p/1n1p2p1/4P3/2PP1P2/8/PP4PP/RNBQKBNR w KQkq	1. e4 Nf6 2. e5 Nd5 3. d4 d6 4. c4 Nb6 5. f4 g6
B03	Alekhine Defense: Four Pawns Attack, Ilyin-Zhenevsky Variation	17	r2qkb1r/ppp1p1pp/1nn1p3/2P5/3P2b1/5N2/PP4PP/RNBQKB1R b KQkq	1. e4 Nf6 2. e5 Nd5 3. d4 d6 4. c4 Nb6 5. f4 dxe5 6. fxe5 Nc6 7. Nf3 Bg4 8. e6 fxe6 9. c5
B03	Alekhine Defense: Four Pawns Attack, Korchnoi Variation	20	rn1q1rk1/ppp1b1pp/1n2pp2/4Pb2/2PP4/2N2N2/PP2B1PP/R1BQ1RK1 w -	1. e4 Nf6 2. e5 Nd5 3. d4 d6 4. c4 Nb6 5. f4 dxe5 6. fxe5 Bf5 7. Nc3 e6 8. Nf3 Be7 9. Be2 O-O 10. O-O f6
B03	Alekhine Defense: Four Pawns Attack, Main Line	13	r1bqkb1r/ppp1pppp/1nn5/4P3/2PP4/4B3/PP4PP/RN1QKBNR b KQkq	1. e4 Nf6 2. e5 Nd5 3. d4 d6 4. c4 Nb6 5. f4 dxe5 6. fxe5 Nc6 7. Be3
B03	Alekhine Defense: Four Pawns Attack, Tartakower Variation	22	2kr3r/pppqbppp/1nn1p3/4Pb2/2PP4/2N1BN2/PP2B1PP/R2Q1RK1 w -	1. e4 Nf6 2. e5 Nd5 3. d4 d6 4. c4 Nb6 5. f4 dxe5 6. fxe5 Nc6 7. Be3 Bf5 8. Nc3 e6 9. Nf3 Qd7 10. Be2 O-O-O 11. O-O Be7
B03	Alekhine Defense: Four Pawns Attack, Trifunovic Variation	10	rn1qkb1r/ppp1pppp/1n1p4/4Pb2/2PP1P2/8/PP4PP/RNBQKBNR w KQkq	1. e4 Nf6 2. e5 Nd5 3. d4 d6 4. c4 Nb6 5. f4 Bf5
B03	Alekhine Defense: Hunt Variation	9	rnbqkb1r/ppp1pppp/1n1p4/2P1P3/3P4/8/PP3PPP/RNBQKBNR b KQkq	1. e4 Nf6 2. e5 Nd5 3. d4 d6 4. c4 Nb6 5. c5
B03	Alekhine Defense: Modern Variation, Alekhine Gambit	11	rn1qkb1r/ppp1pppp/1n1p4/4P3/2PP2b1/5N2/PP2BPPP/RNBQK2R b KQkq	1. e4 Nf6 2. e5 Nd5 3. d4 d6 4. c4 Nb6 5. Nf3 Bg4 6. Be2
B03	Alekhine Defense: O'Sullivan Gambit	6	rnbqkb1r/p1pppppp/8/1p1nP3/3P4/8/PPP2PPP/RNBQKBNR w KQkq	1. e4 Nf6 2. e5 Nd5 3. d4 b5
B04	Alekhine Defense: Modern Variation	7	rnbqkb1r/ppp1pppp/3p4/3nP3/3P4/5N2/PPP2PPP/RNBQKB1R b KQkq	1. e4 Nf6 2. e5 Nd5 3. d4 d6 4. Nf3
B04	Alekhine Defense: Modern Variation, Alburt Variation	8	rnbqkb1r/ppp1pp1p/3p2p1/3nP3/3P4/5N2/PPP2PPP/RNBQKB1R w KQkq	1. e4 Nf6 2. e5 Nd5 3. d4 d6 4. Nf3 g6
B04	Alekhine Defense: Modern Variation, Keres Variation	13	rnbqk2r/ppp1ppbp/1n1p2p1/4P3/P2P4/1B3N2/1PP2PPP/RNBQK2R b KQkq	1. e4 Nf6 2. e5 Nd5 3. d4 d6 4. Nf3 g6 5. Bc4 Nb6 6. Bb3 Bg7 7. a4
B04	Alekhine Defense: Modern Variation, Larsen Variation	8	rnbqkb1r/ppp1pppp/8/3np3/3P4/5N2/PPP2PPP/RNBQKB1R w KQkq	1. e4 Nf6 2. e5 Nd5 3. d4 d6 4. Nf3 dxe5
B04	Alekhine Defense: Modern Variation, Larsen-Haakert Variation	8	r1bqkb1r/ppp1pppp/2np4/3nP3/3P4/5N2/PPP2PPP/RNBQKB1R w KQkq	1. e4 Nf6 2. e5 Nd5 3. d4 d6 4. Nf3 Nc6
B04	Alekhine Defense: Modern Variation, Schmid Variation	8	rnbqkb1r/ppp1pppp/1n1p4/4P3/3P4/5N2/PPP2PPP/RNBQKB1R w KQkq	1. e4 Nf6 2. e5 Nd5 3. d4 d6 4. Nf3 Nb6
B05	Alekhine Defense: Modern Variation, Alekhine Variation	9	rn1qkb1r/ppp1pppp/3p4/3nP3/2PP2b1/5N2/PP3PPP/RNBQKB1R b KQkq	1. e4 Nf6 2. e5 Nd5 3. d4 d6 4. Nf3 Bg4 5. c4
B05	Alekhine Defense: Modern Variation, Flohr Variation	10	rn1qkb1r/pp2pppp/2pp4/3nP3/3P2b1/5N2/PPP1BPPP/RNBQK2R w KQkq	1. e4 Nf6 2. e5 Nd5 3. d4 d6 4. Nf3 Bg4 5. Be2 c6
B05	Alekhine Defense: Modern Variation, Main Line	8	rn1qkb1r/ppp1pppp/3p4/3nP3/3P2b1/5N2/PPP2PPP/RNBQKB1R w KQkq	1. e4 Nf6 2. e5 Nd5 3. d4 d6 4. Nf3 Bg4
B05	Alekhine Defense: Modern Variation, Panov Variation	9	rn1qkb1r/ppp1pppp/3p4/3nP3/3P2b1/5N1P/PPP2PP1/RNBQKB1R b KQkq	1. e4 Nf6 2. e5 Nd5 3. d4 d6 4. Nf3 Bg4 5. h3
B05	Alekhine Defense: Modern Variation, Vitolins Attack	11	rn1qkb1r/ppp1pppp/1n1p4/3PP3/2P3b1/5N2/PP3PPP/RNBQKB1R b KQkq	1. e4 Nf6 2. e5 Nd5 3. d4 d6 4. Nf3 Bg4 5. c4 Nb6 6. d5
B06	Modern Defense	2	rnbqkbnr/pppppp1p/6p1/8/4P3/8/PPPP1PPP/RNBQKBNR w KQkq	1. e4 g6
B06	Modern Defense	4	rnbqk1nr/ppppppbp/6p1/8/3PP3/8/PPP2PPP/RNBQKBNR w KQkq	1. e4 g6 2. d4 Bg7
B06	Modern Defense: Anti-Modern	9	rnbqk1nr/pp2ppbp/2pp2p1/8/2BPP3/2N5/PPP1QPPP/R1B1K1NR b KQkq	1. e4 g6 2. d4 Bg7 3. Nc3 c6 4. Bc4 d6 5. Qe2
B06	Modern Defense: Bishop Attack	5	rnbqk1nr/ppppppbp/6p1/8/2BPP3/8/PPP2PPP/RNBQK1NR b KQkq	1. e4 g6 2. d4 Bg7 3. Bc4
B06	Modern Defense: Bishop Attack, Bücker Gambit	6	rnbqk1nr/p1ppppbp/6p1/1p6/2BPP3/8/PPP2PPP/RNBQK1NR w KQkq	1. e4 g6 2. d4 Bg7 3. Bc4 b5
B06	Modern Defense: Bishop Attack, Monkey's Bum	8	rnbqk1nr/pppp1p1p/4p1p1/8/2BbP3/5Q2/PPP2PPP/RNB1K1NR w KQkq	1. e4 g6 2. Bc4 Bg7 3. Qf3 e6 4. d4 Bxd4
B06	Modern Defense: Dunworthy Variation	10	rnbqk1nr/pp2pp1p/2P3p1/8/2Pb4/8/PP3PPP/RNBQKBNR w KQkq	1. e4 g6 2. d4 Bg7 3. c4 d5 4. exd5 c6 5. dxc6 Bxd4
B06	Modern Defense: Fianchetto Gambit	4	rnbqkbnr/ppppp2p/6p1/5p2/3PP3/8/PPP2PPP/RNBQKBNR w KQkq	1. e4 g6 2. d4 f5
B06	Modern Defense: Gurgenidze Defense	10	rnbqk1nr/pp2ppb1/2p3p1/3pP2p/3P1P2/2N5/PPP3PP/R1BQKBNR w KQkq	1. e4 g6 2. d4 Bg7 3. Nc3 c6 4. f4 d5 5. e5 h5
B06	Modern Defense: Lizard Defense, Mittenberger Gambit	6	rnbqk1nr/ppp1ppbp/6p1/3p4/3PP3/2N5/PPP2PPP/R1BQKBNR w KQkq	1. e4 g6 2. d4 Bg7 3. Nc3 d5
B06	Modern Defense: Masur Gambit	10	rnbq1rk1/ppppp2p/6pb/5P2/3P4/2N5/PPP2PPP/R2QKBNR w KQ	1. e4 g6 2. d4 Nh6 3. Nc3 f5 4. Bxh6 Bxh6 5. exf5 O-O
B06	Modern Defense: Modern Pterodactyl	6	rnbqk1nr/pp1pppbp/6p1/2p5/3PP3/2N5/PPP2PPP/R1BQKBNR w KQkq	1. e4 g6 2. d4 Bg7 3. Nc3 c5
B06	Modern Defense: Mongredien Defense, with Nc3	6	rnbqk1nr/p1ppppbp/1p4p1/8/3PP3/2N5/PPP2PPP/R1BQKBNR w KQkq	1. e4 g6 2. d4 Bg7 3. Nc3 b6
B06	Modern Defense: Mongredien Defense, with Nf3	6	rnbqk1nr/p1ppppbp/1p4p1/8/3PP3/5N2/PPP2PPP/RNBQKB1R w KQkq	1. e4 g6 2. d4 Bg7 3. Nf3 b6
B06	Modern Defense: Norwegian Defense	4	rnbqkb1r/pppppp1p/5np1/8/3PP3/8/PPP2PPP/RNBQKBNR w KQkq	1. e4 g6 2. d4 Nf6
B06	Modern Defense: Norwegian Defense, Norwegian Gambit	8	rnbqkb1r/ppp1pp1p/3p2p1/4P2n/3P4/8/PPP1BPPP/RNBQK1NR w KQkq	1. e4 g6 2. d4 Nf6 3. e5 Nh5 4. Be2 d6
B06	Modern Defense: Pseudo-Austrian Attack	7	rnbqk1nr/ppp1ppbp/3p2p1/8/3PPP2/2N5/PPP3PP/R1BQKBNR b KQkq	1. e4 g6 2. d4 Bg7 3. Nc3 d6 4. f4
B06	Modern Defense: Semi-Averbakh Variation, Pterodactyl Variation Declined	10	rnb1k1nr/pp2ppbp/3p2p1/q1p5/2PPP3/5N2/PP2BPPP/RNBQK2R w KQkq	1. e4 g6 2. d4 Bg7 3. c4 c5 4. Nf3 d6 5. Be2 Qa5+
B06	Modern Defense: Standard Defense	6	rnbqk1nr/ppp1ppbp/3p2p1/8/3PP3/2N5/PPP2PPP/R1BQKBNR w KQkq	1. e4 g6 2. d4 Bg7 3. Nc3 d6
B06	Modern Defense: Standard Line	5	rnbqk1nr/ppppppbp/6p1/8/3PP3/2N5/PPP2PPP/R1BQKBNR b KQkq	1. e4 g6 2. d4 Bg7 3. Nc3
B06	Modern Defense: Three Pawns Attack	5	rnbqk1nr/ppppppbp/6p1/8/3PPP2/8/PPP3PP/RNBQKBNR b KQkq	1. e4 g6 2. d4 Bg7 3. f4
B06	Modern Defense: Two Knights Variation	7	rnbqk1nr/ppp1ppbp/3p2p1/8/3PP3/2N2N2/PPP2PPP/R1BQKB1R b KQkq	1. e4 g6 2. d4 Bg7 3. Nc3 d6 4. Nf3
B06	Modern Defense: Two Knights Variation, Suttles Variation	8	rnbqk1nr/pp2ppbp/2pp2p1/8/3PP3/2N2N2/PPP2PPP/R1BQKB1R w KQkq	1. e4 g6 2. d4 Bg7 3. Nc3 c6 4. Nf3 d6
B06	Modern Defense: Two Knights Variation, Suttles Variation, Tal Gambit	12	rnb1k1nr/pp2ppbp/2pp2p1/6B1/3PP3/2N2N2/PqPQ1PPP/R3KB1R w KQkq	1. e4 g6 2. d4 Bg7 3. Nc3 d6 4. Nf3 c6 5. Bg5 Qb6 6. Qd2 Qxb2
B06	Modern Defense: Westermann Gambit	5	rnbqk1nr/ppppppbp/6p1/8/3PP3/8/PPPB1PPP/RN1QKBNR b KQkq	1. e4 g6 2. d4 Bg7 3. Bd2
B06	Modern Defense: Wind Gambit	5	rnbqk1nr/ppppppbp/6p1/8/3PP3/3B4/PPP2PPP/RNBQK1NR b KQkq	1. e4 g6 2. d4 Bg7 3. Bd3
B06	Pterodactyl Defense: Austrian, Austriadactylus Western	8	rnb1k1nr/pp1pppbp/6p1/q1p5/3PPP2/5N2/PPP3PP/RNBQKB1R w KQkq	1. e4 g6 2. d4 Bg7 3. f4 c5 4. Nf3 Qa5+
B06	Pterodactyl Defense: Austrian, Grand Prix Pterodactyl	8	rnb1k1nr/pp1pppbp/6p1/q1p5/4PP2/2N2N2/PPPP2PP/R1BQKB1R w KQkq	1. e4 g6 2. Nc3 Bg7 3. f4 c5 4. Nf3 Qa5
B06	Pterodactyl Defense: Austrian, Pteranodon	8	rnb1k1nr/pp1pppbp/6p1/q1p5/3PPP2/2P5/PP4PP/RNBQKBNR w KQkq	1. e4 g6 2. d4 Bg7 3. f4 c5 4. c3 Qa5
B06	Pterodactyl Defense: Central, Anhanguera	10	rnb1k1nr/pp2ppbp/3p2p1/q1p5/2PPP3/2N1B3/PP3PPP/R2QKBNR w KQkq	1. e4 g6 2. d4 Bg7 3. c4 c5 4. Nc3 d6 5. Be3 Qa5
B06	Pterodactyl Defense: Central, Benoni Quetzalcoatlus	10	rnb1k1nr/pp2ppbp/3p2p1/q1pP4/2P1P3/2N5/PP3PPP/R1BQKBNR w KQkq	1. e4 g6 2. d4 Bg7 3. c4 c5 4. d5 d6 5. Nc3 Qa5
B06	Pterodactyl Defense: Central, Quetzalcoatlus Gambit	10	rnb1k1nr/pp2ppbp/3p2p1/q1P5/2P1P3/2N5/PP3PPP/R1BQKBNR w KQkq	1. e4 g6 2. d4 Bg7 3. c4 c5 4. Nc3 d6 5. dxc5 Qa5
B06	Pterodactyl Defense: Eastern, Anhanguera	7	rnbqk1nr/pp1pppbp/6p1/2p5/3PP3/2N1B3/PPP2PPP/R2QKBNR b KQkq	1. e4 g6 2. d4 Bg7 3. Nc3 c5 4. Be3
B06	Pterodactyl Defense: Eastern, Benoni	7	rnbqk1nr/pp1pppbp/6p1/2pP4/4P3/2N5/PPP2PPP/R1BQKBNR b KQkq	1. d4 g6 2. e4 Bg7 3. Nc3 c5 4. d5
B06	Pterodactyl Defense: Eastern, Benoni Pteranodon	10	rnb1k1nr/pp1ppp1p/6p1/q1pP4/4P3/2P5/P1P2PPP/R1BQKBNR w KQkq	1. e4 g6 2. d4 Bg7 3. Nc3 c5 4. d5 Bxc3+ 5. bxc3 Qa5
B06	Pterodactyl Defense: Eastern, Benoni Pterodactyl	8	rnb1k1nr/pp1pppbp/6p1/q1pP4/4P3/2N5/PPP2PPP/R1BQKBNR w KQkq	1. d4 g6 2. Nc3 Bg7 3. e4 c5 4. d5 Qa5
B06	Pterodactyl Defense: Eastern, Pteranodon	10	rnb1k1nr/pp1ppp1p/6p1/q1P5/4P3/2P5/P1P2PPP/R1BQKBNR w KQkq	1. e4 g6 2. d4 Bg7 3. Nc3 c5 4. dxc5 Bxc3+ 5. bxc3 Qa5
B06	Pterodactyl Defense: Eastern, Rhamphorhynchus	8	rnb1k1nr/pp1pppbp/6p1/q1P5/4P3/2N5/PPP2PPP/R1BQKBNR w KQkq	1. e4 g6 2. d4 Bg7 3. Nc3 c5 4. dxc5 Qa5
B06	Pterodactyl Defense: Fianchetto, King Pterodactyl	8	rnb1k1nr/pp1pppbp/6p1/q1p5/3PP3/5NP1/PPP2P1P/RNBQKB1R w KQkq	1. e4 g6 2. d4 Bg7 3. g3 c5 4. Nf3 Qa5+
B06	Pterodactyl Defense: Fianchetto, Rhamphorhynchus	8	rnb1k1nr/pp1pppbp/6p1/q1P5/4P3/6P1/PPP2P1P/RNBQKBNR w KQkq	1. e4 g6 2. d4 Bg7 3. g3 c5 4. dxc5 Qa5+
B06	Pterodactyl Defense: Sicilian, Quetzalcoatlus	10	rnb1k1nr/pp2ppbp/3p2p1/q1p5/3PP3/2N2N2/PPP1BPPP/R1BQK2R w KQkq	1. e4 g6 2. d4 Bg7 3. Nc3 c5 4. Nf3 Qa5 5. Be2 d6
B06	Pterodactyl Defense: Sicilian, Siroccopteryx	9	rnb1k1nr/pp1pppbp/6p1/q1p5/2BPP3/2N2N2/PPP2PPP/R1BQK2R b KQkq	1. e4 g6 2. d4 Bg7 3. Nc3 c5 4. Nf3 Qa5 5. Bc4
B06	Pterodactyl Defense: Western, Anhanguera	8	rnb1k1nr/pp1pppbp/6p1/q1p5/3PP3/4BN2/PPP2PPP/RN1QKB1R w KQkq	1. e4 g6 2. d4 Bg7 3. Nf3 c5 4. Be3 Qa5+
B06	Pterodactyl Defense: Western, Siroccopteryx	10	rnb1k1nr/pp1pppbp/6p1/q7/2BNP3/8/PPP2PPP/RNBQK2R w KQkq	1. e4 g6 2. Nf3 Bg7 3. d4 c5 4. Bc4 cxd4 5. Nxd4 Qa5+
B06	Rat Defense: Accelerated Gurgenidze	6	rnbqkbnr/pp2pp1p/2pp2p1/8/3PP3/2N5/PPP2PPP/R1BQKBNR w KQkq	1. e4 g6 2. d4 d6 3. Nc3 c6
B07	Czech Defense	6	rnbqkb1r/pp2pppp/2pp1n2/8/3PP3/2N5/PPP2PPP/R1BQKBNR w KQkq	1. e4 d6 2. d4 Nf6 3. Nc3 c6
B07	King's Pawn Game: Maróczy Defense	4	rnbqkbnr/ppp2ppp/3p4/4p3/3PP3/8/PPP2PPP/RNBQKBNR w KQkq	1. e4 d6 2. d4 e5
B07	Lion Defense	6	r1bqkb1r/pppnpppp/3p1n2/8/3PP3/2N5/PPP2PPP/R1BQKBNR w KQkq	1. e4 d6 2. d4 Nf6 3. Nc3 Nbd7
B07	Lion Defense: Anti-Philidor	7	r1bqkb1r/pppnpppp/3p1n2/8/3PPP2/2N5/PPP3PP/R1BQKBNR b KQkq	1. e4 d6 2. d4 Nf6 3. Nc3 Nbd7 4. f4
B07	Lion Defense: Anti-Philidor, Lion's Cave	8	r1bqkb1r/pppn1ppp/3p1n2/4p3/3PPP2/2N5/PPP3PP/R1BQKBNR w KQkq	1. e4 d6 2. d4 Nf6 3. Nc3 Nbd7 4. f4 e5
B07	Lion Defense: Anti-Philidor, Lion's Cave, Lion Claw Gambit	14	r1bqkb1r/pp1n1ppp/2p2n2/3p4/2BQPP2/2N2N2/PPP3PP/R1B1K2R w KQkq	1. e4 d6 2. d4 Nf6 3. Nc3 Nbd7 4. f4 e5 5. Nf3 exd4 6. Qxd4 c6 7. Bc4 d5
B07	Lion Defense: Bayonet Attack	7	r1bqkb1r/pppnpppp/3p1n2/8/3PP1P1/2N5/PPP2P1P/R1BQKBNR b KQkq	1. e4 d6 2. d4 Nf6 3. Nc3 Nbd7 4. g4
B07	Modern Defense: Geller's System	7	rnbqk1nr/ppp1ppbp/3p2p1/8/3PP3/2P2N2/PP3PPP/RNBQKB1R b KQkq	1. e4 g6 2. d4 Bg7 3. Nf3 d6 4. c3
B07	Pirc Defense	6	rnbqkb1r/ppp1pp1p/3p1np1/8/3PP3/2N5/PPP2PPP/R1BQKBNR w KQkq	1. e4 d6 2. d4 Nf6 3. Nc3 g6
B07	Pirc Defense: 150 Attack	9	rnbqkb1r/pp2pp1p/2pp1np1/8/3PP3/2N1B3/PPPQ1PPP/R3KBNR b KQkq	1. e4 d6 2. d4 Nf6 3. Nc3 g6 4. Be3 c6 5. Qd2
B07	Pirc Defense: 150 Attack, Inner Doll Defense	10	rn1qkb1r/pp2pp1p/2pp1np1/8/3PP1b1/2N1B3/PPPQ1PPP/R3KBNR w KQkq	1. e4 d6 2. d4 Nf6 3. Nc3 g6 4. Be3 c6 5. Qd2 Bg4
B07	Pirc Defense: 150 Attack, Sveshnikov-Jansa Attack	9	rnbqkb1r/pp2pp1p/2pp1np1/8/3PP3/2N1B2P/PPP2PP1/R2QKBNR b KQkq	1. e4 d6 2. d4 Nf6 3. Nc3 g6 4. Be3 c6 5. h3
B07	Pirc Defense: Bayonet Attack	9	rnbqk2r/ppp1ppbp/3p1np1/8/3PP2P/2N5/PPP1BPP1/R1BQK1NR b KQkq	1. e4 d6 2. d4 Nf6 3. Nc3 g6 4. Be2 Bg7 5. h4
B07	Pirc Defense: Byrne Variation	7	rnbqkb1r/ppp1pp1p/3p1np1/6B1/3PP3/2N5/PPP2PPP/R2QKBNR b KQkq	1. e4 d6 2. d4 Nf6 3. Nc3 g6 4. Bg5
B07	Pirc Defense: Chinese Variation	9	rnbqk2r/ppp1ppbp/3p1np1/8/3PP1P1/2N5/PPP1BP1P/R1BQK1NR b KQkq	1. e4 d6 2. d4 Nf6 3. Nc3 g6 4. Be2 Bg7 5. g4
B07	Pirc Defense: Kholmov System	7	rnbqkb1r/ppp1pp1p/3p1np1/8/2BPP3/2N5/PPP2PPP/R1BQK1NR b KQkq	1. e4 d6 2. d4 Nf6 3. Nc3 g6 4. Bc4
B07	Pirc Defense: Sveshnikov System	7	rnbqkb1r/ppp1pp1p/3p1np1/8/3PP3/2N3P1/PPP2P1P/R1BQKBNR b KQkq	1. e4 d6 2. d4 Nf6 3. Nc3 g6 4. g3
B08	Pirc Defense: Classical Variation	7	rnbqkb1r/ppp1pp1p/3p1np1/8/3PP3/2N2N2/PPP2PPP/R1BQKB1R b KQkq	1. e4 d6 2. d4 Nf6 3. Nc3 g6 4. Nf3
B08	Pirc Defense: Classical Variation	8	rnbqk2r/ppp1ppbp/3p1np1/8/3PP3/2N2N2/PPP2PPP/R1BQKB1R w KQkq	1. e4 d6 2. d4 Nf6 3. Nc3 g6 4. Nf3 Bg7
B08	Pirc Defense: Classical Variation, Quiet System	9	rnbqk2r/ppp1ppbp/3p1np1/8/3PP3/2N2N2/PPP1BPPP/R1BQK2R b KQkq	1. e4 d6 2. d4 Nf6 3. Nc3 g6 4. Nf3 Bg7 5. Be2
B08	Pirc Defense: Classical Variation, Quiet System, Chigorin Line	12	r1bq1rk1/ppp1ppbp/2np1np1/8/3PP3/2N2N2/PPP1BPPP/R1BQ1RK1 w -	1. e4 d6 2. d4 Nf6 3. Nc3 g6 4. Nf3 Bg7 5. Be2 O-O 6. O-O Nc6
B08	Pirc Defense: Classical Variation, Quiet System, Czech Defense	12	rnbq1rk1/pp2ppbp/2pp1np1/8/3PP3/2N2N2/PPP1BPPP/R1BQ1RK1 w -	1. e4 d6 2. d4 Nf6 3. Nc3 g6 4. Nf3 Bg7 5. Be2 O-O 6. O-O c6
B08	Pirc Defense: Classical Variation, Quiet System, Parma Defense	12	rn1q1rk1/ppp1ppbp/3p1np1/8/3PP1b1/2N2N2/PPP1BPPP/R1BQ1RK1 w -	1. e4 d6 2. d4 Nf6 3. Nc3 g6 4. Nf3 Bg7 5. Be2 O-O 6. O-O Bg4
B08	Pirc Defense: Classical Variation, Schlechter Variation	9	rnbqk2r/ppp1ppbp/3p1np1/8/3PP3/2N2N1P/PPP2PP1/R1BQKB1R b KQkq	1. e4 d6 2. d4 Nf6 3. Nc3 g6 4. Nf3 Bg7 5. h3
B09	Pirc Defense: Austrian Attack	7	rnbqkb1r/ppp1pp1p/3p1np1/8/3PPP2/2N5/PPP3PP/R1BQKBNR b KQkq	1. e4 d6 2. d4 Nf6 3. Nc3 g6 4. f4
B09	Pirc Defense: Austrian Attack	10	rnbq1rk1/ppp1ppbp/3p1np1/8/3PPP2/2N2N2/PPP3PP/R1BQKB1R w KQ	1. e4 d6 2. d4 Nf6 3. Nc3 g6 4. f4 Bg7 5. Nf3 O-O
B09	Pirc Defense: Austrian Attack, Dragon Formation	10	rnbqk2r/pp2ppbp/3p1np1/2p5/3PPP2/2N2N2/PPP3PP/R1BQKB1R w KQkq	1. e4 d6 2. d4 Nf6 3. Nc3 g6 4. f4 Bg7 5. Nf3 c5
B09	Pirc Defense: Austrian Attack, Kurajica Variation	11	rnbq1rk1/ppp1ppbp/3p1np1/8/3PPP2/2N1BN2/PPP3PP/R2QKB1R b KQ	1. e4 d6 2. d4 Nf6 3. Nc3 g6 4. f4 Bg7 5. Nf3 O-O 6. Be3
B09	Pirc Defense: Austrian Attack, Ljubojevic Variation	9	rnbqk2r/ppp1ppbp/3p1np1/8/2BPPP2/2N5/PPP3PP/R1BQK1NR b KQkq	1. e4 d6 2. d4 Nf6 3. Nc3 g6 4. f4 Bg7 5. Bc4
B09	Pirc Defense: Austrian Attack, Unzicker Attack	11	rnbq1rk1/ppp1ppbp/3p1np1/4P3/3P1P2/2N2N2/PPP3PP/R1BQKB1R b KQ	1. e4 d6 2. d4 Nf6 3. Nc3 g6 4. f4 Bg7 5. Nf3 O-O 6. e5
B09	Pirc Defense: Austrian Attack, Unzicker Attack, Bronstein Variation	13	rnbq1rk1/pppnppbp/3p2p1/4P3/3P1P1P/2N2N2/PPP3P1/R1BQKB1R b KQ	1. e4 d6 2. d4 Nf6 3. Nc3 g6 4. f4 Bg7 5. Nf3 O-O 6. e5 Nfd7 7. h4
B09	Pirc Defense: Austrian Attack, Weiss Variation	11	rnbq1rk1/ppp1ppbp/3p1np1/8/3PPP2/2NB1N2/PPP3PP/R1BQK2R b KQ	1. e4 d6 2. d4 Nf6 3. Nc3 g6 4. f4 Bg7 5. Nf3 O-O 6. Bd3
B10	Caro-Kann Defense	2	rnbqkbnr/pp1ppppp/2p5/8/4P3/8/PPPP1PPP/RNBQKBNR w KQkq	1. e4 c6
B10	Caro-Kann Defense	3	rnbqkbnr/pp1ppppp/2p5/8/4P3/2N5/PPPP1PPP/R1BQKBNR b KQkq	1. e4 c6 2. Nc3
B10	Caro-Kann Defense	4	rnbqkbnr/pp2pppp/2p5/3p4/4P3/2N5/PPPP1PPP/R1BQKBNR w KQkq	1. e4 c6 2. Nc3 d5
B10	Caro-Kann Defense: Accelerated Panov Attack	3	rnbqkbnr/pp1ppppp/2p5/8/2P1P3/8/PP1P1PPP/RNBQKBNR b KQkq	1. e4 c6 2. c4
B10	Caro-Kann Defense: Accelerated Panov Attack	4	rnbqkbnr/pp2pppp/2p5/3p4/2P1P3/8/PP1P1PPP/RNBQKBNR w KQkq	1. e4 c6 2. c4 d5
B10	Caro-Kann Defense: Accelerated Panov Attack, Modern Variation	8	rnbqkb1r/pp2pppp/5n2/3P4/8/8/PP1P1PPP/RNBQKBNR w KQkq	1. e4 c6 2. c4 d5 3. exd5 cxd5 4. cxd5 Nf6
B10	Caro-Kann Defense: Accelerated Panov Attack, Open Variation	4	rnbqkbnr/pp1p1ppp/2p5/4p3/2P1P3/8/PP1P1PPP/RNBQKBNR w KQkq	1. e4 c6 2. c4 e5
B10	Caro-Kann Defense: Accelerated Panov Attack, Pseudo-Scandinavian	6	rnb1kbnr/pp2pppp/2p5/3q4/2P5/8/PP1P1PPP/RNBQKBNR w KQkq	1. e4 c6 2. c4 d5 3. exd5 Qxd5
B10	Caro-Kann Defense: Accelerated Panov Attack, Van Weersel Attack	7	rnbqkbnr/pp2pppp/8/3p4/4P3/1Q6/PP1P1PPP/RNB1KBNR b KQkq	1. e4 c6 2. c4 d5 3. cxd5 cxd5 4. Qb3
B10	Caro-Kann Defense: Apocalypse Attack	7	rnbqkbnr/pp2pppp/8/3pN3/8/8/PPPP1PPP/RNBQKB1R b KQkq	1. e4 c6 2. Nf3 d5 3. exd5 cxd5 4. Ne5
B10	Caro-Kann Defense: Breyer Variation	3	rnbqkbnr/pp1ppppp/2p5/8/4P3/3P4/PPP2PPP/RNBQKBNR b KQkq	1. e4 c6 2. d3
B10	Caro-Kann Defense: Breyer Variation, Stein Attack	15	rnbq1rk1/pp2npbp/2p3p1/3pp3/1P2P3/3P1NP1/P1PN1PBP/R1BQ1RK1 b -	1. e4 c6 2. d3 d5 3. Nd2 g6 4. Ngf3 Bg7 5. g3 e5 6. Bg2 Ne7 7. O-O O-O 8. b4
B10	Caro-Kann Defense: Dinic Gambit	7	rnbqkbnr/pp2pppp/2p5/6N1/4p3/3P4/PPP2PPP/RNBQKB1R b KQkq	1. e4 c6 2. Nf3 d5 3. d3 dxe4 4. Ng5
B10	Caro-Kann Defense: Endgame Offer	5	rnbqkbnr/pp2pppp/2p5/3p4/4P3/3P1N2/PPP2PPP/RNBQKB1R b KQkq	1. e4 c6 2. Nf3 d5 3. d3
B10	Caro-Kann Defense: Endgame Variation	9	rnb1kbnr/pp2pppp/2p5/8/4P3/5N2/PPP2PPP/RNBK1B1R b kq	1. e4 c6 2. Nf3 d5 3. d3 dxe4 4. dxe4 Qxd1+ 5. Kxd1
B10	Caro-Kann Defense: Euwe Attack	3	rnbqkbnr/pp1ppppp/2p5/8/4P3/1P6/P1PP1PPP/RNBQKBNR b KQkq	1. e4 c6 2. b3
B10	Caro-Kann Defense: Goldman Variation	5	rnbqkbnr/pp2pppp/2p5/3p4/4P3/2N2Q2/PPPP1PPP/R1B1KBNR b KQkq	1. e4 c6 2. Nc3 d5 3. Qf3
B10	Caro-Kann Defense: Hector Gambit	7	rnbqkbnr/pp2pppp/2p5/6N1/4p3/2N5/PPPP1PPP/R1BQKB1R b KQkq	1. e4 c6 2. Nc3 d5 3. Nf3 dxe4 4. Ng5
B10	Caro-Kann Defense: Hillbilly Attack	3	rnbqkbnr/pp1ppppp/2p5/8/2B1P3/8/PPPP1PPP/RNBQK1NR b KQkq	1. e4 c6 2. Bc4
B10	Caro-Kann Defense: Hillbilly Attack, Schaeffer Gambit	7	rnbqkbnr/pp2pppp/2p5/7Q/4p3/1B6/PPPP1PPP/RNB1K1NR b KQkq	1. e4 c6 2. Bc4 d5 3. Bb3 dxe4 4. Qh5
B10	Caro-Kann Defense: Labahn Attack	3	rnbqkbnr/pp1ppppp/2p5/8/1P2P3/8/P1PP1PPP/RNBQKBNR b KQkq	1. e4 c6 2. b4
B10	Caro-Kann Defense: Labahn Attack, Double Gambit	5	rnbqkbnr/pp2pppp/2p5/1P1p4/4P3/8/P1PP1PPP/RNBQKBNR b KQkq	1. e4 c6 2. b4 d5 3. b5
B10	Caro-Kann Defense: Labahn Attack, Polish Variation	5	rnbqkbnr/pp1p1ppp/2p5/4p3/1P2P3/8/PBPP1PPP/RN1QKBNR b KQkq	1. e4 c6 2. b4 e5 3. Bb2
B10	Caro-Kann Defense: Scorpion-Horus Gambit	7	rnbqkbnr/pp2pppp/2p5/6B1/4p3/2NP4/PPP2PPP/R2QKBNR b KQkq	1. e4 c6 2. Nc3 d5 3. d3 dxe4 4. Bg5
B10	Caro-Kann Defense: Spike Variation	3	rnbqkbnr/pp1ppppp/2p5/8/4P1P1/8/PPPP1P1P/RNBQKBNR b KQkq	1. e4 c6 2. g4
B10	Caro-Kann Defense: Spike Variation, Scorpion-Grob Gambit	7	rnbqkbnr/pp2pppp/2p5/8/4p1P1/2NP4/PPP2P1P/R1BQKBNR b KQkq	1. e4 c6 2. g4 d5 3. Nc3 dxe4 4. d3
B10	Caro-Kann Defense: St. Patrick's Attack	5	rnbqkbnr/pp2pppp/2p5/3p4/4P3/2N4P/PPPP1PP1/R1BQKBNR b KQkq	1. e4 c6 2. Nc3 d5 3. h3
B10	Caro-Kann Defense: Toikkanen Gambit	5	rnbqkbnr/pp2pppp/2p5/3pP3/2P5/8/PP1P1PPP/RNBQKBNR b KQkq	1. e4 c6 2. c4 d5 3. e5
B10	Caro-Kann Defense: Two Knights Attack	5	rnbqkbnr/pp2pppp/2p5/3p4/4P3/2N2N2/PPPP1PPP/R1BQKB1R b KQkq	1. e4 c6 2. Nc3 d5 3. Nf3
B11	Caro-Kann Defense: Two Knights Attack, Mindeno Variation	6	rn1qkbnr/pp2pppp/2p5/3p4/4P1b1/2N2N2/PPPP1PPP/R1BQKB1R w KQkq	1. e4 c6 2. Nc3 d5 3. Nf3 Bg4
B11	Caro-Kann Defense: Two Knights Attack, Mindeno Variation, Exchange Line	8	rn1qkbnr/pp2pppp/2p5/3p4/4P3/2N2b1P/PPPP1PP1/R1BQKB1R w KQkq	1. e4 c6 2. Nc3 d5 3. Nf3 Bg4 4. h3 Bxf3
B11	Caro-Kann Defense: Two Knights Attack, Mindeno Variation, Retreat Line	8	rn1qkbnr/pp2pppp/2p5/3p3b/4P3/2N2N1P/PPPP1PP1/R1BQKB1R w KQkq	1. e4 c6 2. Nc3 d5 3. Nf3 Bg4 4. h3 Bh5
B12	Caro-Kann Defense	3	rnbqkbnr/pp1ppppp/2p5/8/3PP3/8/PPP2PPP/RNBQKBNR b KQkq	1. e4 c6 2. d4
B12	Caro-Kann Defense	4	rnbqkbnr/pp2pppp/2p5/3p4/3PP3/8/PPP2PPP/RNBQKBNR w KQkq	1. e4 c6 2. d4 d5
B12	Caro-Kann Defense: Advance Variation	5	rnbqkbnr/pp2pppp/2p5/3pP3/3P4/8/PPP2PPP/RNBQKBNR b KQkq	1. e4 c6 2. d4 d5 3. e5
B12	Caro-Kann Defense: Advance Variation, Bayonet Attack	7	rn1qkbnr/pp2pppp/2p5/3pPb2/3P2P1/8/PPP2P1P/RNBQKBNR b KQkq	1. e4 c6 2. d4 d5 3. e5 Bf5 4. g4
B12	Caro-Kann Defense: Advance Variation, Botvinnik-Carls Defense	6	rnbqkbnr/pp2pppp/8/2ppP3/3P4/8/PPP2PPP/RNBQKBNR w KQkq	1. e4 c6 2. d4 d5 3. e5 c5
B12	Caro-Kann Defense: Advance Variation, Bronstein Variation	7	rn1qkbnr/pp2pppp/2p5/3pPb2/3P4/8/PPP1NPPP/RNBQKB1R b KQkq	1. e4 c6 2. d4 d5 3. e5 Bf5 4. Ne2
B12	Caro-Kann Defense: Advance Variation, Prins Attack	7	rn1qkbnr/pp2pppp/2p5/3pPb2/1P1P4/8/P1P2PPP/RNBQKBNR b KQkq	1. e4 c6 2. d4 d5 3. e5 Bf5 4. b4
B12	Caro-Kann Defense: Advance Variation, Short Variation	7	rn1qkbnr/pp2pppp/2p5/3pPb2/3P4/5N2/PPP2PPP/RNBQKB1R b KQkq	1. e4 c6 2. d4 d5 3. e5 Bf5 4. Nf3
B12	Caro-Kann Defense: Advance Variation, Tal Variation	7	rn1qkbnr/pp2pppp/2p5/3pPb2/3P3P/8/PPP2PP1/RNBQKBNR b KQkq	1. e4 c6 2. d4 d5 3. e5 Bf5 4. h4
B12	Caro-Kann Defense: Advance Variation, Van der Wiel Attack	7	rn1qkbnr/pp2pppp/2p5/3pPb2/3P4/2N5/PPP2PPP/R1BQKBNR b KQkq	1. e4 c6 2. d4 d5 3. e5 Bf5 4. Nc3
B12	Caro-Kann Defense: Advance Variation, Van der Wiel Attack	13	rn1qkbnr/pp3ppp/4p1b1/2ppP3/3P2PP/2N5/PPP1NP2/R1BQKB1R b KQkq	1. e4 c6 2. d4 d5 3. e5 Bf5 4. Nc3 e6 5. g4 Bg6 6. Nge2 c5 7. h4
B12	Caro-Kann Defense: Advance Variation, Van der Wiel Attack, Dreyev Defense	8	rn2kbnr/pp2pppp/1qp5/3pPb2/3P4/2N5/PPP2PPP/R1BQKBNR w KQkq	1. e4 c6 2. d4 d5 3. e5 Bf5 4. Nc3 Qb6
B12	Caro-Kann Defense: Advance, Short Variation	9	rn1qkbnr/pp3ppp/2p1p3/3pPb2/3P4/2P5/PP2BPPP/RNBQK1NR b KQkq	1. e4 c6 2. d4 d5 3. e5 Bf5 4. c3 e6 5. Be2
B12	Caro-Kann Defense: De Bruycker Defense	4	r1bqkbnr/pp1ppppp/n1p5/8/3PP3/8/PPP2PPP/RNBQKBNR w KQkq	1. e4 c6 2. d4 Na6
B12	Caro-Kann Defense: De Bruycker Defense	6	r1bqkbnr/ppnppppp/2p5/8/3PP3/2N5/PPP2PPP/R1BQKBNR w KQkq	1. e4 c6 2. d4 Na6 3. Nc3 Nc7
B12	Caro-Kann Defense: Edinburgh Variation	6	rnb1kbnr/pp2pppp/1qp5/3p4/3PP3/8/PPPN1PPP/R1BQKBNR w KQkq	1. e4 c6 2. d4 d5 3. Nd2 Qb6
B12	Caro-Kann Defense: Maróczy Variation	5	rnbqkbnr/pp2pppp/2p5/3p4/3PP3/5P2/PPP3PP/RNBQKBNR b KQkq	1. e4 c6 2. d4 d5 3. f3
B12	Caro-Kann Defense: Maróczy Variation, Maróczy Gambit	11	rnbqkbnr/pp3ppp/2p5/8/2BpP3/5N2/PPP3PP/RNBQK2R b KQkq	1. e4 c6 2. d4 d5 3. f3 dxe4 4. fxe4 e5 5. Nf3 exd4 6. Bc4
B12	Caro-Kann Defense: Masi Variation	4	rnbqkb1r/pp1ppppp/2p2n2/8/3PP3/8/PPP2PPP/RNBQKBNR w KQkq	1. e4 c6 2. d4 Nf6
B12	Caro-Kann Defense: Massachusetts Defense	4	rnbqkbnr/pp1pp1pp/2p5/5p2/3PP3/8/PPP2PPP/RNBQKBNR w KQkq	1. e4 c6 2. d4 f5
B12	Caro-Kann Defense: Mieses Attack, Landau Gambit	9	rnbqkb1r/pp1npppp/2p1P3/3p4/3P4/3B4/PPP2PPP/RNBQK1NR b KQkq	1. e4 c6 2. d4 d5 3. Bd3 Nf6 4. e5 Nfd7 5. e6
B12	Caro-Kann Defense: Mieses Gambit	5	rnbqkbnr/pp2pppp/2p5/3p4/3PP3/4B3/PPP2PPP/RN1QKBNR b KQkq	1. e4 c6 2. d4 d5 3. Be3
B12	Caro-Kann Defense: Modern Variation	5	rnbqkbnr/pp2pppp/2p5/3p4/3PP3/8/PPPN1PPP/R1BQKBNR b KQkq	1. e4 c6 2. d4 d5 3. Nd2
B12	Caro-Kann Defense: Ulysses Gambit	7	rnbqkbnr/pp2pppp/2p5/6N1/3Pp3/8/PPP2PPP/RNBQKB1R b KQkq	1. e4 c6 2. d4 d5 3. Nf3 dxe4 4. Ng5
B13	Caro-Kann Defense: Exchange Variation	5	rnbqkbnr/pp2pppp/2p5/3P4/3P4/8/PPP2PPP/RNBQKBNR b KQkq	1. e4 c6 2. d4 d5 3. exd5
B13	Caro-Kann Defense: Exchange Variation	6	rnbqkbnr/pp2pppp/8/3p4/3P4/8/PPP2PPP/RNBQKBNR w KQkq	1. e4 c6 2. d4 d5 3. exd5 cxd5
B13	Caro-Kann Defense: Exchange Variation	7	rnbqkbnr/pp2pppp/8/3p4/3P1B2/8/PPP2PPP/RN1QKBNR b KQkq	1. e4 c6 2. d4 d5 3. exd5 cxd5 4. Bf4
B13	Caro-Kann Defense: Exchange Variation	8	r1bqkbnr/pp2pppp/2n5/3p4/3P4/5N2/PPP2PPP/RNBQKB1R w KQkq	1. e4 c6 2. d4 d5 3. exd5 cxd5 4. Nf3 Nc6
B13	Caro-Kann Defense: Exchange Variation, Bulla Attack	7	rnbqkbnr/pp2pppp/8/3p4/3P2P1/8/PPP2P1P/RNBQKBNR b KQkq	1. e4 c6 2. d4 d5 3. exd5 cxd5 4. g4
B13	Caro-Kann Defense: Exchange Variation, Rubinstein Variation	11	r1bqkb1r/pp2pppp/2n2n2/3p4/3P1B2/2PB4/PP3PPP/RN1QK1NR b KQkq	1. e4 c6 2. d4 d5 3. exd5 cxd5 4. Bd3 Nc6 5. c3 Nf6 6. Bf4
B13	Caro-Kann Defense: Panov Attack	7	rnbqkbnr/pp2pppp/8/3p4/2PP4/8/PP3PPP/RNBQKBNR b KQkq	1. e4 c6 2. d4 d5 3. exd5 cxd5 4. c4
B13	Caro-Kann Defense: Panov Attack	9	rnbqkb1r/pp2pppp/5n2/3p4/2PP4/2N5/PP3PPP/R1BQKBNR b KQkq	1. e4 c6 2. d4 d5 3. exd5 cxd5 4. c4 Nf6 5. Nc3
B13	Caro-Kann Defense: Panov Attack, Gunderam Attack	9	rnbqkb1r/pp2pppp/5n2/2Pp4/3P4/8/PP3PPP/RNBQKBNR b KQkq	1. e4 c6 2. d4 d5 3. exd5 cxd5 4. c4 Nf6 5. c5
B13	Caro-Kann Defense: Panov Attack, Modern Defense	10	r1bqkb1r/pp2pppp/2n2n2/3p4/2PP4/2N5/PP3PPP/R1BQKBNR w KQkq	1. e4 c6 2. d4 d5 3. exd5 cxd5 4. c4 Nf6 5. Nc3 Nc6
B13	Caro-Kann Defense: Panov Attack, Modern Defense, Carlsbad Line	12	r1bqkb1r/pp3ppp/2n1pn2/3p2B1/2PP4/2N5/PP3PPP/R2QKBNR w KQkq	1. e4 c6 2. d4 d5 3. exd5 cxd5 4. c4 Nf6 5. Nc3 Nc6 6. Bg5 e6
B13	Caro-Kann Defense: Panov Attack, Modern Defense, Czerniak Line	12	r1b1kb1r/pp2pppp/2n2n2/q2p2B1/2PP4/2N5/PP3PPP/R2QKBNR w KQkq	1. e4 c6 2. d4 d5 3. exd5 cxd5 4. c4 Nf6 5. Nc3 Nc6 6. Bg5 Qa5
B13	Caro-Kann Defense: Panov Attack, Modern Defense, Mieses Line	12	r2qkb1r/pp2pppp/2n2n2/3p4/2PP2b1/2N2N2/PP3PPP/R1BQKB1R w KQkq	1. e4 c6 2. d4 d5 3. exd5 cxd5 4. c4 Nf6 5. Nc3 Nc6 6. Nf3 Bg4
B13	Caro-Kann Defense: Panov Attack, Modern Defense, Reifir-Spielmann Line	12	r1b1kb1r/pp2pppp/1qn2n2/3p2B1/2PP4/2N5/PP3PPP/R2QKBNR w KQkq	1. e4 c6 2. d4 d5 3. exd5 cxd5 4. c4 Nf6 5. Nc3 Nc6 6. Bg5 Qb6
B13	Caro-Kann Defense: Panov-Botvinnik, Herzog Defense	14	r1bqkb1r/pp2pppp/5n2/n2P2B1/2p5/2N5/PP3PPP/R2QKBNR w KQkq	1. e4 c6 2. d4 d5 3. exd5 cxd5 4. c4 Nf6 5. Nc3 Nc6 6. Bg5 dxc4 7. d5 Na5
B14	Caro-Kann Defense: Panov Attack	10	rnbqkb1r/pp3ppp/4pn2/3p4/2PP4/2N5/PP3PPP/R1BQKBNR w KQkq	1. e4 c6 2. d4 d5 3. exd5 cxd5 4. c4 Nf6 5. Nc3 e6
B14	Caro-Kann Defense: Panov Attack	16	r2qkb1r/pp3ppp/2n2n2/1B1p4/3P2b1/2N2N2/PP3PPP/R1BQK2R w KQkq	1. e4 c6 2. d4 d5 3. exd5 cxd5 4. c4 Nc6 5. Nc3 Nf6 6. Nf3 e6 7. cxd5 exd5 8. Bb5 Bg4
B14	Caro-Kann Defense: Panov Attack	19	r1bq1rk1/pp3ppp/2nb1n2/1B1p2B1/3P4/2N2N2/PP3PPP/R2Q1RK1 b -	1. e4 c6 2. d4 d5 3. exd5 cxd5 4. c4 Nc6 5. Nc3 Nf6 6. Nf3 e6 7. cxd5 exd5 8. Bb5 Bd6 9. Bg5 O-O 10. O-O
B14	Caro-Kann Defense: Panov Attack	13	r1bqkb1r/pp3ppp/2n1pn2/2Pp4/3P4/2N2N2/PP3PPP/R1BQKB1R b KQkq	1. e4 c6 2. d4 d5 3. exd5 cxd5 4. c4 Nf6 5. Nc3 Nc6 6. Nf3 e6 7. c5
B14	Caro-Kann Defense: Panov Attack, Fianchetto Defense	10	rnbqkb1r/pp2pp1p/5np1/3p4/2PP4/2N5/PP3PPP/R1BQKBNR w KQkq	1. e4 c6 2. d4 d5 3. exd5 cxd5 4. c4 Nf6 5. Nc3 g6
B14	Caro-Kann Defense: Panov Attack, Fianchetto Defense, Fianchetto Gambit	12	rnbqk2r/pp2ppbp/5np1/3P4/3P4/2N5/PP3PPP/R1BQKBNR w KQkq	1. e4 c6 2. d4 d5 3. exd5 cxd5 4. c4 Nf6 5. Nc3 g6 6. cxd5 Bg7
B14	Caro-Kann Defense: Panov Attack, Main Line	12	rnbqk2r/pp3ppp/4pn2/3p4/1bPP4/2N2N2/PP3PPP/R1BQKB1R w KQkq	1. e4 c6 2. d4 d5 3. exd5 cxd5 4. c4 Nf6 5. Nc3 e6 6. Nf3 Bb4
B15	Caro-Kann Defense	5	rnbqkbnr/pp2pppp/2p5/3p4/3PP3/2N5/PPP2PPP/R1BQKBNR b KQkq	1. e4 c6 2. d4 d5 3. Nc3
B15	Caro-Kann Defense	6	rnbqkbnr/pp2pppp/2p5/8/3Pp3/2N5/PPP2PPP/R1BQKBNR w KQkq	1. e4 c6 2. d4 d5 3. Nc3 dxe4
B15	Caro-Kann Defense: Alekhine Gambit	9	rnbqkb1r/pp2pppp/2p2n2/8/3PN3/3B4/PPP2PPP/R1BQK1NR b KQkq	1. e4 c6 2. d4 d5 3. Nc3 dxe4 4. Nxe4 Nf6 5. Bd3
B15	Caro-Kann Defense: Alien Gambit	11	rnbqkb1r/pp2pNp1/2p2n1p/8/3P4/8/PPP2PPP/R1BQKBNR b KQkq	1. e4 c6 2. d4 d5 3. Nc3 dxe4 4. Nxe4 Nf6 5. Ng5 h6 6. Nxf7
B15	Caro-Kann Defense: Campomanes Attack	6	rnbqkb1r/pp2pppp/2p2n2/3p4/3PP3/2N5/PPP2PPP/R1BQKBNR w KQkq	1. e4 c6 2. d4 d5 3. Nc3 Nf6
B15	Caro-Kann Defense: Forgacs Variation	11	rnbqkb1r/pp3ppp/2p2p2/8/2BP4/8/PPP2PPP/R1BQK1NR b KQkq	1. e4 c6 2. d4 d5 3. Nc3 dxe4 4. Nxe4 Nf6 5. Nxf6+ exf6 6. Bc4
B15	Caro-Kann Defense: Gurgenidze Counterattack	6	rnbqkbnr/p3pppp/2p5/1p1p4/3PP3/2N5/PPP2PPP/R1BQKBNR w KQkq	1. e4 c6 2. d4 d5 3. Nc3 b5
B15	Caro-Kann Defense: Gurgenidze System	6	rnbqkbnr/pp2pp1p/2p3p1/3p4/3PP3/2N5/PPP2PPP/R1BQKBNR w KQkq	1. e4 c6 2. d4 d5 3. Nc3 g6
B15	Caro-Kann Defense: Main Line	7	rnbqkbnr/pp2pppp/2p5/8/3PN3/8/PPP2PPP/R1BQKBNR b KQkq	1. e4 c6 2. d4 d5 3. Nd2 dxe4 4. Nxe4
B15	Caro-Kann Defense: Rasa-Studier Gambit	7	rnbqkbnr/pp2pppp/2p5/8/3Pp3/2N2P2/PPP3PP/R1BQKBNR b KQkq	1. e4 c6 2. d4 d5 3. Nc3 dxe4 4. f3
B15	Caro-Kann Defense: Tartakower Variation	10	rnbqkb1r/pp3ppp/2p2p2/8/3P4/8/PPP2PPP/R1BQKBNR w KQkq	1. e4 c6 2. d4 d5 3. Nc3 dxe4 4. Nxe4 Nf6 5. Nxf6+ exf6
B15	Caro-Kann Defense: Tartakower Variation, Perlis Line	16	rnbq1rk1/pp3pp1/2pb1p1p/8/3P4/2PB4/PPQ2PPP/R1B1K1NR w KQ	1. e4 c6 2. d4 d5 3. Nc3 dxe4 4. Nxe4 Nf6 5. Nxf6+ exf6 6. c3 Bd6 7. Bd3 O-O 8. Qc2 h6
B15	Caro-Kann Defense: von Hennig Gambit	7	rnbqkbnr/pp2pppp/2p5/8/2BPp3/2N5/PPP2PPP/R1BQK1NR b KQkq	1. e4 c6 2. d4 d5 3. Nc3 dxe4 4. Bc4
B16	Caro-Kann Defense: Bronstein-Larsen Variation	10	rnbqkb1r/pp2pp1p/2p2p2/8/3P4/8/PPP2PPP/R1BQKBNR w KQkq	1. e4 c6 2. d4 d5 3. Nc3 dxe4 4. Nxe4 Nf6 5. Nxf6+ gxf6
B16	Caro-Kann Defense: Finnish Variation	8	rnbqkbnr/pp2ppp1/2p4p/8/3PN3/8/PPP2PPP/R1BQKBNR w KQkq	1. e4 c6 2. d4 d5 3. Nd2 dxe4 4. Nxe4 h6
B17	Caro-Kann Defense: Karpov Variation	8	r1bqkbnr/pp1npppp/2p5/8/3PN3/8/PPP2PPP/R1BQKBNR w KQkq	1. e4 c6 2. d4 d5 3. Nd2 dxe4 4. Nxe4 Nd7
B17	Caro-Kann Defense: Karpov Variation, Modern Main Line	19	r1bqk2r/pp1n1pp1/2pbp2p/8/3PQ3/3B1N2/PPP2PPP/R1B1K2R b KQkq	1. e4 c6 2. d4 d5 3. Nd2 dxe4 4. Nxe4 Nd7 5. Ng5 Ngf6 6. Bd3 e6 7. N1f3 Bd6 8. Qe2 h6 9. Ne4 Nxe4 10. Qxe4
B17	Caro-Kann Defense: Karpov Variation, Modern Variation	9	r1bqkbnr/pp1npppp/2p5/6N1/3P4/8/PPP2PPP/R1BQKBNR b KQkq	1. e4 c6 2. d4 d5 3. Nd2 dxe4 4. Nxe4 Nd7 5. Ng5
B17	Caro-Kann Defense: Karpov Variation, Modern Variation, Ivanchuk Defense	10	r1bqkbnr/pp2pppp/2p2n2/6N1/3P4/8/PPP2PPP/R1BQKBNR w KQkq	1. e4 c6 2. d4 d5 3. Nd2 dxe4 4. Nxe4 Nd7 5. Ng5 Ndf6
B17	Caro-Kann Defense: Karpov Variation, Modern Variation, Kasparov Attack	11	r1bqkb1r/pp1npppp/2p2n2/8/3P4/5NN1/PPP2PPP/R1BQKB1R b KQkq	1. e4 c6 2. d4 d5 3. Nc3 dxe4 4. Nxe4 Nd7 5. Nf3 Ngf6 6. Ng3
B17	Caro-Kann Defense: Karpov Variation, Smyslov Variation	14	r1bqkb1r/pp3ppp/1np1pn2/6N1/2BP4/8/PPP1QPPP/R1B1K1NR w KQkq	1. e4 c6 2. d4 d5 3. Nd2 dxe4 4. Nxe4 Nd7 5. Bc4 Ngf6 6. Ng5 e6 7. Qe2 Nb6
B17	Caro-Kann Defense: Karpov Variation, Smyslov Variation, Main Line	15	r1bqkb1r/pp3ppp/1np1pn2/6N1/3P4/1B6/PPP1QPPP/R1B1K1NR b KQkq	1. e4 c6 2. d4 d5 3. Nd2 dxe4 4. Nxe4 Nd7 5. Bc4 Ngf6 6. Ng5 e6 7. Qe2 Nb6 8. Bb3
B17	Caro-Kann Defense: Karpov Variation, Tiviakov-Fischer Attack	12	r1bqkb1r/pp2pppp/2p2n2/8/2BP4/8/PPP2PPP/R1BQK1NR w KQkq	1. e4 c6 2. d4 d5 3. Nd2 dxe4 4. Nxe4 Nd7 5. Bc4 Ngf6 6. Nxf6+ Nxf6
B18	Caro-Kann Defense: Classical Variation	8	rn1qkbnr/pp2pppp/2p5/5b2/3PN3/8/PPP2PPP/R1BQKBNR w KQkq	1. e4 c6 2. d4 d5 3. Nd2 dxe4 4. Nxe4 Bf5
B18	Caro-Kann Defense: Classical Variation, Flohr Variation	11	rn1qkbnr/pp2pppp/2p3b1/8/3P4/6NN/PPP2PPP/R1BQKB1R b KQkq	1. e4 c6 2. d4 d5 3. Nd2 dxe4 4. Nxe4 Bf5 5. Ng3 Bg6 6. Nh3
B18	Caro-Kann Defense: Classical Variation, Main Line	11	rn1qkbnr/pp2pppp/2p3b1/8/3P3P/6N1/PPP2PP1/R1BQKBNR b KQkq	1. e4 c6 2. d4 d5 3. Nd2 dxe4 4. Nxe4 Bf5 5. Ng3 Bg6 6. h4
B18	Caro-Kann Defense: Classical Variation, Maróczy Attack	11	rn1qkbnr/pp2pppp/2p3b1/8/3P1P2/6N1/PPP3PP/R1BQKBNR b KQkq	1. e4 c6 2. d4 d5 3. Nd2 dxe4 4. Nxe4 Bf5 5. Ng3 Bg6 6. f4
B18	Caro-Kann Defense: Martian Gambit	13	rn1qkbnr/pp2ppp1/2p1N1bp/8/3P4/5N2/PPP2PPP/R1BQKB1R b KQkq	1. e4 c6 2. d4 d5 3. Nd2 dxe4 4. Nxe4 Bf5 5. Ng5 Bg6 6. N1f3 h6 7. Ne6
B19	Caro-Kann Defense: Classical Variation	14	r2qkbnr/pp1nppp1/2p3bp/8/3P3P/5NN1/PPP2PP1/R1BQKB1R w KQkq	1. e4 c6 2. d4 d5 3. Nd2 dxe4 4. Nxe4 Bf5 5. Ng3 Bg6 6. h4 h6 7. Nf3 Nd7
B19	Caro-Kann Defense: Classical Variation, Lobron System	24	r2qk2r/pp1nbpp1/2p1pn1p/7P/3P4/3Q1NN1/PPPB1PP1/2KR3R w kq	1. e4 c6 2. d4 d5 3. Nd2 dxe4 4. Nxe4 Bf5 5. Ng3 Bg6 6. h4 h6 7. Nf3 Nd7 8. h5 Bh7 9. Bd3 Bxd3 10. Qxd3 e6 11. Bd2 Ngf6 12. O-O-O Be7
B19	Caro-Kann Defense: Classical Variation, Seirawan Variation	24	r2qk2r/pp1n1pp1/2pbpn1p/7P/3P4/3Q1NN1/PPPB1PP1/2KR3R w kq	1. e4 c6 2. d4 d5 3. Nd2 dxe4 4. Nxe4 Bf5 5. Ng3 Bg6 6. h4 h6 7. Nf3 Nd7 8. h5 Bh7 9. Bd3 Bxd3 10. Qxd3 Ngf6 11. Bd2 e6 12. O-O-O Bd6
B19	Caro-Kann Defense: Classical Variation, Spassky Variation	15	r2qkbnr/pp1nppp1/2p3bp/7P/3P4/5NN1/PPP2PP1/R1BQKB1R b KQkq	1. e4 c6 2. d4 d5 3. Nd2 dxe4 4. Nxe4 Bf5 5. Ng3 Bg6 6. h4 h6 7. Nf3 Nd7 8. h5
B20	Sicilian Defense	2	rnbqkbnr/pp1ppppp/8/2p5/4P3/8/PPPP1PPP/RNBQKBNR w KQkq	1. e4 c5
B20	Sicilian Defense: Amazon Attack	3	rnbqkbnr/pp1ppppp/8/2p5/4P1Q1/8/PPPP1PPP/RNB1KBNR b KQkq	1. e4 c5 2. Qg4
B20	Sicilian Defense: Big Clamp Formation	7	r1bqkbnr/pp2pppp/2np4/2p5/4PP2/2PP4/PP4PP/RNBQKBNR b KQkq	1. e4 c5 2. d3 Nc6 3. c3 d6 4. f4
B20	Sicilian Defense: Bowdler Attack	3	rnbqkbnr/pp1ppppp/8/2p5/2B1P3/8/PPPP1PPP/RNBQK1NR b KQkq	1. e4 c5 2. Bc4
B20	Sicilian Defense: Brick Variation	3	rnbqkbnr/pp1ppppp/8/2p5/4P3/7N/PPPP1PPP/RNBQKB1R b KQkq	1. e4 c5 2. Nh3
B20	Sicilian Defense: Czerniak Attack	3	rnbqkbnr/pp1ppppp/8/2p5/4P3/1P6/P1PP1PPP/RNBQKBNR b KQkq	1. e4 c5 2. b3
B20	Sicilian Defense: Czerniak Attack, Queen Fianchetto Variation	4	rnbqkbnr/p2ppppp/1p6/2p5/4P3/1P6/P1PP1PPP/RNBQKBNR w KQkq	1. e4 c5 2. b3 b6
B20	Sicilian Defense: Euwe Attack, Prins Gambit	5	rnbqkbnr/pp2pppp/8/2pp4/4P3/1P6/PBPP1PPP/RN1QKBNR b KQkq	1. e4 c5 2. b3 d5 3. Bb2
B20	Sicilian Defense: Gloria Variation	8	r1bqkbnr/pp2ppp1/2np4/2p4p/2P1P3/2N3P1/PP1P1P1P/R1BQKBNR w KQkq	1. e4 c5 2. c4 d6 3. Nc3 Nc6 4. g3 h5
B20	Sicilian Defense: Grob Variation	3	rnbqkbnr/pp1ppppp/8/2p5/4P1P1/8/PPPP1P1P/RNBQKBNR b KQkq	1. e4 c5 2. g4
B20	Sicilian Defense: Keres Variation	3	rnbqkbnr/pp1ppppp/8/2p5/4P3/8/PPPPNPPP/RNBQKB1R b KQkq	1. e4 c5 2. Ne2
B20	Sicilian Defense: King David's Opening	3	rnbqkbnr/pp1ppppp/8/2p5/4P3/8/PPPPKPPP/RNBQ1BNR b kq	1. e4 c5 2. Ke2
B20	Sicilian Defense: Kronberger Variation	3	rnbqkbnr/pp1ppppp/8/2p5/4P3/N7/PPPP1PPP/R1BQKBNR b KQkq	1. e4 c5 2. Na3
B20	Sicilian Defense: Kronberger Variation, Nemeth Gambit	7	r1bqkbnr/pp1ppppp/2n5/8/2BpP3/N7/PPP2PPP/R1BQK1NR b KQkq	1. e4 c5 2. Na3 Nc6 3. d4 cxd4 4. Bc4
B20	Sicilian Defense: Lasker-Dunne Attack	3	rnbqkbnr/pp1ppppp/8/2p5/4P3/6P1/PPPP1P1P/RNBQKBNR b KQkq	1. e4 c5 2. g3
B20	Sicilian Defense: Mengarini Variation	3	rnbqkbnr/pp1ppppp/8/2p5/4P3/P7/1PPP1PPP/RNBQKBNR b KQkq	1. e4 c5 2. a3
B20	Sicilian Defense: Myers Attack, with a4	3	rnbqkbnr/pp1ppppp/8/2p5/P3P3/8/1PPP1PPP/RNBQKBNR b KQkq	1. e4 c5 2. a4
B20	Sicilian Defense: Myers Attack, with h4	3	rnbqkbnr/pp1ppppp/8/2p5/4P2P/8/PPPP1PP1/RNBQKBNR b KQkq	1. e4 c5 2. h4
B20	Sicilian Defense: Staunton-Cochrane Variation	3	rnbqkbnr/pp1ppppp/8/2p5/2P1P3/8/PP1P1PPP/RNBQKBNR b KQkq	1. e4 c5 2. c4
B20	Sicilian Defense: Wing Gambit	3	rnbqkbnr/pp1ppppp/8/2p5/1P2P3/8/P1PP1PPP/RNBQKBNR b KQkq	1. e4 c5 2. b4
B20	Sicilian Defense: Wing Gambit, Abrahams Variation	5	rnbqkbnr/pp1ppppp/8/8/1p2P3/8/PBPP1PPP/RN1QKBNR b KQkq	1. e4 c5 2. b4 cxb4 3. Bb2
B20	Sicilian Defense: Wing Gambit, Carlsbad Variation	6	rnbqkbnr/pp1ppppp/8/8/4P3/p7/2PP1PPP/RNBQKBNR w KQkq	1. e4 c5 2. b4 cxb4 3. a3 bxa3
B20	Sicilian Defense: Wing Gambit, Marienbad Variation	9	rnb1kbnr/pp2pppp/8/3q4/1p6/P7/1BPP1PPP/RN1QKBNR b KQkq	1. e4 c5 2. b4 cxb4 3. a3 d5 4. exd5 Qxd5 5. Bb2
B20	Sicilian Defense: Wing Gambit, Marshall Variation	5	rnbqkbnr/pp1ppppp/8/8/1p2P3/P7/2PP1PPP/RNBQKBNR b KQkq	1. e4 c5 2. b4 cxb4 3. a3
B20	Sicilian Defense: Wing Gambit, Nanu Gambit	13	rnb1kbnr/pp3ppp/4q3/4p3/1pP5/P2B1N2/3P1PPP/RNBQK2R b KQkq	1. e4 c5 2. b4 cxb4 3. a3 d5 4. exd5 Qxd5 5. Nf3 e5 6. c4 Qe6 7. Bd3
B20	Sicilian Defense: Wing Gambit, Romanian Defense	14	r1b1kbnr/pp3ppp/2n1q3/4p3/1pP5/P4N2/1B1P1PPP/RN1QKB1R w KQkq	1. e4 c5 2. b4 cxb4 3. a3 d5 4. exd5 Qxd5 5. Nf3 e5 6. Bb2 Nc6 7. c4 Qe6
B20	Sicilian Defense: Wing Gambit, Santasiere Variation	5	rnbqkbnr/pp1ppppp/8/8/1pP1P3/8/P2P1PPP/RNBQKBNR b KQkq	1. e4 c5 2. b4 cxb4 3. c4
B21	Bird Opening: Dutch Variation, Batavo Gambit	6	rnbqkbnr/pp2pppp/8/2p5/4pP2/5N2/PPPP2PP/RNBQKB1R w KQkq	1. e4 c5 2. f4 d5 3. Nf3 dxe4
B21	Sicilian Defense: Coles Sicilian Gambit	9	r1bqkb1r/pp1ppppp/2n2n2/8/2B1P3/8/PPP2PPP/RNBQK1NR b KQkq	1. e4 c5 2. d4 cxd4 3. Qxd4 Nc6 4. Qd1 Nf6 5. Bc4
B21	Sicilian Defense: Halasz Gambit	5	rnbqkbnr/pp1ppppp/8/8/3pPP2/8/PPP3PP/RNBQKBNR b KQkq	1. e4 c5 2. d4 cxd4 3. f4
B21	Sicilian Defense: McDonnell Attack	3	rnbqkbnr/pp1ppppp/8/2p5/4PP2/8/PPPP2PP/RNBQKBNR b KQkq	1. e4 c5 2. f4
B21	Sicilian Defense: McDonnell Attack	6	r1bqkbnr/pp1p1ppp/2n1p3/2p5/4PP2/5N2/PPPP2PP/RNBQKB1R w KQkq	1. e4 c5 2. f4 Nc6 3. Nf3 e6
B21	Sicilian Defense: McDonnell Attack	7	r1bqkbnr/pp1p1ppp/2n1p3/2p5/4PP2/3P1N2/PPP3PP/RNBQKB1R b KQkq	1. e4 c5 2. f4 Nc6 3. Nf3 e6 4. d3
B21	Sicilian Defense: McDonnell Attack	8	r1bqk1nr/pp1pppbp/2n3p1/1Bp5/4PP2/5N2/PPPP2PP/RNBQK2R w KQkq	1. e4 c5 2. f4 Nc6 3. Nf3 g6 4. Bb5 Bg7
B21	Sicilian Defense: McDonnell Attack	10	r1bqk2r/pp1pppbp/2n2np1/1Bp5/4PP2/2P2N2/PP1P2PP/RNBQK2R w KQkq	1. e4 c5 2. f4 Nc6 3. Nf3 g6 4. Bb5 Bg7 5. c3 Nf6
B21	Sicilian Defense: McDonnell Attack	14	r1bqk2r/p3ppbp/2pp1np1/2p5/4PP2/3P1N2/PPP3PP/RNBQ1RK1 w kq	1. e4 c5 2. f4 Nc6 3. Nf3 g6 4. Bb5 Bg7 5. Bxc6 bxc6 6. O-O d6 7. d3 Nf6
B21	Sicilian Defense: McDonnell Attack, Tal Gambit	6	rnbqkb1r/pp2pppp/5n2/2pP4/5P2/8/PPPP2PP/RNBQKBNR w KQkq	1. e4 c5 2. f4 d5 3. exd5 Nf6
B21	Sicilian Defense: McDonnell Attack, Toilet Variation	5	rnbqkbnr/pp2pppp/8/2pp4/4PP2/2N5/PPPP2PP/R1BQKBNR b KQkq	1. e4 c5 2. f4 d5 3. Nc3
B21	Sicilian Defense: Morphy Gambit	5	rnbqkbnr/pp1ppppp/8/8/3pP3/5N2/PPP2PPP/RNBQKB1R b KQkq	1. e4 c5 2. d4 cxd4 3. Nf3
B21	Sicilian Defense: Morphy Gambit, Andreaschek Gambit	7	rnbqkbnr/pp1p1ppp/8/4p3/3pP3/2P2N2/PP3PPP/RNBQKB1R b KQkq	1. e4 c5 2. d4 cxd4 3. Nf3 e5 4. c3
B21	Sicilian Defense: Smith-Morra Gambit	3	rnbqkbnr/pp1ppppp/8/2p5/3PP3/8/PPP2PPP/RNBQKBNR b KQkq	1. e4 c5 2. d4
B21	Sicilian Defense: Smith-Morra Gambit	5	rnbqkbnr/pp1ppppp/8/8/3pP3/2P5/PP3PPP/RNBQKBNR b KQkq	1. e4 c5 2. d4 cxd4 3. c3
B21	Sicilian Defense: Smith-Morra Gambit Accepted	6	rnbqkbnr/pp1ppppp/8/8/4P3/2p5/PP3PPP/RNBQKBNR w KQkq	1. e4 c5 2. d4 cxd4 3. c3 dxc3
B21	Sicilian Defense: Smith-Morra Gambit Accepted, Chicago Defense	18	2bqkbnr/r4ppp/p1npp3/1p6/4P3/1BN2N2/PP2QPPP/R1B2RK1 w k	1. e4 c5 2. d4 cxd4 3. c3 dxc3 4. Nxc3 Nc6 5. Bc4 e6 6. Nf3 d6 7. O-O a6 8. Qe2 b5 9. Bb3 Ra7
B21	Sicilian Defense: Smith-Morra Gambit Accepted, Chicago Defense	14	rnbqkb1r/1p3ppp/p2ppn2/8/2B1P3/2N2N2/PP3PPP/R1BQ1RK1 w kq	1. e4 c5 2. d4 cxd4 3. c3 dxc3 4. Nxc3 d6 5. Nf3 e6 6. Bc4 Nf6 7. O-O a6
B21	Sicilian Defense: Smith-Morra Gambit Accepted, Classical Formation	14	r1bqkb1r/1p2pppp/p1np1n2/8/2B1P3/2N2N2/PP3PPP/R1BQ1RK1 w kq	1. e4 c5 2. d4 cxd4 3. c3 dxc3 4. Nxc3 Nc6 5. Nf3 d6 6. Bc4 a6 7. O-O Nf6
B21	Sicilian Defense: Smith-Morra Gambit Accepted, Danish Variation	7	rnbqkbnr/pp1ppppp/8/8/4P3/2p2N2/PP3PPP/RNBQKB1R b KQkq	1. e4 c5 2. d4 cxd4 3. c3 dxc3 4. Nf3
B21	Sicilian Defense: Smith-Morra Gambit Accepted, Fianchetto Defense	8	rnbqkbnr/pp1ppp1p/6p1/8/4P3/2N5/PP3PPP/R1BQKBNR w KQkq	1. e4 c5 2. d4 cxd4 3. c3 dxc3 4. Nxc3 g6
B21	Sicilian Defense: Smith-Morra Gambit Accepted, Fianchetto Defense	10	r1bqkbnr/pp1ppp1p/2n3p1/8/4P3/2N2N2/PP3PPP/R1BQKB1R w KQkq	1. e4 c5 2. d4 cxd4 3. c3 dxc3 4. Nxc3 Nc6 5. Nf3 g6
B21	Sicilian Defense: Smith-Morra Gambit Accepted, Fianchetto Defense	12	r1bqkbnr/pp2pp1p/2np2p1/8/2B1P3/2N2N2/PP3PPP/R1BQK2R w KQkq	1. e4 c5 2. d4 cxd4 3. c3 dxc3 4. Nxc3 Nc6 5. Nf3 d6 6. Bc4 g6
B21	Sicilian Defense: Smith-Morra Gambit Accepted, Fianchetto Defense	10	rnbqkbnr/pp2pp1p/3p2p1/8/4P3/2N2N2/PP3PPP/R1BQKB1R w KQkq	1. e4 c5 2. d4 cxd4 3. c3 dxc3 4. Nxc3 d6 5. Nf3 g6
B21	Sicilian Defense: Smith-Morra Gambit Accepted, Finegold Defense	16	rnbqk2r/1p2bppp/p2ppn2/8/2B1P3/2N2N2/PP2QPPP/R1B2RK1 w kq	1. e4 c5 2. d4 cxd4 3. c3 dxc3 4. Nxc3 e6 5. Nf3 d6 6. Bc4 a6 7. O-O Be7 8. Qe2 Nf6
B21	Sicilian Defense: Smith-Morra Gambit Accepted, Kan Formation	10	rnbqkbnr/1p1p1ppp/p3p3/8/4P3/2N2N2/PP3PPP/R1BQKB1R w KQkq	1. e4 c5 2. d4 cxd4 3. c3 dxc3 4. Nxc3 e6 5. Nf3 a6
B21	Sicilian Defense: Smith-Morra Gambit Accepted, Larsen Defense	16	r1b1k1nr/1pqp1ppp/p1nbp3/8/2B1P3/2N2N2/PP2QPPP/R1B2RK1 w kq	1. e4 c5 2. d4 cxd4 3. c3 dxc3 4. Nxc3 Nc6 5. Nf3 e6 6. Bc4 Qc7 7. Qe2 a6 8. O-O Bd6
B21	Sicilian Defense: Smith-Morra Gambit Accepted, Morphy Defense	12	r1bqk1nr/pp1p1ppp/2n1p3/2b5/2B1P3/2N2N2/PP3PPP/R1BQK2R w KQkq	1. e4 c5 2. d4 cxd4 3. c3 dxc3 4. Nxc3 Nc6 5. Nf3 e6 6. Bc4 Bc5
B21	Sicilian Defense: Smith-Morra Gambit Accepted, Morphy Defense Deferred	16	r1bqk1nr/3p1ppp/p1n1p3/1pb5/4P3/1BN2N2/PP3PPP/R1BQ1RK1 w kq	1. e4 c5 2. d4 cxd4 3. c3 dxc3 4. Nxc3 Nc6 5. Nf3 e6 6. Bc4 a6 7. O-O b5 8. Bb3 Bc5
B21	Sicilian Defense: Smith-Morra Gambit Accepted, Paulsen Formation	12	r1bqkbnr/1p1p1ppp/p1n1p3/8/2B1P3/2N2N2/PP3PPP/R1BQK2R w KQkq	1. e4 c5 2. d4 cxd4 3. c3 dxc3 4. Nxc3 Nc6 5. Nf3 e6 6. Bc4 a6
B21	Sicilian Defense: Smith-Morra Gambit Accepted, Pin Defense	12	r1bqk1nr/pp1p1ppp/2n1p3/8/1bB1P3/2N2N2/PP3PPP/R1BQK2R w KQkq	1. e4 c5 2. d4 cxd4 3. c3 dxc3 4. Nxc3 Nc6 5. Nf3 e6 6. Bc4 Bb4
B21	Sicilian Defense: Smith-Morra Gambit Accepted, Scheveningen Formation	12	r1bqkbnr/pp3ppp/2npp3/8/2B1P3/2N2N2/PP3PPP/R1BQK2R w KQkq	1. e4 c5 2. d4 cxd4 3. c3 dxc3 4. Nxc3 Nc6 5. Nf3 d6 6. Bc4 e6
B21	Sicilian Defense: Smith-Morra Gambit Accepted, Siberian Variation	12	r1b1kbnr/ppqp1ppp/2n1p3/8/2B1P3/2N2N2/PP3PPP/R1BQK2R w KQkq	1. e4 c5 2. d4 cxd4 3. c3 dxc3 4. Nxc3 Nc6 5. Nf3 e6 6. Bc4 Qc7
B21	Sicilian Defense: Smith-Morra Gambit Accepted, Siberian Variation, Siberian Trap	16	r1b1kb1r/ppqp1ppp/2n1p3/8/2B1P1n1/2N2N2/PP2QPPP/R1B2RK1 w kq	1. e4 c5 2. d4 cxd4 3. c3 dxc3 4. Nxc3 Nc6 5. Nf3 e6 6. Bc4 Qc7 7. Qe2 Nf6 8. O-O Ng4
B21	Sicilian Defense: Smith-Morra Gambit Accepted, Sozin Formation	16	r1bqkbnr/5ppp/p1npp3/1p6/2B1P3/2N2N2/PP2QPPP/R1B2RK1 w kq	1. e4 c5 2. d4 cxd4 3. c3 dxc3 4. Nxc3 Nc6 5. Bc4 e6 6. Nf3 d6 7. O-O a6 8. Qe2 b5
B21	Sicilian Defense: Smith-Morra Gambit Accepted, Taimanov Formation	12	rnbqkb1r/1p1pnppp/p3p3/8/2B1P3/2N2N2/PP3PPP/R1BQK2R w KQkq	1. e4 c5 2. d4 cxd4 3. c3 dxc3 4. Nxc3 e6 5. Bc4 a6 6. Nf3 Ne7
B21	Sicilian Defense: Smith-Morra Gambit Declined, Alapin Formation	6	rnbqkb1r/pp1ppppp/5n2/8/3pP3/2P5/PP3PPP/RNBQKBNR w KQkq	1. e4 c5 2. d4 cxd4 3. c3 Nf6
B21	Sicilian Defense: Smith-Morra Gambit Declined, Center Formation	6	rnbqkbnr/pp1p1ppp/8/4p3/3pP3/2P5/PP3PPP/RNBQKBNR w KQkq	1. e4 c5 2. d4 cxd4 3. c3 e5
B21	Sicilian Defense: Smith-Morra Gambit Declined, Dubois Variation	7	rnbqkbnr/pp1ppppp/8/8/2P1P3/3p4/PP3PPP/RNBQKBNR b KQkq	1. e4 c5 2. d4 cxd4 3. c3 d3 4. c4
B21	Sicilian Defense: Smith-Morra Gambit Declined, Push Variation	6	rnbqkbnr/pp1ppppp/8/8/4P3/2Pp4/PP3PPP/RNBQKBNR w KQkq	1. e4 c5 2. d4 cxd4 3. c3 d3
B21	Sicilian Defense: Smith-Morra Gambit Declined, Scandinavian Formation	6	rnbqkbnr/pp2pppp/8/3p4/3pP3/2P5/PP3PPP/RNBQKBNR w KQkq	1. e4 c5 2. d4 cxd4 3. c3 d5
B21	Sicilian Defense: Smith-Morra Gambit Declined, Wing Formation	6	rnb1kbnr/pp1ppppp/8/q7/3pP3/2P5/PP3PPP/RNBQKBNR w KQkq	1. e4 c5 2. d4 cxd4 3. c3 Qa5
B22	Sicilian Defense: Alapin Variation	3	rnbqkbnr/pp1ppppp/8/2p5/4P3/2P5/PP1P1PPP/RNBQKBNR b KQkq	1. e4 c5 2. c3
B22	Sicilian Defense: Alapin Variation, Anti-Alapin Gambit	6	rnbqkb1r/pp2pppp/5n2/2pP4/8/2P5/PP1P1PPP/RNBQKBNR w KQkq	1. e4 c5 2. c3 d5 3. exd5 Nf6
B22	Sicilian Defense: Alapin Variation, Barmen Defense	6	rnb1kbnr/pp2pppp/8/2pq4/8/2P5/PP1P1PPP/RNBQKBNR w KQkq	1. e4 c5 2. c3 d5 3. exd5 Qxd5
B22	Sicilian Defense: Alapin Variation, Barmen Defense	9	rnb1kbnr/pp2pp1p/6p1/2pq4/3P4/2P2N2/PP3PPP/RNBQKB1R b KQkq	1. e4 c5 2. c3 d5 3. exd5 Qxd5 4. d4 g6 5. Nf3
B22	Sicilian Defense: Alapin Variation, Barmen Defense	9	r1b1kbnr/pp2pppp/2n5/2pq4/3P4/2P2N2/PP3PPP/RNBQKB1R b KQkq	1. e4 c5 2. c3 d5 3. exd5 Qxd5 4. d4 Nc6 5. Nf3
B22	Sicilian Defense: Alapin Variation, Barmen Defense, Central Exchange	12	r3kbnr/pp2pppp/2n5/3q4/3P2b1/5N2/PP3PPP/RNBQKB1R w KQkq	1. e4 c5 2. c3 d5 3. exd5 Qxd5 4. d4 cxd4 5. cxd4 Nc6 6. Nf3 Bg4
B22	Sicilian Defense: Alapin Variation, Barmen Defense, Endgame Variation	18	r3kbnr/pp2pppp/8/8/3n4/2N2P2/PP3P1P/R1B1KB1R w KQkq	1. e4 c5 2. c3 d5 3. exd5 Qxd5 4. d4 cxd4 5. cxd4 Nc6 6. Nf3 Bg4 7. Nc3 Bxf3 8. gxf3 Qxd4 9. Qxd4 Nxd4
B22	Sicilian Defense: Alapin Variation, Barmen Defense, Milner-Barry Attack	15	r1b1k1nr/pp3ppp/2n5/3qp3/1b1P4/2N2N2/PP2BPPP/R1BQK2R b KQkq	1. e4 c5 2. c3 d5 3. exd5 Qxd5 4. d4 Nc6 5. Nf3 cxd4 6. cxd4 e5 7. Nc3 Bb4 8. Be2
B22	Sicilian Defense: Alapin Variation, Barmen Defense, Modern Line	10	rn2kb1r/pp2pppp/5n2/2pq4/3P2b1/2P2N2/PP3PPP/RNBQKB1R w KQkq	1. e4 c5 2. c3 d5 3. exd5 Qxd5 4. d4 Nf6 5. Nf3 Bg4
B22	Sicilian Defense: Alapin Variation, Smith-Morra Declined	8	rnbqkb1r/pp1ppppp/8/3nP3/3p4/2P5/PP3PPP/RNBQKBNR w KQkq	1. e4 c5 2. c3 Nf6 3. e5 Nd5 4. d4 cxd4
B22	Sicilian Defense: Alapin Variation, Stoltz Attack	11	r1bqkb1r/pp1ppppp/1nn5/2p1P3/8/1BP2N2/PP1P1PPP/RNBQK2R b KQkq	1. e4 c5 2. c3 Nf6 3. e5 Nd5 4. Nf3 Nc6 5. Bc4 Nb6 6. Bb3
B22	Sicilian Defense: Alapin Variation, Stoltz Attack, Ivanchuk Line	16	r1b1kb1r/ppqppp1p/1nn5/4P1p1/2p5/2P2N2/PPBPQPPP/RNB1K2R w KQkq	1. e4 c5 2. c3 Nf6 3. e5 Nd5 4. Nf3 Nc6 5. Bc4 Nb6 6. Bb3 c4 7. Bc2 Qc7 8. Qe2 g5
B22	Sicilian Defense: Delayed Alapin Variation	10	rnb1kb1r/pp3ppp/4pn2/2pq4/3P4/2P2N2/PP3PPP/RNBQKB1R w KQkq	1. e4 c5 2. Nf3 e6 3. c3 d5 4. exd5 Qxd5 5. d4 Nf6
B22	Sicilian Defense: Delayed Alapin Variation	13	r1bqk1nr/pp3ppp/2nb4/1Bpp4/3P4/2P2N2/PP3PPP/RNBQ1RK1 b kq	1. e4 c5 2. Nf3 e6 3. c3 d5 4. exd5 exd5 5. Bb5+ Nc6 6. O-O Bd6 7. d4
B22	Sicilian Defense: Heidenfeld Variation	9	r1bqkb1r/pp1ppppp/2n5/2pnP3/8/N1P2N2/PP1P1PPP/R1BQKB1R b KQkq	1. e4 c5 2. c3 Nf6 3. e5 Nd5 4. Nf3 Nc6 5. Na3
B23	Sicilian Defense: Closed	3	rnbqkbnr/pp1ppppp/8/2p5/4P3/2N5/PPPP1PPP/R1BQKBNR b KQkq	1. e4 c5 2. Nc3
B23	Sicilian Defense: Closed	4	rnbqkbnr/pp1p1ppp/4p3/2p5/4P3/2N5/PPPP1PPP/R1BQKBNR w KQkq	1. e4 c5 2. Nc3 e6
B23	Sicilian Defense: Closed	5	rnbqkbnr/pp1p1ppp/4p3/2p5/4P3/2N3P1/PPPP1P1P/R1BQKBNR b KQkq	1. e4 c5 2. Nc3 e6 3. g3
B23	Sicilian Defense: Closed	8	r1bqkbnr/pp3ppp/2n1p3/2pp4/4PP2/2N2N2/PPPP2PP/R1BQKB1R w KQkq	1. e4 c5 2. Nc3 e6 3. f4 Nc6 4. Nf3 d5
B23	Sicilian Defense: Closed	9	r1bqkbnr/pp3ppp/2n1p3/1Bpp4/4PP2/2N2N2/PPPP2PP/R1BQK2R b KQkq	1. e4 c5 2. Nc3 e6 3. f4 Nc6 4. Nf3 d5 5. Bb5
B23	Sicilian Defense: Closed	7	rnbqkbnr/1p1p1ppp/p3p3/2p5/4P3/2N3P1/PPPPNP1P/R1BQKB1R b KQkq	1. e4 c5 2. Nc3 e6 3. Nge2 a6 4. g3
B23	Sicilian Defense: Closed, Carlsen Variation	9	r1bqkbnr/pp2pppp/2np4/8/4P3/2N5/PPPQ1PPP/R1B1KBNR b KQkq	1. e4 c5 2. Nc3 d6 3. d4 cxd4 4. Qxd4 Nc6 5. Qd2
B23	Sicilian Defense: Closed, Chameleon Variation	5	r1bqkbnr/pp1ppppp/2n5/2p5/4P3/2N5/PPPPNPPP/R1BQKB1R b KQkq	1. e4 c5 2. Nc3 Nc6 3. Nge2
B23	Sicilian Defense: Closed, Grob Attack	5	r1bqkbnr/pp1ppppp/2n5/2p5/4P1P1/2N5/PPPP1P1P/R1BQKBNR b KQkq	1. e4 c5 2. Nc3 Nc6 3. g4
B23	Sicilian Defense: Closed, Korchnoi Defense	6	rnbqkbnr/pp3ppp/4p3/2pp4/4P3/2N3P1/PPPP1P1P/R1BQKBNR w KQkq	1. e4 c5 2. Nc3 e6 3. g3 d5
B23	Sicilian Defense: Closed, Portland Attack	7	r1bqkbnr/pp1ppp1p/2n3p1/2p5/4P1P1/2NP4/PPP2P1P/R1BQKBNR b KQkq	1. e4 c5 2. Nc3 Nc6 3. d3 g6 4. g4
B23	Sicilian Defense: Closed, Traditional	4	r1bqkbnr/pp1ppppp/2n5/2p5/4P3/2N5/PPPP1PPP/R1BQKBNR w KQkq	1. e4 c5 2. Nc3 Nc6
B23	Sicilian Defense: Grand Prix Attack	5	r1bqkbnr/pp1ppppp/2n5/2p5/4PP2/2N5/PPPP2PP/R1BQKBNR b KQkq	1. e4 c5 2. Nc3 Nc6 3. f4
B23	Sicilian Defense: Grand Prix Attack, Schofman Variation	11	r1bqk1nr/pp1p1pbp/2n1p1p1/2p2P2/2B1P3/2N2N2/PPPP2PP/R1BQK2R b KQkq	1. e4 c5 2. Nc3 Nc6 3. f4 g6 4. Nf3 Bg7 5. Bc4 e6 6. f5
B24	Sicilian Defense: Closed	6	r1bqkbnr/pp1ppp1p/2n3p1/2p5/4P3/2N3P1/PPPP1P1P/R1BQKBNR w KQkq	1. e4 c5 2. Nc3 Nc6 3. g3 g6
B24	Sicilian Defense: Closed	8	r1bqk1nr/pp1pppbp/2n3p1/2p5/4P3/2N3P1/PPPP1PBP/R1BQK1NR w KQkq	1. e4 c5 2. Nc3 Nc6 3. g3 g6 4. Bg2 Bg7
B24	Sicilian Defense: Closed, Fianchetto Variation	5	r1bqkbnr/pp1ppppp/2n5/2p5/4P3/2N3P1/PPPP1P1P/R1BQKBNR b KQkq	1. e4 c5 2. Nc3 Nc6 3. g3
B24	Sicilian Defense: Closed, Smyslov Variation	13	r1bqk1nr/pp1p1pbp/4p1p1/2p5/3nP3/3PB1P1/PPP1NPBP/R2QK1NR b KQkq	1. e4 c5 2. Nc3 Nc6 3. g3 g6 4. Bg2 Bg7 5. d3 e6 6. Be3 Nd4 7. Nce2
B25	Sicilian Defense: Closed	10	r1bqk1nr/pp2ppbp/2np2p1/2p5/4P3/2NP2P1/PPP2PBP/R1BQK1NR w KQkq	1. e4 c5 2. Nc3 Nc6 3. g3 g6 4. Bg2 Bg7 5. d3 d6
B25	Sicilian Defense: Closed	11	r1bqk1nr/pp2ppbp/2np2p1/2p5/4PP2/2NP2P1/PPP3BP/R1BQK1NR b KQkq	1. e4 c5 2. Nc3 Nc6 3. g3 g6 4. Bg2 Bg7 5. d3 d6 6. f4
B25	Sicilian Defense: Closed, Botvinnik Defense, Edge Variation	14	r1bqk2r/pp2npbp/2np2p1/2p1p3/4PP2/2NP2PN/PPP3BP/R1BQK2R w KQkq	1. e4 c5 2. Nc3 Nc6 3. g3 g6 4. Bg2 Bg7 5. d3 d6 6. f4 e5 7. Nh3 Nge7
B25	Sicilian Defense: Closed, Botvinnik Defense, with Nge2	12	r1bqk1nr/pp3pbp/2np2p1/2p1p3/4P3/2NP2P1/PPP1NPBP/R1BQK2R w KQkq	1. e4 c5 2. Nc3 Nc6 3. g3 g6 4. Bg2 Bg7 5. d3 d6 6. Nge2 e5
B25	Sicilian Defense: Closed, Botvinnik Defense, with f4	12	r1bqk1nr/pp3pbp/2np2p1/2p1p3/4PP2/2NP2P1/PPP3BP/R1BQK1NR w KQkq	1. e4 c5 2. Nc3 Nc6 3. g3 g6 4. Bg2 Bg7 5. d3 d6 6. f4 e5
B26	Sicilian Defense: Closed	11	r1bqk1nr/pp2ppbp/2np2p1/2p5/4P3/2NPB1P1/PPP2PBP/R2QK1NR b KQkq	1. e4 c5 2. Nc3 Nc6 3. g3 g6 4. Bg2 Bg7 5. d3 d6 6. Be3
B27	Modern Defense: Pterodactyl Variation	8	rnb1k1nr/pp1pppbp/6p1/q1p5/3PP3/2N2N2/PPP2PPP/R1BQKB1R w KQkq	1. e4 c5 2. Nf3 g6 3. d4 Bg7 4. Nc3 Qa5
B27	Pterodactyl Defense: Sicilian, Anhanguera	9	rnb1k1nr/pp1pppbp/6p1/q1p5/3PP3/2N1BN2/PPP2PPP/R2QKB1R b KQkq	1. e4 c5 2. Nf3 g6 3. d4 Bg7 4. Nc3 Qa5 5. Be3
B27	Pterodactyl Defense: Sicilian, Benoni Gambit	9	rnb1k1nr/pp1pppbp/6p1/q1pP4/4P3/2N2N2/PPP2PPP/R1BQKB1R b KQkq	1. e4 c5 2. Nf3 g6 3. d4 Bg7 4. Nc3 Qa5 5. d5
B27	Pterodactyl Defense: Sicilian, Pteranodon	11	rnb1k1nr/pp1ppp1p/6p1/q1P5/4P3/2P2N2/P1P2PPP/R1BQKB1R b KQkq	1. e4 c5 2. Nf3 g6 3. d4 Bg7 4. dxc5 Qa5+ 5. Nc3 Bxc3+ 6. bxc3
B27	Pterodactyl Defense: Sicilian, Rhamphorhynchus	9	rnb1k1nr/pp1pppbp/6p1/q1P5/4P3/2N2N2/PPP2PPP/R1BQKB1R b KQkq	1. e4 c5 2. Nf3 g6 3. d4 Bg7 4. dxc5 Qa5+ 5. Nc3
B27	Pterodactyl Defense: Sicilian, Unpin	9	rnb1k1nr/pp1pppbp/6p1/q1p5/3PP3/2N2N2/PPPB1PPP/R2QKB1R b KQkq	1. e4 c5 2. Nf3 g6 3. d4 Bg7 4. Nc3 Qa5 5. Bd2
B27	Pterodactyl Defense: Western, Pterodactyl	8	rnb1k1nr/pp1pppbp/6p1/q1p5/3PP3/2P2N2/PP3PPP/RNBQKB1R w KQkq	1. e4 c5 2. Nf3 g6 3. c3 Bg7 4. d4 Qa5
B27	Pterodactyl Defense: Western, Rhamphorhynchus	8	rnb1k1nr/pp1pppbp/6p1/q1P5/4P3/5N2/PPP2PPP/RNBQKB1R w KQkq	1. e4 c5 2. Nf3 g6 3. d4 Bg7 4. dxc5 Qa5+
B27	Sicilian Defense	3	rnbqkbnr/pp1ppppp/8/2p5/4P3/5N2/PPPP1PPP/RNBQKB1R b KQkq	1. e4 c5 2. Nf3
B27	Sicilian Defense: Acton Extension	6	rnbqk1nr/pp1ppp1p/6pb/2p5/2P1P3/5N2/PP1P1PPP/RNBQKB1R w KQkq	1. e4 c5 2. Nf3 g6 3. c4 Bh6
B27	Sicilian Defense: Brussels Gambit	4	rnbqkbnr/pp1pp1pp/8/2p2p2/4P3/5N2/PPPP1PPP/RNBQKB1R w KQkq	1. e4 c5 2. Nf3 f5
B27	Sicilian Defense: Bücker Variation	4	rnbqkbnr/pp1pppp1/7p/2p5/4P3/5N2/PPPP1PPP/RNBQKB1R w KQkq	1. e4 c5 2. Nf3 h6
B27	Sicilian Defense: Double-Dutch Gambit	6	rnbqkb1r/pp1pp1pp/7n/2p2P2/8/5N2/PPPP1PPP/RNBQKB1R w KQkq	1. e4 c5 2. Nf3 f5 3. exf5 Nh6
B27	Sicilian Defense: Frederico Variation	6	rnbqkbnr/pp1pp2p/6p1/2p2p2/3PP3/5N2/PPP2PPP/RNBQKB1R w KQkq	1. e4 c5 2. Nf3 g6 3. d4 f5
B27	Sicilian Defense: Hyperaccelerated Dragon	4	rnbqkbnr/pp1ppp1p/6p1/2p5/4P3/5N2/PPPP1PPP/RNBQKB1R w KQkq	1. e4 c5 2. Nf3 g6
B27	Sicilian Defense: Hyperaccelerated Dragon	5	rnbqkbnr/pp1ppp1p/6p1/2p5/3PP3/5N2/PPP2PPP/RNBQKB1R b KQkq	1. e4 c5 2. Nf3 g6 3. d4
B27	Sicilian Defense: Hyperaccelerated Pterodactyl	6	rnbqk1nr/pp1pppbp/6p1/2p5/3PP3/5N2/PPP2PPP/RNBQKB1R w KQkq	1. e4 c5 2. Nf3 g6 3. d4 Bg7
B27	Sicilian Defense: Hyperaccelerated Pterodactyl, Exchange Variation	12	rnb1k1nr/pp1ppp1p/6p1/2P5/4P3/2q2N2/P1P2PPP/R1BQKB1R w KQkq	1. e4 c5 2. Nf3 g6 3. d4 Bg7 4. dxc5 Qa5+ 5. Nc3 Bxc3+ 6. bxc3 Qxc3+
B27	Sicilian Defense: Jalalabad Variation	4	rnbqkbnr/pp1p1ppp/8/2p1p3/4P3/5N2/PPPP1PPP/RNBQKB1R w KQkq	1. e4 c5 2. Nf3 e5
B27	Sicilian Defense: Katalimov Variation	4	rnbqkbnr/p2ppppp/1p6/2p5/4P3/5N2/PPPP1PPP/RNBQKB1R w KQkq	1. e4 c5 2. Nf3 b6
B27	Sicilian Defense: Mongoose Variation	4	rnb1kbnr/pp1ppppp/8/q1p5/4P3/5N2/PPPP1PPP/RNBQKB1R w KQkq	1. e4 c5 2. Nf3 Qa5
B27	Sicilian Defense: Polish Gambit	4	rnbqkbnr/p2ppppp/8/1pp5/4P3/5N2/PPPP1PPP/RNBQKB1R w KQkq	1. e4 c5 2. Nf3 b5
B27	Sicilian Defense: Quinteros Variation	4	rnb1kbnr/ppqppppp/8/2p5/4P3/5N2/PPPP1PPP/RNBQKB1R w KQkq	1. e4 c5 2. Nf3 Qc7
B28	Sicilian Defense: O'Kelly Variation	4	rnbqkbnr/1p1ppppp/p7/2p5/4P3/5N2/PPPP1PPP/RNBQKB1R w KQkq	1. e4 c5 2. Nf3 a6
B28	Sicilian Defense: O'Kelly Variation, Aronin System	5	rnbqkbnr/1p1ppppp/p7/2p5/4P3/5N2/PPPPBPPP/RNBQK2R b KQkq	1. e4 c5 2. Nf3 a6 3. Be2
B28	Sicilian Defense: O'Kelly Variation, Kieseritzky System	5	rnbqkbnr/1p1ppppp/p7/2p5/4P3/1P3N2/P1PP1PPP/RNBQKB1R b KQkq	1. e4 c5 2. Nf3 a6 3. b3
B28	Sicilian Defense: O'Kelly Variation, Maróczy Bind	5	rnbqkbnr/1p1ppppp/p7/2p5/2P1P3/5N2/PP1P1PPP/RNBQKB1R b KQkq	1. e4 c5 2. Nf3 a6 3. c4
B28	Sicilian Defense: O'Kelly Variation, Maróczy Bind, Paulsen Line	6	rnbqkbnr/1p1p1ppp/p3p3/2p5/2P1P3/5N2/PP1P1PPP/RNBQKB1R w KQkq	1. e4 c5 2. Nf3 a6 3. c4 e6
B28	Sicilian Defense: O'Kelly Variation, Maróczy Bind, Robatsch Line	6	rnbqkbnr/1p2pppp/p2p4/2p5/2P1P3/5N2/PP1P1PPP/RNBQKB1R w KQkq	1. e4 c5 2. Nf3 a6 3. c4 d6
B28	Sicilian Defense: O'Kelly Variation, Normal System	5	rnbqkbnr/1p1ppppp/p7/2p5/3PP3/5N2/PPP2PPP/RNBQKB1R b KQkq	1. e4 c5 2. Nf3 a6 3. d4
B28	Sicilian Defense: O'Kelly Variation, Normal System, Cortlever Gambit	7	rnbqkbnr/1p1ppppp/p7/8/2BpP3/5N2/PPP2PPP/RNBQK2R b KQkq	1. e4 c5 2. Nf3 a6 3. d4 cxd4 4. Bc4
B28	Sicilian Defense: O'Kelly Variation, Normal System, Smith-Morra Line	7	rnbqkbnr/1p1ppppp/p7/8/3pP3/2P2N2/PP3PPP/RNBQKB1R b KQkq	1. e4 c5 2. Nf3 a6 3. d4 cxd4 4. c3
B28	Sicilian Defense: O'Kelly Variation, Normal System, Taimanov Line	8	rnbqkbnr/1p1p1ppp/p7/4p3/3NP3/8/PPP2PPP/RNBQKB1R w KQkq	1. e4 c5 2. Nf3 a6 3. d4 cxd4 4. Nxd4 e5
B28	Sicilian Defense: O'Kelly Variation, Normal System, Zagorovsky Line	7	rnbqkbnr/1p1ppppp/p7/8/3QP3/5N2/PPP2PPP/RNB1KB1R b KQkq	1. e4 c5 2. Nf3 a6 3. d4 cxd4 4. Qxd4
B28	Sicilian Defense: O'Kelly Variation, Quiet System	5	rnbqkbnr/1p1ppppp/p7/2p5/4P3/3P1N2/PPP2PPP/RNBQKB1R b KQkq	1. e4 c5 2. Nf3 a6 3. d3
B28	Sicilian Defense: O'Kelly Variation, Réti System	5	rnbqkbnr/1p1ppppp/p7/2p5/4P3/5NP1/PPPP1P1P/RNBQKB1R b KQkq	1. e4 c5 2. Nf3 a6 3. g3
B28	Sicilian Defense: O'Kelly Variation, Venice System	5	rnbqkbnr/1p1ppppp/p7/2p5/4P3/2P2N2/PP1P1PPP/RNBQKB1R b KQkq	1. e4 c5 2. Nf3 a6 3. c3
B28	Sicilian Defense: O'Kelly Variation, Venice System, Barcza Line	6	rnbqkb1r/1p1ppppp/p4n2/2p5/4P3/2P2N2/PP1P1PPP/RNBQKB1R w KQkq	1. e4 c5 2. Nf3 a6 3. c3 Nf6
B28	Sicilian Defense: O'Kelly Variation, Venice System, Gambit Line	8	rnbqkb1r/1p2pppp/p4n2/2pP4/8/2P2N2/PP1P1PPP/RNBQKB1R w KQkq	1. e4 c5 2. Nf3 a6 3. c3 d5 4. exd5 Nf6
B28	Sicilian Defense: O'Kelly Variation, Venice System, Ljubojevic Line	6	rnbqkbnr/3ppppp/p7/1pp5/4P3/2P2N2/PP1P1PPP/RNBQKB1R w KQkq	1. e4 c5 2. Nf3 a6 3. c3 b5
B28	Sicilian Defense: O'Kelly Variation, Venice System, Steiner Line	6	rnbqkbnr/1p2pppp/p2p4/2p5/4P3/2P2N2/PP1P1PPP/RNBQKB1R w KQkq	1. e4 c5 2. Nf3 a6 3. c3 d6
B28	Sicilian Defense: O'Kelly Variation, Wing Gambit	5	rnbqkbnr/1p1ppppp/p7/2p5/1P2P3/5N2/P1PP1PPP/RNBQKB1R b KQkq	1. e4 c5 2. Nf3 a6 3. b4
B28	Sicilian Defense: O'Kelly Variation, Yerevan System	5	rnbqkbnr/1p1ppppp/p7/2p5/4P3/2N2N2/PPPP1PPP/R1BQKB1R b KQkq	1. e4 c5 2. Nf3 a6 3. Nc3
B29	Sicilian Defense: Nimzowitsch Variation	4	rnbqkb1r/pp1ppppp/5n2/2p5/4P3/5N2/PPPP1PPP/RNBQKB1R w KQkq	1. e4 c5 2. Nf3 Nf6
B29	Sicilian Defense: Nimzowitsch Variation, Advance Variation	5	rnbqkb1r/pp1ppppp/5n2/2p1P3/8/5N2/PPPP1PPP/RNBQKB1R b KQkq	1. e4 c5 2. Nf3 Nf6 3. e5
B29	Sicilian Defense: Nimzowitsch Variation, Closed Variation	5	rnbqkb1r/pp1ppppp/5n2/2p5/4P3/2N2N2/PPPP1PPP/R1BQKB1R b KQkq	1. e4 c5 2. Nf3 Nf6 3. Nc3
B29	Sicilian Defense: Nimzowitsch Variation, Exchange Variation	8	rnbqkb1r/pp1ppppp/8/2p1P3/8/2n2N2/PPPP1PPP/R1BQKB1R w KQkq	1. e4 c5 2. Nf3 Nf6 3. e5 Nd5 4. Nc3 Nxc3
B29	Sicilian Defense: Nimzowitsch Variation, Main Line	12	r1bqkb1r/pp1p1ppp/2n5/2ppP3/3P4/5N2/PPP2PPP/R1BQKB1R w KQkq	1. e4 c5 2. Nf3 Nf6 3. e5 Nd5 4. Nc3 e6 5. Nxd5 exd5 6. d4 Nc6
B30	Sicilian Defense: Closed, Anti-Sveshnikov Variation	6	r1bqkbnr/pp1p1ppp/2n5/2p1p3/4P3/2N2N2/PPPP1PPP/R1BQKB1R w KQkq	1. e4 c5 2. Nf3 Nc6 3. Nc3 e5
B30	Sicilian Defense: Closed, Anti-Sveshnikov Variation, Kharlov-Kramnik Line	12	r1bqk1nr/pp3ppp/2np4/2p1p1b1/2B1P3/2NP4/PPPN1PPP/R1BQK2R w KQkq	1. e4 c5 2. Nf3 Nc6 3. Nc3 e5 4. Bc4 Be7 5. d3 d6 6. Nd2 Bg5
B30	Sicilian Defense: Closed, Anti-Sveshnikov Variation, with Nf6	10	r1bqk2r/pp1pbppp/2n2n2/2p1p3/2B1P3/2NP1N2/PPP2PPP/R1BQK2R w KQkq	1. e4 c5 2. Nf3 Nc6 3. Nc3 e5 4. Bc4 Be7 5. d3 Nf6
B30	Sicilian Defense: Closed, Anti-Sveshnikov Variation, with d6	10	r1bqk1nr/pp2bppp/2np4/2p1p3/2B1P3/2NP1N2/PPP2PPP/R1BQK2R w KQkq	1. e4 c5 2. Nf3 Nc6 3. Nc3 e5 4. Bc4 Be7 5. d3 d6
B30	Sicilian Defense: Nyezhmetdinov-Rossolimo Attack	5	r1bqkbnr/pp1ppppp/2n5/1Bp5/4P3/5N2/PPPP1PPP/RNBQK2R b KQkq	1. e4 c5 2. Nf3 Nc6 3. Bb5
B30	Sicilian Defense: Nyezhmetdinov-Rossolimo Attack, Brooklyn Retreat Defense	6	rnbqkbnr/pp1ppppp/8/1Bp5/4P3/5N2/PPPP1PPP/RNBQK2R w KQkq	1. e4 c5 2. Nf3 Nc6 3. Bb5 Nb8
B30	Sicilian Defense: Nyezhmetdinov-Rossolimo Attack, San Francisco Gambit	7	r1bqkbnr/pp1ppppp/8/nBp5/1P2P3/5N2/P1PP1PPP/RNBQK2R b KQkq	1. e4 c5 2. Nf3 Nc6 3. Bb5 Na5 4. b4
B30	Sicilian Defense: Old Sicilian	4	r1bqkbnr/pp1ppppp/2n5/2p5/4P3/5N2/PPPP1PPP/RNBQKB1R w KQkq	1. e4 c5 2. Nf3 Nc6
B30	Sicilian Defense: Portsmouth Gambit	5	r1bqkbnr/pp1ppppp/2n5/2p5/1P2P3/5N2/P1PP1PPP/RNBQKB1R b KQkq	1. e4 c5 2. Nf3 Nc6 3. b4
B31	Sicilian Defense: Nyezhmetdinov-Rossolimo Attack, Fianchetto Variation	6	r1bqkbnr/pp1ppp1p/2n3p1/1Bp5/4P3/5N2/PPPP1PPP/RNBQK2R w KQkq	1. e4 c5 2. Nf3 Nc6 3. Bb5 g6
B31	Sicilian Defense: Nyezhmetdinov-Rossolimo Attack, Fianchetto Variation, Gufeld Gambit	11	r1bqk1nr/pp1p1pbp/2n3p1/1Bp1p3/3PP3/2P2N2/PP3PPP/RNBQ1RK1 b kq	1. e4 c5 2. Nf3 Nc6 3. Bb5 g6 4. O-O Bg7 5. c3 e5 6. d4
B31	Sicilian Defense: Nyezhmetdinov-Rossolimo Attack, Fianchetto Variation, Lutikov Gambit	11	r1bqk2r/pp1pppbp/2n2np1/1Bp5/3PP3/2P2N2/PP3PPP/RNBQ1RK1 b kq	1. e4 c5 2. Nf3 Nc6 3. Bb5 g6 4. O-O Bg7 5. c3 Nf6 6. d4
B31	Sicilian Defense: Nyezhmetdinov-Rossolimo Attack, Fianchetto Variation, Totsky Attack	11	r1bqk2r/pp1pppbp/2n2np1/1Bp5/Q3P3/2P2N2/PP1P1PPP/RNB2RK1 b kq	1. e4 c5 2. Nf3 Nc6 3. Bb5 g6 4. O-O Bg7 5. c3 Nf6 6. Qa4
B31	Sicilian Defense: Nyezhmetdinov-Rossolimo Attack, Gurgenidze Variation	11	r1bqk1nr/pp1p1pbp/2n3p1/1Bp1p3/1P2P3/5N2/P1PP1PPP/RNBQR1K1 b kq	1. e4 c5 2. Nf3 Nc6 3. Bb5 g6 4. O-O Bg7 5. Re1 e5 6. b4
B32	Sicilian Defense: Accelerated Dragon	8	r1bqkbnr/pp1ppp1p/2n3p1/8/3NP3/8/PPP2PPP/RNBQKB1R w KQkq	1. e4 c5 2. Nf3 Nc6 3. d4 cxd4 4. Nxd4 g6
B32	Sicilian Defense: Flohr Variation	8	r1b1kbnr/ppqppppp/2n5/8/3NP3/8/PPP2PPP/RNBQKB1R w KQkq	1. e4 c5 2. Nf3 Nc6 3. d4 cxd4 4. Nxd4 Qc7
B32	Sicilian Defense: Franco-Sicilian Variation	6	r1bqkbnr/pp1p1ppp/2n1p3/2p5/3PP3/5N2/PPP2PPP/RNBQKB1R w KQkq	1. e4 c5 2. Nf3 Nc6 3. d4 e6
B32	Sicilian Defense: Godiva Variation	8	r1b1kbnr/pp1ppppp/1qn5/8/3NP3/8/PPP2PPP/RNBQKB1R w KQkq	1. e4 c5 2. Nf3 Nc6 3. d4 cxd4 4. Nxd4 Qb6
B32	Sicilian Defense: Kalashnikov Variation	10	r1bqkbnr/pp3ppp/2np4/1N2p3/4P3/8/PPP2PPP/RNBQKB1R w KQkq	1. e4 c5 2. Nf3 Nc6 3. d4 cxd4 4. Nxd4 e5 5. Nb5 d6
B32	Sicilian Defense: Löwenthal Variation	8	r1bqkbnr/pp1p1ppp/2n5/4p3/3NP3/8/PPP2PPP/RNBQKB1R w KQkq	1. e4 c5 2. Nf3 Nc6 3. d4 cxd4 4. Nxd4 e5
B32	Sicilian Defense: Nimzo-American Variation	8	r1bqkbnr/pp2pppp/2n5/3p4/3NP3/8/PPP2PPP/RNBQKB1R w KQkq	1. e4 c5 2. Nf3 Nc6 3. d4 cxd4 4. Nxd4 d5
B32	Sicilian Defense: O'Kelly Variation, Maróczy Bind, Geller Line	10	r1bqkbnr/1p1p1ppp/p1n5/4p3/2PNP3/8/PP3PPP/RNBQKB1R w KQkq	1. e4 c5 2. Nf3 Nc6 3. d4 cxd4 4. Nxd4 a6 5. c4 e5
B32	Sicilian Defense: Open	5	r1bqkbnr/pp1ppppp/2n5/2p5/3PP3/5N2/PPP2PPP/RNBQKB1R b KQkq	1. e4 c5 2. Nf3 Nc6 3. d4
B32	Sicilian Defense: Open	6	r1bqkbnr/pp1ppppp/2n5/8/3pP3/5N2/PPP2PPP/RNBQKB1R w KQkq	1. e4 c5 2. Nf3 Nc6 3. d4 cxd4
B32	Sicilian Defense: Open	7	r1bqkbnr/pp1ppppp/2n5/8/3NP3/8/PPP2PPP/RNBQKB1R b KQkq	1. e4 c5 2. Nf3 Nc6 3. d4 cxd4 4. Nxd4
B33	Sicilian Defense: Lasker-Pelikan Variation	10	r1bqkb1r/pp1p1ppp/2n2n2/4p3/3NP3/2N5/PPP2PPP/R1BQKB1R w KQkq	1. e4 c5 2. Nf3 Nc6 3. d4 cxd4 4. Nxd4 Nf6 5. Nc3 e5
B33	Sicilian Defense: Lasker-Pelikan Variation, Bird Variation	16	r2qkb1r/1p3ppp/p1npbn2/4p1B1/4P3/N1N5/PPP2PPP/R2QKB1R w KQkq	1. e4 c5 2. Nf3 Nc6 3. d4 cxd4 4. Nxd4 Nf6 5. Nc3 e5 6. Ndb5 d6 7. Bg5 a6 8. Na3 Be6
B33	Sicilian Defense: Lasker-Pelikan Variation, Exchange Variation	11	r1bqkb1r/pp1p1ppp/2N2n2/4p3/4P3/2N5/PPP2PPP/R1BQKB1R b KQkq	1. e4 c5 2. Nf3 Nc6 3. d4 cxd4 4. Nxd4 Nf6 5. Nc3 e5 6. Nxc6
B33	Sicilian Defense: Lasker-Pelikan Variation, Retreat Variation	11	r1bqkb1r/pp1p1ppp/2n2n2/4p3/4P3/2N2N2/PPP2PPP/R1BQKB1R b KQkq	1. e4 c5 2. Nf3 Nc6 3. d4 cxd4 4. Nxd4 Nf6 5. Nc3 e5 6. Nf3
B33	Sicilian Defense: Lasker-Pelikan Variation, Schlechter Variation	11	r1bqkb1r/pp1p1ppp/2n2n2/4p3/4P3/1NN5/PPP2PPP/R1BQKB1R b KQkq	1. e4 c5 2. Nf3 Nc6 3. d4 cxd4 4. Nxd4 Nf6 5. Nc3 e5 6. Nb3
B33	Sicilian Defense: Lasker-Pelikan Variation, Sveshnikov Variation	16	r1bqkb1r/5ppp/p1np1n2/1p2p1B1/4P3/N1N5/PPP2PPP/R2QKB1R w KQkq	1. e4 c5 2. Nf3 Nc6 3. d4 cxd4 4. Nxd4 Nf6 5. Nc3 e5 6. Ndb5 d6 7. Bg5 a6 8. Na3 b5
B33	Sicilian Defense: Lasker-Pelikan Variation, Sveshnikov Variation	20	r1bqkb1r/5p1p/p1np4/1p1Npp2/4P3/N7/PPP2PPP/R2QKB1R w KQkq	1. e4 c5 2. Nf3 Nc6 3. d4 cxd4 4. Nxd4 Nf6 5. Nc3 e5 6. Ndb5 d6 7. Bg5 a6 8. Na3 b5 9. Bxf6 gxf6 10. Nd5 f5
B33	Sicilian Defense: Lasker-Pelikan Variation, Sveshnikov Variation, Chelyabinsk Variation	17	r1bqkb1r/5ppp/p1np1n2/1p1Np1B1/4P3/N7/PPP2PPP/R2QKB1R b KQkq	1. e4 c5 2. Nf3 Nc6 3. d4 cxd4 4. Nxd4 Nf6 5. Nc3 e5 6. Ndb5 d6 7. Bg5 a6 8. Na3 b5 9. Nd5
B33	Sicilian Defense: Lasker-Pelikan Variation, Sveshnikov Variation, Novosibirsk Variation	20	r1bqk2r/5pbp/p1np1p2/1p1Np3/4P3/N7/PPP2PPP/R2QKB1R w KQkq	1. e4 c5 2. Nf3 Nc6 3. d4 cxd4 4. Nxd4 Nf6 5. Nc3 e5 6. Ndb5 d6 7. Bg5 a6 8. Na3 b5 9. Bxf6 gxf6 10. Nd5 Bg7
B33	Sicilian Defense: Lasker-Pelikan Variation, Sveshnikov Variation, Peresypkin's Sacrifice	21	r1bqkb1r/5p1p/p1np4/1B1Npp2/4P3/N7/PPP2PPP/R2QK2R b KQkq	1. e4 c5 2. Nf3 Nc6 3. d4 cxd4 4. Nxd4 Nf6 5. Nc3 e5 6. Ndb5 d6 7. Bg5 a6 8. Na3 b5 9. Bxf6 gxf6 10. Nd5 f5 11. Bxb5
B33	Sicilian Defense: Open	8	r1bqkb1r/pp1ppppp/2n2n2/8/3NP3/8/PPP2PPP/RNBQKB1R w KQkq	1. e4 c5 2. Nf3 Nc6 3. d4 cxd4 4. Nxd4 Nf6
B34	Sicilian Defense: Accelerated Dragon, Exchange Variation	9	r1bqkbnr/pp1ppp1p/2N3p1/8/4P3/8/PPP2PPP/RNBQKB1R b KQkq	1. e4 c5 2. Nf3 Nc6 3. d4 cxd4 4. Nxd4 g6 5. Nxc6
B34	Sicilian Defense: Accelerated Dragon, Modern Variation	9	r1bqkbnr/pp1ppp1p/2n3p1/8/3NP3/2N5/PPP2PPP/R1BQKB1R b KQkq	1. e4 c5 2. Nf3 Nc6 3. d4 cxd4 4. Nxd4 g6 5. Nc3
B35	Sicilian Defense: Accelerated Dragon, Modern Bc4 Variation	13	r1bqk2r/pp1pppbp/2n2np1/8/2BNP3/2N1B3/PPP2PPP/R2QK2R b KQkq	1. e4 c5 2. Nf3 Nc6 3. d4 cxd4 4. Nxd4 g6 5. Nc3 Bg7 6. Be3 Nf6 7. Bc4
B35	Sicilian Defense: Dragon Variation, Modern Bc4 Variation	14	r1bqk2r/pp2ppbp/2np1np1/8/2BNP3/2N1B3/PPP2PPP/R2QK2R w KQkq	1. e4 c5 2. Nf3 Nc6 3. d4 cxd4 4. Nxd4 g6 5. Nc3 Bg7 6. Be3 Nf6 7. Bc4 d6
B36	Sicilian Defense: Accelerated Dragon, Maróczy Bind	9	r1bqkbnr/pp1ppp1p/2n3p1/8/2PNP3/8/PP3PPP/RNBQKB1R b KQkq	1. e4 c5 2. Nf3 Nc6 3. d4 cxd4 4. Nxd4 g6 5. c4
B36	Sicilian Defense: Accelerated Dragon, Maróczy Bind, Gurgenidze Variation	14	r1bqkb1r/pp2pp1p/3p1np1/8/2PQP3/2N5/PP3PPP/R1B1KB1R w KQkq	1. e4 c5 2. Nf3 Nc6 3. d4 cxd4 4. Nxd4 g6 5. c4 Nf6 6. Nc3 Nxd4 7. Qxd4 d6
B37	Sicilian Defense: Accelerated Dragon, Maróczy Bind	10	r1bqk1nr/pp1pppbp/2n3p1/8/2PNP3/8/PP3PPP/RNBQKB1R w KQkq	1. e4 c5 2. Nf3 Nc6 3. d4 cxd4 4. Nxd4 g6 5. c4 Bg7
B37	Sicilian Defense: Accelerated Dragon, Simagin Variation	14	r1bqk2r/pp2ppbp/2np2pn/8/2P1P3/8/PPN1BPPP/RNBQK2R w KQkq	1. e4 c5 2. Nf3 Nc6 3. d4 cxd4 4. Nxd4 g6 5. c4 Bg7 6. Nc2 d6 7. Be2 Nh6
B38	Sicilian Defense: Accelerated Dragon, Maróczy Bind	11	r1bqk1nr/pp1pppbp/2n3p1/8/2PNP3/4B3/PP3PPP/RN1QKB1R b KQkq	1. e4 c5 2. Nf3 Nc6 3. d4 cxd4 4. Nxd4 g6 5. c4 Bg7 6. Be3
B39	Sicilian Defense: Accelerated Dragon, Maróczy Bind, Breyer Variation	14	r1bqk2r/pp1pppbp/2n3p1/8/2PNP1n1/2N1B3/PP3PPP/R2QKB1R w KQkq	1. e4 c5 2. Nf3 Nc6 3. d4 cxd4 4. Nxd4 g6 5. c4 Bg7 6. Be3 Nf6 7. Nc3 Ng4
B40	Sicilian Defense: Alapin Variation, Sherzer Variation	10	r1bqkb1r/pp1p1ppp/2n1p3/2pnP3/3P4/2P2N2/PP3PPP/RNBQKB1R w KQkq	1. e4 c5 2. Nf3 e6 3. c3 Nf6 4. e5 Nd5 5. d4 Nc6
B40	Sicilian Defense: Delayed Alapin Variation, with e6	5	rnbqkbnr/pp1p1ppp/4p3/2p5/4P3/2P2N2/PP1P1PPP/RNBQKB1R b KQkq	1. e4 c5 2. Nf3 e6 3. c3
B40	Sicilian Defense: Drazic Variation	6	rnbqkbnr/1p1p1ppp/p3p3/2p5/3PP3/5N2/PPP2PPP/RNBQKB1R w KQkq	1. e4 c5 2. Nf3 e6 3. d4 a6
B40	Sicilian Defense: French Variation	4	rnbqkbnr/pp1p1ppp/4p3/2p5/4P3/5N2/PPPP1PPP/RNBQKB1R w KQkq	1. e4 c5 2. Nf3 e6
B40	Sicilian Defense: French Variation, Normal	8	rnbqkb1r/pp1p1ppp/4pn2/8/3NP3/8/PPP2PPP/RNBQKB1R w KQkq	1. e4 c5 2. Nf3 e6 3. d4 cxd4 4. Nxd4 Nf6
B40	Sicilian Defense: French Variation, Open	6	rnbqkbnr/pp1p1ppp/4p3/8/3pP3/5N2/PPP2PPP/RNBQKB1R w KQkq	1. e4 c5 2. Nf3 e6 3. d4 cxd4
B40	Sicilian Defense: French Variation, Westerinen Attack	5	rnbqkbnr/pp1p1ppp/4p3/2p5/4P3/1P3N2/P1PP1PPP/RNBQKB1R b KQkq	1. e4 c5 2. Nf3 e6 3. b3
B40	Sicilian Defense: Gaw-Paw Variation	10	rnb1kb1r/pp1p1ppp/1q2pn2/8/3NP3/2N5/PPP2PPP/R1BQKB1R w KQkq	1. e4 c5 2. Nf3 e6 3. d4 cxd4 4. Nxd4 Nf6 5. Nc3 Qb6
B40	Sicilian Defense: Kan Variation, Wing Attack, Fianchetto Variation	11	rnbqkbnr/3p1ppp/p3p3/1p6/3NP3/2N3P1/PPP2P1P/R1BQKB1R b KQkq	1. e4 c5 2. Nf3 e6 3. Nc3 a6 4. g3 b5 5. d4 cxd4 6. Nxd4
B40	Sicilian Defense: Kramnik Variation	5	rnbqkbnr/pp1p1ppp/4p3/2p5/2P1P3/5N2/PP1P1PPP/RNBQKB1R b KQkq	1. e4 c5 2. Nf3 e6 3. c4
B40	Sicilian Defense: Kveinis Variation	8	rnb1kbnr/pp1p1ppp/1q2p3/8/3NP3/8/PPP2PPP/RNBQKB1R w KQkq	1. e4 c5 2. Nf3 e6 3. d4 cxd4 4. Nxd4 Qb6
B40	Sicilian Defense: Marshall Counterattack	6	rnbqkbnr/pp3ppp/4p3/2pp4/3PP3/5N2/PPP2PPP/RNBQKB1R w KQkq	1. e4 c5 2. Nf3 e6 3. d4 d5
B40	Sicilian Defense: Paulsen-Basman Defense	8	rnbqk1nr/pp1p1ppp/4p3/2b5/3NP3/8/PPP2PPP/RNBQKB1R w KQkq	1. e4 c5 2. Nf3 e6 3. d4 cxd4 4. Nxd4 Bc5
B40	Sicilian Defense: Pin Variation	10	rnbqk2r/pp1p1ppp/4pn2/8/1b1NP3/2N5/PPP2PPP/R1BQKB1R w KQkq	1. e4 c5 2. Nf3 e6 3. d4 cxd4 4. Nxd4 Nf6 5. Nc3 Bb4
B40	Sicilian Defense: Pin Variation, Jaffe Variation	12	rnbqk2r/pp1p1ppp/5n2/4p3/1b1NP3/2NB4/PPP2PPP/R1BQK2R w KQkq	1. e4 c5 2. Nf3 e6 3. d4 cxd4 4. Nxd4 Nf6 5. Nc3 Bb4 6. Bd3 e5
B40	Sicilian Defense: Pin Variation, Koch Variation	11	rnbqk2r/pp1p1ppp/4pn2/4P3/1b1N4/2N5/PPP2PPP/R1BQKB1R b KQkq	1. e4 c5 2. Nf3 e6 3. d4 cxd4 4. Nxd4 Nf6 5. Nc3 Bb4 6. e5
B40	Sicilian Defense: Smith-Morra Gambit Deferred	7	rnbqkbnr/pp1p1ppp/4p3/8/3pP3/2P2N2/PP3PPP/RNBQKB1R b KQkq	1. e4 c5 2. Nf3 e6 3. d4 cxd4 4. c3
B40	Sicilian Defense: Wing Gambit Deferred	5	rnbqkbnr/pp1p1ppp/4p3/2p5/1P2P3/5N2/P1PP1PPP/RNBQKB1R b KQkq	1. e4 c5 2. Nf3 e6 3. b4
B41	Sicilian Defense: Kan Variation	8	rnbqkbnr/1p1p1ppp/p3p3/8/3NP3/8/PPP2PPP/RNBQKB1R w KQkq	1. e4 c5 2. Nf3 e6 3. d4 cxd4 4. Nxd4 a6
B41	Sicilian Defense: Kan Variation, Maróczy Bind, Bronstein Variation	14	r1bqk2r/1p1p1ppp/p1n1pn2/8/1bPNP3/2NB4/PP3PPP/R1BQK2R w KQkq	1. e4 c5 2. Nf3 e6 3. d4 cxd4 4. Nxd4 a6 5. c4 Nf6 6. Nc3 Bb4 7. Bd3 Nc6
B41	Sicilian Defense: Kan Variation, Maróczy Bind, Bronstein Variation	15	r1bqk2r/1p1p1ppp/p1n1pn2/8/1bPNP3/2N5/PPB2PPP/R1BQK2R b KQkq	1. e4 c5 2. Nf3 e6 3. d4 cxd4 4. Nxd4 a6 5. c4 Nf6 6. Nc3 Bb4 7. Bd3 Nc6 8. Bc2
B41	Sicilian Defense: Kan Variation, Maróczy Bind, Hedgehog Variation	10	rnbqkbnr/1p1p1p1p/p3p1p1/8/2PNP3/8/PP3PPP/RNBQKB1R w KQkq	1. e4 c5 2. Nf3 e6 3. d4 cxd4 4. Nxd4 a6 5. c4 g6
B41	Sicilian Defense: Kan Variation, Maróczy Bind, Réti Variation	9	rnbqkbnr/1p1p1ppp/p3p3/8/2PNP3/8/PP3PPP/RNBQKB1R b KQkq	1. e4 c5 2. Nf3 e6 3. d4 cxd4 4. Nxd4 a6 5. c4
B42	Sicilian Defense: Kan Variation, Gipslis Variation	14	rnbqkb1r/1p3p1p/p2ppnp1/8/2PNP3/3B4/PP3PPP/RNBQ1RK1 w kq	1. e4 c5 2. Nf3 e6 3. d4 cxd4 4. Nxd4 a6 5. Bd3 Nf6 6. O-O d6 7. c4 g6
B42	Sicilian Defense: Kan Variation, Modern Variation	9	rnbqkbnr/1p1p1ppp/p3p3/8/3NP3/3B4/PPP2PPP/RNBQK2R b KQkq	1. e4 c5 2. Nf3 e6 3. d4 cxd4 4. Nxd4 a6 5. Bd3
B42	Sicilian Defense: Kan Variation, Polugaevsky Variation	10	rnbqk1nr/1p1p1ppp/p3p3/2b5/3NP3/3B4/PPP2PPP/RNBQK2R w KQkq	1. e4 c5 2. Nf3 e6 3. d4 cxd4 4. Nxd4 a6 5. Bd3 Bc5
B42	Sicilian Defense: Kan Variation, Swiss Cheese Variation	10	rnbqkbnr/1p1p1p1p/p3p1p1/8/3NP3/3B4/PPP2PPP/RNBQK2R w KQkq	1. e4 c5 2. Nf3 e6 3. d4 cxd4 4. Nxd4 a6 5. Bd3 g6
B43	Sicilian Defense: Kan Variation, Knight Variation	9	rnbqkbnr/1p1p1ppp/p3p3/8/3NP3/2N5/PPP2PPP/R1BQKB1R b KQkq	1. e4 c5 2. Nf3 e6 3. d4 cxd4 4. Nxd4 a6 5. Nc3
B43	Sicilian Defense: Kan Variation, Knight Variation	13	rn1qkbnr/1b1p1ppp/p3p3/1p6/3NP3/2N3P1/PPP2PBP/R1BQK2R b KQkq	1. e4 c5 2. Nf3 e6 3. d4 cxd4 4. Nxd4 a6 5. Nc3 b5 6. g3 Bb7 7. Bg2
B43	Sicilian Defense: Kan Variation, Wing Attack	10	rnbqkbnr/3p1ppp/p3p3/1p6/3NP3/2N5/PPP2PPP/R1BQKB1R w KQkq	1. e4 c5 2. Nf3 e6 3. d4 cxd4 4. Nxd4 a6 5. Nc3 b5
B43	Sicilian Defense: Kan Variation, Wing Attack, Christiansen's Dream	15	rnb1k1nr/3p1ppp/pq2p3/1pb5/3NP1Q1/2NBB3/PPP2PPP/R3K2R b KQkq	1. e4 c5 2. Nf3 e6 3. d4 cxd4 4. Nxd4 a6 5. Nc3 b5 6. Bd3 Qb6 7. Be3 Bc5 8. Qg4
B43	Sicilian Defense: Kan Variation, Wing Attack, Spraggett Attack	13	rnb1kbnr/3p1ppp/pq2p3/1p6/4P3/2NB1N2/PPP2PPP/R1BQK2R b KQkq	1. e4 c5 2. Nf3 e6 3. d4 cxd4 4. Nxd4 a6 5. Nc3 b5 6. Bd3 Qb6 7. Nf3
B44	Sicilian Defense: Taimanov Variation	8	r1bqkbnr/pp1p1ppp/2n1p3/8/3NP3/8/PPP2PPP/RNBQKB1R w KQkq	1. e4 c5 2. Nf3 e6 3. d4 cxd4 4. Nxd4 Nc6
B44	Sicilian Defense: Taimanov Variation, Gary Gambit	16	r1bqkb1r/1p3ppp/p1n1pn2/3p4/2P1P3/N1N5/PP3PPP/R1BQKB1R w KQkq	1. e4 c5 2. Nf3 e6 3. d4 cxd4 4. Nxd4 Nc6 5. Nb5 d6 6. c4 Nf6 7. N1c3 a6 8. Na3 d5
B44	Sicilian Defense: Taimanov Variation, Modern Line	20	r1bq1rk1/4bppp/ppnppn2/8/2P1P3/N1N5/PP2BPPP/R1BQ1RK1 w -	1. e4 c5 2. Nf3 e6 3. d4 cxd4 4. Nxd4 Nc6 5. Nb5 d6 6. c4 Nf6 7. N1c3 a6 8. Na3 Be7 9. Be2 O-O 10. O-O b6
B44	Sicilian Defense: Taimanov Variation, Szén Variation	9	r1bqkbnr/pp1p1ppp/2n1p3/1N6/4P3/8/PPP2PPP/RNBQKB1R b KQkq	1. e4 c5 2. Nf3 e6 3. d4 cxd4 4. Nxd4 Nc6 5. Nb5
B45	Sicilian Defense: Four Knights Variation	10	r1bqkb1r/pp1p1ppp/2n1pn2/8/3NP3/2N5/PPP2PPP/R1BQKB1R w KQkq	1. e4 c5 2. Nf3 e6 3. d4 cxd4 4. Nxd4 Nc6 5. Nc3 Nf6
B45	Sicilian Defense: Four Knights Variation, American Attack	13	r1bqk2r/pp1p1ppp/2nNpn2/8/1b2P3/2N5/PPP2PPP/R1BQKB1R b KQkq	1. e4 c5 2. Nf3 e6 3. d4 cxd4 4. Nxd4 Nc6 5. Nc3 Nf6 6. Ndb5 Bb4 7. Nd6+
B45	Sicilian Defense: Four Knights Variation, Cobra Variation	12	r1bqk2r/pp1p1ppp/2n1pn2/1Nb5/4P3/2N5/PPP2PPP/R1BQKB1R w KQkq	1. e4 c5 2. Nf3 e6 3. d4 cxd4 4. Nxd4 Nc6 5. Nc3 Nf6 6. Ndb5 Bc5
B45	Sicilian Defense: Four Knights Variation, Exchange Variation	11	r1bqkb1r/pp1p1ppp/2N1pn2/8/4P3/2N5/PPP2PPP/R1BQKB1R b KQkq	1. e4 c5 2. Nf3 e6 3. d4 cxd4 4. Nxd4 Nc6 5. Nc3 Nf6 6. Nxc6
B45	Sicilian Defense: Four Knights Variation, Sveshnikov Transfer	12	r1bqkb1r/pp3ppp/2nppn2/1N6/4P3/2N5/PPP2PPP/R1BQKB1R w KQkq	1. e4 c5 2. Nf3 e6 3. d4 cxd4 4. Nxd4 Nc6 5. Nc3 Nf6 6. Ndb5 d6
B45	Sicilian Defense: Taimanov Variation	9	r1bqkbnr/pp1p1ppp/2n1p3/8/3NP3/2N5/PPP2PPP/R1BQKB1R b KQkq	1. e4 c5 2. Nf3 e6 3. d4 cxd4 4. Nxd4 Nc6 5. Nc3
B46	Sicilian Defense: Taimanov Variation	10	r1bqkbnr/1p1p1ppp/p1n1p3/8/3NP3/2N5/PPP2PPP/R1BQKB1R w KQkq	1. e4 c5 2. Nf3 e6 3. d4 cxd4 4. Nxd4 Nc6 5. Nc3 a6
B47	Sicilian Defense: Taimanov Variation, Bastrikov Variation	10	r1b1kbnr/ppqp1ppp/2n1p3/8/3NP3/2N5/PPP2PPP/R1BQKB1R w KQkq	1. e4 c5 2. Nf3 e6 3. d4 cxd4 4. Nxd4 Nc6 5. Nc3 Qc7
B47	Sicilian Defense: Taimanov Variation, Bastrikov Variation, Ponomariov Gambit	15	rqb1kbnr/1p1p1ppp/pBn1p3/1N6/4P3/2N5/PPP2PPP/R2QKB1R b KQkq	1. e4 c5 2. Nf3 e6 3. d4 cxd4 4. Nxd4 Nc6 5. Nc3 Qc7 6. Ndb5 Qb8 7. Be3 a6 8. Bb6
B48	Sicilian Defense: Taimanov Variation, Bastrikov Variation, English Attack	11	r1b1kbnr/ppqp1ppp/2n1p3/8/3NP3/2N1B3/PPP2PPP/R2QKB1R b KQkq	1. e4 c5 2. Nf3 e6 3. d4 cxd4 4. Nxd4 Nc6 5. Nc3 Qc7 6. Be3
B49	Sicilian Defense: Taimanov Variation, Bastrikov Variation	13	r1b1kbnr/1pqp1ppp/p1n1p3/8/3NP3/2N1B3/PPP1BPPP/R2QK2R b KQkq	1. e4 c5 2. Nf3 e6 3. d4 cxd4 4. Nxd4 Nc6 5. Nc3 Qc7 6. Be3 a6 7. Be2
B50	Sicilian Defense	5	rnbqkbnr/pp2pppp/3p4/2p5/3PP3/5N2/PPP2PPP/RNBQKB1R b KQkq	1. e4 c5 2. Nf3 d6 3. d4
B50	Sicilian Defense	6	rnbqkbnr/pp2pppp/3p4/8/3pP3/5N2/PPP2PPP/RNBQKB1R w KQkq	1. e4 c5 2. Nf3 d6 3. d4 cxd4
B50	Sicilian Defense: Delayed Alapin Variation, Basman-Palatnik Double Gambit	17	r1b1kb1r/pp2pppp/2np4/q2P4/8/2P2N2/P3BPPP/R1BQK2R b KQkq	1. e4 c5 2. Nf3 d6 3. c3 Nf6 4. Be2 Nc6 5. d4 cxd4 6. cxd4 Nxe4 7. d5 Qa5+ 8. Nc3 Nxc3 9. bxc3
B50	Sicilian Defense: Delayed Alapin Variation, Basman-Palatnik Gambit	12	r1bqkb1r/pp2pppp/2np4/8/3Pn3/5N2/PP2BPPP/RNBQK2R w KQkq	1. e4 c5 2. Nf3 d6 3. c3 Nf6 4. Be2 Nc6 5. d4 cxd4 6. cxd4 Nxe4
B50	Sicilian Defense: Delayed Alapin Variation, with d6	5	rnbqkbnr/pp2pppp/3p4/2p5/4P3/2P2N2/PP1P1PPP/RNBQKB1R b KQkq	1. e4 c5 2. Nf3 d6 3. c3
B50	Sicilian Defense: Kopec System	5	rnbqkbnr/pp2pppp/3p4/2p5/4P3/3B1N2/PPPP1PPP/RNBQK2R b KQkq	1. e4 c5 2. Nf3 d6 3. Bd3
B50	Sicilian Defense: Kotov Gambit	6	rnbqkbnr/p3pppp/3p4/1pp5/4P3/5NP1/PPPP1P1P/RNBQKB1R w KQkq	1. e4 c5 2. Nf3 d6 3. g3 b5
B50	Sicilian Defense: Modern Variations	4	rnbqkbnr/pp2pppp/3p4/2p5/4P3/5N2/PPPP1PPP/RNBQKB1R w KQkq	1. e4 c5 2. Nf3 d6
B50	Sicilian Defense: Modern Variations, Anti-Qxd4 Move Order	6	rnbqkb1r/pp2pppp/3p1n2/2p5/3PP3/5N2/PPP2PPP/RNBQKB1R w KQkq	1. e4 c5 2. Nf3 d6 3. d4 Nf6
B50	Sicilian Defense: Modern Variations, Anti-Qxd4 Move Order Accepted	8	rnbqkb1r/pp2pppp/3p4/2P5/4n3/5N2/PPP2PPP/RNBQKB1R w KQkq	1. e4 c5 2. Nf3 d6 3. d4 Nf6 4. dxc5 Nxe4
B50	Sicilian Defense: Modern Variations, Tartakower	7	rnbqkbnr/pp2pppp/3p4/8/3pP3/2P2N2/PP3PPP/RNBQKB1R b KQkq	1. e4 c5 2. Nf3 d6 3. d4 cxd4 4. c3
B50	Sicilian Defense: Wing Gambit, Deferred Variation	5	rnbqkbnr/pp2pppp/3p4/2p5/1P2P3/5N2/P1PP1PPP/RNBQKB1R b KQkq	1. e4 c5 2. Nf3 d6 3. b4
B51	Sicilian Defense: Moscow Variation	5	rnbqkbnr/pp2pppp/3p4/1Bp5/4P3/5N2/PPPP1PPP/RNBQK2R b KQkq	1. e4 c5 2. Nf3 d6 3. Bb5+
B51	Sicilian Defense: Moscow Variation, Dorfman Gambit	11	r2qkbnr/pp1bpp1p/2np2p1/1Bp1P3/8/5N2/PPPPQPPP/RNB2RK1 b kq	1. e4 c5 2. Nf3 d6 3. Bb5+ Nc6 4. O-O Bd7 5. Qe2 g6 6. e5
B51	Sicilian Defense: Moscow Variation, Moscow Gambit	17	r2qkb1r/1p2pppp/p2p1n2/2p3B1/3Pb3/2P2N2/PP3PPP/RN1QR1K1 b kq	1. e4 c5 2. Nf3 d6 3. Bb5+ Nc6 4. O-O Bd7 5. c3 Nf6 6. Re1 a6 7. Bxc6 Bxc6 8. d4 Bxe4 9. Bg5
B52	Sicilian Defense: Moscow Variation, Haag Gambit	13	r3kb1r/pp1qpppp/2np1n2/2p5/3PP3/2P2N2/PP3PPP/RNBQ1RK1 b kq	1. e4 c5 2. Nf3 d6 3. Bb5+ Bd7 4. Bxd7+ Qxd7 5. O-O Nc6 6. c3 Nf6 7. d4
B52	Sicilian Defense: Moscow Variation, Main Line	6	rn1qkbnr/pp1bpppp/3p4/1Bp5/4P3/5N2/PPPP1PPP/RNBQK2R w KQkq	1. e4 c5 2. Nf3 d6 3. Bb5+ Bd7
B52	Sicilian Defense: Moscow Variation, Sokolsky Variation	9	rn2kbnr/pp1qpppp/3p4/2p5/2P1P3/5N2/PP1P1PPP/RNBQK2R b KQkq	1. e4 c5 2. Nf3 d6 3. Bb5+ Bd7 4. Bxd7+ Qxd7 5. c4
B53	Sicilian Defense: Chekhover Variation	7	rnbqkbnr/pp2pppp/3p4/8/3QP3/5N2/PPP2PPP/RNB1KB1R b KQkq	1. e4 c5 2. Nf3 d6 3. d4 cxd4 4. Qxd4
B53	Sicilian Defense: Chekhover Variation, Zaitsev Defense	10	r1b1kbnr/pp1qpppp/2np4/1B6/3QP3/5N2/PPP2PPP/RNB1K2R w KQkq	1. e4 c5 2. Nf3 d6 3. d4 cxd4 4. Qxd4 Nc6 5. Bb5 Qd7
B54	Sicilian Defense: Dragon Variation, Accelerated Dragon	8	rnbqkbnr/pp2pp1p/3p2p1/8/3NP3/8/PPP2PPP/RNBQKB1R w KQkq	1. e4 c5 2. Nf3 d6 3. d4 cxd4 4. Nxd4 g6
B54	Sicilian Defense: Modern Variations, Ginsberg Gambit	9	rnbqkb1r/pp2pppp/3p1n2/8/2BNP3/8/PPP2PPP/RNBQK2R b KQkq	1. e4 c5 2. Nf3 d6 3. d4 cxd4 4. Nxd4 Nf6 5. Bc4
B54	Sicilian Defense: Modern Variations, Main Line	8	rnbqkb1r/pp2pppp/3p1n2/8/3NP3/8/PPP2PPP/RNBQKB1R w KQkq	1. e4 c5 2. Nf3 d6 3. d4 cxd4 4. Nxd4 Nf6
B54	Sicilian Defense: Prins Variation	9	rnbqkb1r/pp2pppp/3p1n2/8/3NP3/5P2/PPP3PP/RNBQKB1R b KQkq	1. e4 c5 2. Nf3 d6 3. d4 cxd4 4. Nxd4 Nf6 5. f3
B55	Sicilian Defense: Prins Variation, Venice Attack	11	rnbqkb1r/pp3ppp/3p1n2/1B2p3/3NP3/5P2/PPP3PP/RNBQK2R b KQkq	1. e4 c5 2. Nf3 d6 3. d4 cxd4 4. Nxd4 Nf6 5. f3 e5 6. Bb5+
B56	Sicilian Defense: Classical Variation	10	r1bqkb1r/pp2pppp/2np1n2/8/3NP3/2N5/PPP2PPP/R1BQKB1R w KQkq	1. e4 c5 2. Nf3 d6 3. d4 cxd4 4. Nxd4 Nf6 5. Nc3 Nc6
B56	Sicilian Defense: Classical Variation, Fianchetto Variation	11	r1bqkb1r/pp2pppp/2np1n2/8/3NP3/2N3P1/PPP2P1P/R1BQKB1R b KQkq	1. e4 c5 2. Nf3 d6 3. d4 cxd4 4. Nxd4 Nf6 5. Nc3 Nc6 6. g3
B56	Sicilian Defense: Kupreichik Variation	10	rn1qkb1r/pp1bpppp/3p1n2/8/3NP3/2N5/PPP2PPP/R1BQKB1R w KQkq	1. e4 c5 2. Nf3 d6 3. d4 cxd4 4. Nxd4 Nf6 5. Nc3 Bd7
B56	Sicilian Defense: Spielmann Variation	11	r1bqkb1r/pp2pppp/2np1n2/8/4P3/2N5/PPP1NPPP/R1BQKB1R b KQkq	1. e4 c5 2. Nf3 Nc6 3. d4 cxd4 4. Nxd4 Nf6 5. Nc3 d6 6. Nde2
B56	Sicilian Defense: Venice Attack	11	rnbqkb1r/pp3ppp/3p1n2/1B2p3/3NP3/2N5/PPP2PPP/R1BQK2R b KQkq	1. e4 c5 2. Nf3 d6 3. d4 cxd4 4. Nxd4 Nf6 5. Nc3 e5 6. Bb5+
B57	Sicilian Defense: Classical Variation, Anti-Sozin Variation	12	r1b1kb1r/pp2pppp/1qnp1n2/8/2BNP3/2N5/PPP2PPP/R1BQK2R w KQkq	1. e4 c5 2. Nf3 Nc6 3. d4 cxd4 4. Nxd4 Nf6 5. Nc3 d6 6. Bc4 Qb6
B57	Sicilian Defense: Classical Variation, Sozin Attack	11	r1bqkb1r/pp2pppp/2np1n2/8/2BNP3/2N5/PPP2PPP/R1BQK2R b KQkq	1. e4 c5 2. Nf3 d6 3. d4 cxd4 4. Nxd4 Nf6 5. Nc3 Nc6 6. Bc4
B57	Sicilian Defense: Magnus Smith Trap	15	r1bqkb1r/p3pp1p/2pp1np1/4P3/2B5/2N5/PPP2PPP/R1BQK2R b KQkq	1. e4 c5 2. Nf3 Nc6 3. d4 cxd4 4. Nxd4 Nf6 5. Nc3 d6 6. Bc4 g6 7. Nxc6 bxc6 8. e5
B58	Sicilian Defense: Boleslavsky Variation	12	r1bqkb1r/pp3ppp/2np1n2/4p3/3NP3/2N5/PPP1BPPP/R1BQK2R w KQkq	1. e4 c5 2. Nf3 d6 3. d4 cxd4 4. Nxd4 Nf6 5. Nc3 Nc6 6. Be2 e5
B58	Sicilian Defense: Boleslavsky Variation, Louma Variation	13	r1bqkb1r/pp3ppp/2Np1n2/4p3/4P3/2N5/PPP1BPPP/R1BQK2R b KQkq	1. e4 c5 2. Nf3 Nc6 3. d4 cxd4 4. Nxd4 Nf6 5. Nc3 d6 6. Be2 e5 7. Nxc6
B58	Sicilian Defense: Classical Variation	11	r1bqkb1r/pp2pppp/2np1n2/8/3NP3/2N5/PPP1BPPP/R1BQK2R b KQkq	1. e4 c5 2. Nf3 d6 3. d4 cxd4 4. Nxd4 Nf6 5. Nc3 Nc6 6. Be2
B58	Sicilian Defense: Classical Variation, Dragon Transfer	14	r1bqkb1r/pp2pp1p/3p1np1/8/3QP3/2N5/PPP1BPPP/R1B1K2R w KQkq	1. e4 c5 2. Nf3 d6 3. d4 cxd4 4. Nxd4 Nf6 5. Nc3 Nc6 6. Be2 Nxd4 7. Qxd4 g6
B59	Sicilian Defense: Boleslavsky Variation	13	r1bqkb1r/pp3ppp/2np1n2/4p3/4P3/1NN5/PPP1BPPP/R1BQK2R b KQkq	1. e4 c5 2. Nf3 Nc6 3. d4 cxd4 4. Nxd4 Nf6 5. Nc3 d6 6. Be2 e5 7. Nb3
B60	Sicilian Defense: Richter-Rauzer Variation	11	r1bqkb1r/pp2pppp/2np1n2/6B1/3NP3/2N5/PPP2PPP/R2QKB1R b KQkq	1. e4 c5 2. Nf3 d6 3. d4 cxd4 4. Nxd4 Nf6 5. Nc3 Nc6 6. Bg5
B60	Sicilian Defense: Richter-Rauzer Variation, Dragon Variation	12	r1bqkb1r/pp2pp1p/2np1np1/6B1/3NP3/2N5/PPP2PPP/R2QKB1R w KQkq	1. e4 c5 2. Nf3 Nc6 3. d4 cxd4 4. Nxd4 Nf6 5. Nc3 d6 6. Bg5 g6
B60	Sicilian Defense: Richter-Rauzer Variation, Modern Variation	12	r2qkb1r/pp1bpppp/2np1n2/6B1/3NP3/2N5/PPP2PPP/R2QKB1R w KQkq	1. e4 c5 2. Nf3 d6 3. d4 cxd4 4. Nxd4 Nf6 5. Nc3 Nc6 6. Bg5 Bd7
B61	Sicilian Defense: Richter-Rauzer Variation, Modern Variation	13	r2qkb1r/pp1bpppp/2np1n2/6B1/3NP3/2N5/PPPQ1PPP/R3KB1R b KQkq	1. e4 c5 2. Nf3 Nc6 3. d4 cxd4 4. Nxd4 Nf6 5. Nc3 d6 6. Bg5 Bd7 7. Qd2
B62	Sicilian Defense: Richter-Rauzer Variation	12	r1bqkb1r/pp3ppp/2nppn2/6B1/3NP3/2N5/PPP2PPP/R2QKB1R w KQkq	1. e4 c5 2. Nf3 d6 3. d4 cxd4 4. Nxd4 Nf6 5. Nc3 Nc6 6. Bg5 e6
B62	Sicilian Defense: Richter-Rauzer Variation	13	r1bqkb1r/pp3ppp/2nppn2/6B1/3NP3/2NQ4/PPP2PPP/R3KB1R b KQkq	1. e4 c5 2. Nf3 d6 3. d4 cxd4 4. Nxd4 Nf6 5. Nc3 Nc6 6. Bg5 e6 7. Qd3
B62	Sicilian Defense: Richter-Rauzer Variation, Exchange Variation	13	r1bqkb1r/pp3ppp/2Nppn2/6B1/4P3/2N5/PPP2PPP/R2QKB1R b KQkq	1. e4 c5 2. Nf3 d6 3. d4 cxd4 4. Nxd4 Nf6 5. Nc3 Nc6 6. Bg5 e6 7. Nxc6
B62	Sicilian Defense: Richter-Rauzer Variation, Podebrady Variation	13	r1bqkb1r/pp3ppp/2nppn2/6B1/4P3/1NN5/PPP2PPP/R2QKB1R b KQkq	1. e4 c5 2. Nf3 Nc6 3. d4 cxd4 4. Nxd4 Nf6 5. Nc3 d6 6. Bg5 e6 7. Nb3
B62	Sicilian Defense: Richter-Rauzer Variation, Vitolins Variation	13	r1bqkb1r/pp3ppp/2nppn2/1B4B1/3NP3/2N5/PPP2PPP/R2QK2R b KQkq	1. e4 c5 2. Nf3 d6 3. d4 cxd4 4. Nxd4 Nf6 5. Nc3 Nc6 6. Bg5 e6 7. Bb5
B63	Sicilian Defense: Richter-Rauzer Variation, Classical Variation	14	r1bqk2r/pp2bppp/2nppn2/6B1/3NP3/2N5/PPPQ1PPP/R3KB1R w KQkq	1. e4 c5 2. Nf3 d6 3. d4 cxd4 4. Nxd4 Nf6 5. Nc3 Nc6 6. Bg5 e6 7. Qd2 Be7
B63	Sicilian Defense: Richter-Rauzer Variation, Classical Variation, Kantscher Line	20	r1bqk2r/4bppp/p2ppn2/1p4B1/3QPP2/2N5/PPP3PP/2KR1B1R w kq	1. e4 c5 2. Nf3 d6 3. d4 cxd4 4. Nxd4 Nf6 5. Nc3 Nc6 6. Bg5 e6 7. Qd2 Be7 8. O-O-O Nxd4 9. Qxd4 a6 10. f4 b5
B63	Sicilian Defense: Richter-Rauzer Variation, Ivanov Variation	14	r1b1kb1r/pp3ppp/1qnppn2/6B1/3NP3/2N5/PPPQ1PPP/R3KB1R w KQkq	1. e4 c5 2. Nf3 d6 3. d4 cxd4 4. Nxd4 Nf6 5. Nc3 Nc6 6. Bg5 e6 7. Qd2 Qb6
B63	Sicilian Defense: Richter-Rauzer Variation, Traditional Variation	13	r1bqkb1r/pp3ppp/2nppn2/6B1/3NP3/2N5/PPPQ1PPP/R3KB1R b KQkq	1. e4 c5 2. Nf3 d6 3. d4 cxd4 4. Nxd4 Nf6 5. Nc3 Nc6 6. Bg5 e6 7. Qd2
B64	Sicilian Defense: Richter-Rauzer Variation, Classical Variation	18	r1bq1rk1/pp2bppp/2np1n2/4p1B1/3NPP2/2N5/PPPQ2PP/2KR1B1R w -	1. e4 c5 2. Nf3 Nc6 3. d4 cxd4 4. Nxd4 Nf6 5. Nc3 d6 6. Bg5 e6 7. Qd2 Be7 8. O-O-O O-O 9. f4 e5
B64	Sicilian Defense: Richter-Rauzer Variation, Classical Variation	17	r1bq1rk1/pp2bppp/2nppn2/6B1/3NPP2/2N5/PPPQ2PP/2KR1B1R b -	1. e4 c5 2. Nf3 d6 3. d4 cxd4 4. Nxd4 Nf6 5. Nc3 Nc6 6. Bg5 e6 7. Qd2 Be7 8. O-O-O O-O 9. f4
B65	Sicilian Defense: Richter-Rauzer Variation, Classical Variation	19	r1bq1rk1/pp2bppp/3ppn2/6B1/3QPP2/2N5/PPP3PP/2KR1B1R b -	1. e4 c5 2. Nf3 d6 3. d4 cxd4 4. Nxd4 Nf6 5. Nc3 Nc6 6. Bg5 e6 7. Qd2 Be7 8. O-O-O O-O 9. f4 Nxd4 10. Qxd4
B65	Sicilian Defense: Richter-Rauzer Variation, Rauzer Attack	18	r1bq1rk1/pp2bppp/3ppn2/6B1/3nPP2/2N5/PPPQ2PP/2KR1B1R w -	1. e4 c5 2. Nf3 d6 3. d4 cxd4 4. Nxd4 Nf6 5. Nc3 Nc6 6. Bg5 e6 7. Qd2 Be7 8. O-O-O O-O 9. f4 Nxd4
B66	Sicilian Defense: Richter-Rauzer Variation, Neo-Modern Variation, Early Deviations	14	r1bqkb1r/1p3ppp/p1nppn2/6B1/3NP3/2N5/PPPQ1PPP/R3KB1R w KQkq	1. e4 c5 2. Nf3 d6 3. d4 cxd4 4. Nxd4 Nf6 5. Nc3 Nc6 6. Bg5 e6 7. Qd2 a6
B67	Sicilian Defense: Richter-Rauzer Variation, Neo-Modern Variation	16	r2qkb1r/1p1b1ppp/p1nppn2/6B1/3NP3/2N5/PPPQ1PPP/2KR1B1R w kq	1. e4 c5 2. Nf3 Nc6 3. d4 cxd4 4. Nxd4 Nf6 5. Nc3 d6 6. Bg5 e6 7. Qd2 a6 8. O-O-O Bd7
B68	Sicilian Defense: Richter-Rauzer Variation, Neo-Modern Variation	18	r2qk2r/1p1bbppp/p1nppn2/6B1/3NPP2/2N5/PPPQ2PP/2KR1B1R w kq	1. e4 c5 2. Nf3 Nc6 3. d4 cxd4 4. Nxd4 Nf6 5. Nc3 d6 6. Bg5 e6 7. Qd2 a6 8. O-O-O Bd7 9. f4 Be7
B69	Sicilian Defense: Richter-Rauzer Variation, Neo-Modern Variation, Nyezhmetdinov Attack	21	r2qk2r/3bbppp/p1nppB2/1p6/4PP2/2N2N2/PPPQ2PP/2KR1B1R b kq	1. e4 c5 2. Nf3 Nc6 3. d4 cxd4 4. Nxd4 Nf6 5. Nc3 d6 6. Bg5 e6 7. Qd2 a6 8. O-O-O Bd7 9. f4 Be7 10. Nf3 b5 11. Bxf6
B70	Sicilian Defense: Dragon Variation	10	rnbqkb1r/pp2pp1p/3p1np1/8/3NP3/2N5/PPP2PPP/R1BQKB1R w KQkq	1. e4 c5 2. Nf3 d6 3. d4 cxd4 4. Nxd4 Nf6 5. Nc3 g6
B70	Sicilian Defense: Dragon Variation, Classical Variation	11	rnbqkb1r/pp2pp1p/3p1np1/8/3NP3/2N5/PPP1BPPP/R1BQK2R b KQkq	1. e4 c5 2. Nf3 d6 3. d4 cxd4 4. Nxd4 Nf6 5. Nc3 g6 6. Be2
B70	Sicilian Defense: Dragon Variation, Fianchetto Variation	11	rnbqkb1r/pp2pp1p/3p1np1/8/3NP3/2N3P1/PPP2P1P/R1BQKB1R b KQkq	1. e4 c5 2. Nf3 d6 3. d4 cxd4 4. Nxd4 Nf6 5. Nc3 g6 6. g3
B71	Sicilian Defense: Dragon Variation, Levenfish Variation	11	rnbqkb1r/pp2pp1p/3p1np1/8/3NPP2/2N5/PPP3PP/R1BQKB1R b KQkq	1. e4 c5 2. Nf3 d6 3. d4 cxd4 4. Nxd4 Nf6 5. Nc3 g6 6. f4
B71	Sicilian Defense: Dragon Variation, Levenfish Variation, Main Line	12	r1bqkb1r/pp1npp1p/3p1np1/8/3NPP2/2N5/PPP3PP/R1BQKB1R w KQkq	1. e4 c5 2. Nf3 d6 3. d4 cxd4 4. Nxd4 Nf6 5. Nc3 g6 6. f4 Nbd7
B72	Sicilian Defense: Dragon Variation	11	rnbqkb1r/pp2pp1p/3p1np1/8/3NP3/2N1B3/PPP2PPP/R2QKB1R b KQkq	1. e4 c5 2. Nf3 d6 3. d4 cxd4 4. Nxd4 Nf6 5. Nc3 g6 6. Be3
B72	Sicilian Defense: Dragon Variation, Classical Variation	13	rnbqk2r/pp2ppbp/3p1np1/8/3NP3/2N1B3/PPP1BPPP/R2QK2R b KQkq	1. e4 c5 2. Nf3 d6 3. d4 cxd4 4. Nxd4 Nf6 5. Nc3 g6 6. Be3 Bg7 7. Be2
B72	Sicilian Defense: Dragon Variation, Classical Variation	14	r1bqk2r/pp2ppbp/2np1np1/8/3NP3/2N1B3/PPP1BPPP/R2QK2R w KQkq	1. e4 c5 2. Nf3 d6 3. d4 cxd4 4. Nxd4 Nf6 5. Nc3 g6 6. Be3 Bg7 7. Be2 Nc6
B72	Sicilian Defense: Dragon Variation, Classical Variation	15	r1bqk2r/pp2ppbp/2np1np1/8/4P3/1NN1B3/PPP1BPPP/R2QK2R b KQkq	1. e4 c5 2. Nf3 d6 3. d4 cxd4 4. Nxd4 Nf6 5. Nc3 g6 6. Be3 Bg7 7. Be2 Nc6 8. Nb3
B72	Sicilian Defense: Dragon Variation, Classical Variation, Amsterdam Variation	15	r1bqk2r/pp2ppbp/2np1np1/8/3NP3/2N1B3/PPPQBPPP/R3K2R b KQkq	1. e4 c5 2. Nf3 Nc6 3. d4 cxd4 4. Nxd4 Nf6 5. Nc3 d6 6. Be2 g6 7. Be3 Bg7 8. Qd2
B72	Sicilian Defense: Dragon Variation, Classical Variation, Grigoriev Variation	17	r1bq1rk1/pp2ppbp/2np1np1/8/3NP3/2N1B3/PPPQBPPP/2KR3R b -	1. e4 c5 2. Nf3 Nc6 3. d4 cxd4 4. Nxd4 Nf6 5. Nc3 d6 6. Be2 g6 7. Be3 Bg7 8. Qd2 O-O 9. O-O-O
B73	Sicilian Defense: Dragon Variation, Classical Variation	15	r1bqk2r/pp2ppbp/2np1np1/8/3NP3/2N1B3/PPP1BPPP/R2Q1RK1 b kq	1. e4 c5 2. Nf3 d6 3. d4 cxd4 4. Nxd4 Nf6 5. Nc3 g6 6. Be2 Bg7 7. O-O Nc6 8. Be3
B73	Sicilian Defense: Dragon Variation, Classical Variation, Battery Variation	17	r1bq1rk1/pp2ppbp/2np1np1/8/3NP3/2N1B3/PPPQBPPP/R4RK1 b -	1. e4 c5 2. Nf3 d6 3. d4 cxd4 4. Nxd4 Nf6 5. Nc3 g6 6. Be2 Bg7 7. O-O O-O 8. Be3 Nc6 9. Qd2
B73	Sicilian Defense: Dragon Variation, Classical Variation, Zollner Gambit	19	r1b2rk1/pp2ppbp/1qnp1np1/4P3/3N1P2/2N1B3/PPP1B1PP/R2Q1RK1 b -	1. e4 c5 2. Nf3 Nc6 3. d4 cxd4 4. Nxd4 g6 5. Be3 Bg7 6. Be2 Nf6 7. Nc3 O-O 8. O-O d6 9. f4 Qb6 10. e5
B74	Sicilian Defense: Dragon Variation, Classical Variation, Alekhine Line	18	r1bq1rk1/1p2ppbp/2np1np1/p7/4P3/1NN1B3/PPP1BPPP/R2Q1RK1 w -	1. e4 c5 2. Nf3 Nc6 3. d4 cxd4 4. Nxd4 g6 5. Nc3 Bg7 6. Be3 Nf6 7. Be2 O-O 8. O-O d6 9. Nb3 a5
B74	Sicilian Defense: Dragon Variation, Classical Variation, Bernard Defense	26	r2q1rk1/pp2ppbp/5np1/n2p1P2/4P3/1NNPB3/PP4PP/R2Q1RK1 w -	1. e4 c5 2. Nf3 g6 3. d4 cxd4 4. Nxd4 Nf6 5. Nc3 d6 6. Be2 Bg7 7. O-O O-O 8. Be3 Nc6 9. Nb3 Be6 10. f4 Na5 11. f5 Bc4 12. Bd3 Bxd3 13. cxd3 d5
B74	Sicilian Defense: Dragon Variation, Classical Variation, Maróczy Line	20	r2q1rk1/pp2ppbp/3pbnp1/n7/4PP2/1NN1B3/PPP1B1PP/R2Q1RK1 w -	1. e4 c5 2. Nf3 d6 3. d4 cxd4 4. Nxd4 Nf6 5. Nc3 g6 6. Be2 Bg7 7. O-O O-O 8. Be3 Nc6 9. Nb3 Be6 10. f4 Na5
B74	Sicilian Defense: Dragon Variation, Classical Variation, Normal Line	17	r1bq1rk1/pp2ppbp/2np1np1/8/4P3/1NN1B3/PPP1BPPP/R2Q1RK1 b -	1. e4 c5 2. Nf3 d6 3. d4 cxd4 4. Nxd4 Nf6 5. Nc3 g6 6. Be2 Bg7 7. O-O O-O 8. Be3 Nc6 9. Nb3
B74	Sicilian Defense: Dragon Variation, Classical Variation, Spielmann Variation	23	r2q1rk1/pp2ppbp/3p1np1/n4P2/2b1P3/1NNBB3/PPP3PP/R2Q1RK1 b -	1. e4 c5 2. Nf3 Nc6 3. d4 cxd4 4. Nxd4 g6 5. Nc3 Bg7 6. Be3 Nf6 7. Be2 O-O 8. Nb3 d6 9. O-O Be6 10. f4 Na5 11. f5 Bc4 12. Bd3
B74	Sicilian Defense: Dragon Variation, Classical Variation, Stockholm Attack	27	r4rk1/pp2ppbp/3p1np1/q4P2/4P1P1/2N1B3/PPP1Q2P/R4RK1 b -	1. e4 c5 2. Nc3 d6 3. f4 Nc6 4. Nf3 g6 5. d4 cxd4 6. Nxd4 Bg7 7. Be3 Nf6 8. Be2 O-O 9. Nb3 Be6 10. O-O Na5 11. f5 Bc4 12. Nxa5 Bxe2 13. Qxe2 Qxa5 14. g4
B74	Sicilian Defense: Dragon Variation, Classical Variation, Tartakower Line	20	r1q2rk1/pp2ppbp/2npbnp1/8/4PP2/1NN1B3/PPP1B1PP/R2Q1RK1 w -	1. e4 c5 2. Nf3 d6 3. d4 cxd4 4. Nxd4 Nf6 5. Nc3 g6 6. Be2 Bg7 7. O-O O-O 8. Be3 Nc6 9. Nb3 Be6 10. f4 Qc8
B75	Sicilian Defense: Dragon Variation, Yugoslav Attack, Belezky Line	14	r1bqk2r/pp2ppbp/2np1np1/8/3NP3/2N1BP2/PPP3PP/R2QKB1R w KQkq	1. e4 c5 2. Nf3 d6 3. d4 cxd4 4. Nxd4 Nf6 5. Nc3 g6 6. Be3 Bg7 7. f3 Nc6
B75	Sicilian Defense: Dragon Variation, Yugoslav Attack, Early Deviations	13	rnbqk2r/pp2ppbp/3p1np1/8/3NP3/2N1BP2/PPP3PP/R2QKB1R b KQkq	1. e4 c5 2. Nf3 d6 3. d4 cxd4 4. Nxd4 Nf6 5. Nc3 g6 6. Be3 Bg7 7. f3
B75	Sicilian Defense: Dragon Variation, Yugoslav Attack, Hungarian Dragon	14	r1bqkb1r/pp2pp2/2np1np1/7p/3NP3/2N1BP2/PPP3PP/R2QKB1R w KQkq	1. e4 c5 2. Nf3 d6 3. d4 cxd4 4. Nxd4 Nf6 5. Nc3 g6 6. Be3 Nc6 7. f3 h5
B76	Sicilian Defense: Dragon Variation, Yugoslav Attack	14	rnbq1rk1/pp2ppbp/3p1np1/8/3NP3/2N1BP2/PPP3PP/R2QKB1R w KQ	1. e4 c5 2. Nf3 d6 3. d4 cxd4 4. Nxd4 Nf6 5. Nc3 g6 6. Be3 Bg7 7. f3 O-O
B76	Sicilian Defense: Dragon Variation, Yugoslav Attack	16	r1bq1rk1/pp2ppbp/2np1np1/8/3NP3/2N1BP2/PPPQ2PP/R3KB1R w KQ	1. e4 c5 2. Nf3 d6 3. d4 cxd4 4. Nxd4 Nf6 5. Nc3 g6 6. Be3 Bg7 7. f3 O-O 8. Qd2 Nc6
B76	Sicilian Defense: Dragon Variation, Yugoslav Attack, Modern Line	17	r1bq1rk1/pp2ppbp/2np1np1/8/3NP3/2N1BP2/PPPQ2PP/2KR1B1R b -	1. e4 c5 2. Nf3 d6 3. d4 cxd4 4. Nxd4 Nf6 5. Nc3 g6 6. Be3 Bg7 7. f3 Nc6 8. Qd2 O-O 9. O-O-O
B76	Sicilian Defense: Dragon Variation, Yugoslav Attack, Panov Variation	17	r1bq1rk1/pp2ppbp/2np1np1/8/3NP1P1/2N1BP2/PPPQ3P/R3KB1R b KQ	1. e4 c5 2. Nf3 d6 3. d4 cxd4 4. Nxd4 Nf6 5. Nc3 g6 6. Be3 Bg7 7. f3 O-O 8. Qd2 Nc6 9. g4
B77	Sicilian Defense: Dragon Variation, Yugoslav Attack, Byrne Variation	18	r1bq1rk1/1p2ppbp/2np1np1/p7/2BNP3/2N1BP2/PPPQ2PP/R3K2R w KQ	1. e4 c5 2. Nf3 d6 3. d4 cxd4 4. Nxd4 Nf6 5. Nc3 g6 6. Be3 Bg7 7. f3 O-O 8. Qd2 Nc6 9. Bc4 a5
B77	Sicilian Defense: Dragon Variation, Yugoslav Attack, Czerniak Variation	20	r2q1rk1/pp2ppbp/3pbnp1/8/2BBP3/2N2P2/PPPQ2PP/R3K2R w KQ	1. e4 c5 2. Nf3 d6 3. d4 cxd4 4. Nxd4 Nf6 5. Nc3 g6 6. Be3 Bg7 7. f3 Nc6 8. Qd2 O-O 9. Bc4 Nxd4 10. Bxd4 Be6
B77	Sicilian Defense: Dragon Variation, Yugoslav Attack, Czerniak Variation	22	r4rk1/pp2ppbp/3pbnp1/q7/3BP3/1BN2P2/PPPQ2PP/R3K2R w KQ	1. e4 c5 2. Nf3 d6 3. d4 cxd4 4. Nxd4 Nf6 5. Nc3 g6 6. Be3 Bg7 7. f3 Nc6 8. Qd2 O-O 9. Bc4 Nxd4 10. Bxd4 Be6 11. Bb3 Qa5
B77	Sicilian Defense: Dragon Variation, Yugoslav Attack, Main Line	17	r1bq1rk1/pp2ppbp/2np1np1/8/2BNP3/2N1BP2/PPPQ2PP/R3K2R b KQ	1. e4 c5 2. Nf3 d6 3. d4 cxd4 4. Nxd4 Nf6 5. Nc3 g6 6. Be3 Bg7 7. f3 O-O 8. Qd2 Nc6 9. Bc4
B77	Sicilian Defense: Dragon Variation, Yugoslav Attack, Main Line	18	r2q1rk1/pp1bppbp/2np1np1/8/2BNP3/2N1BP2/PPPQ2PP/R3K2R w KQ	1. e4 c5 2. Nf3 d6 3. d4 cxd4 4. Nxd4 Nf6 5. Nc3 g6 6. Be3 Bg7 7. f3 O-O 8. Qd2 Nc6 9. Bc4 Bd7
B77	Sicilian Defense: Dragon Variation, Yugoslav Attack, Main Line	19	r2q1rk1/pp1bppbp/2np1np1/8/3NP3/1BN1BP2/PPPQ2PP/R3K2R b KQ	1. e4 c5 2. Nf3 d6 3. d4 cxd4 4. Nxd4 Nf6 5. Nc3 g6 6. Be3 Bg7 7. f3 O-O 8. Qd2 Nc6 9. Bc4 Bd7 10. Bb3
B77	Sicilian Defense: Dragon Variation, Yugoslav Attack, Sosonko Variation	18	r1bq1rk1/pp1nppbp/2np2p1/8/2BNP3/2N1BP2/PPPQ2PP/R3K2R w KQ	1. e4 c5 2. Nf3 d6 3. d4 cxd4 4. Nxd4 Nf6 5. Nc3 g6 6. Be3 Bg7 7. f3 Nc6 8. Qd2 O-O 9. Bc4 Nd7
B78	Sicilian Defense: Dragon Variation, Yugoslav Attack	19	r2q1rk1/pp1bppbp/2np1np1/8/2BNP3/2N1BP2/PPPQ2PP/2KR3R b -	1. e4 c5 2. Nf3 d6 3. d4 cxd4 4. Nxd4 Nf6 5. Nc3 g6 6. Be3 Bg7 7. f3 O-O 8. Qd2 Nc6 9. Bc4 Bd7 10. O-O-O
B78	Sicilian Defense: Dragon Variation, Yugoslav Attack, Chinese Dragon	20	1r1q1rk1/pp1bppbp/2np1np1/8/2BNP3/2N1BP2/PPPQ2PP/2KR3R w -	1. e4 c5 2. Nf3 d6 3. d4 cxd4 4. Nxd4 Nf6 5. Nc3 g6 6. Be3 Bg7 7. f3 O-O 8. Qd2 Nc6 9. Bc4 Bd7 10. O-O-O Rb8
B78	Sicilian Defense: Dragon Variation, Yugoslav Attack, Old Line	20	2rq1rk1/pp1bppbp/2np1np1/8/2BNP3/2N1BP2/PPPQ2PP/2KR3R w -	1. e4 c5 2. Nf3 d6 3. d4 cxd4 4. Nxd4 Nf6 5. Nc3 g6 6. Be3 Bg7 7. f3 O-O 8. Qd2 Nc6 9. Bc4 Bd7 10. O-O-O Rc8
B78	Sicilian Defense: Dragon Variation, Yugoslav Attack, Topalov Variation	23	2rq1rk1/pp1bppbp/3p1np1/8/3BP3/1BN2P2/PPPQ2PP/2KR3R b -	1. e4 c5 2. Nf3 d6 3. d4 cxd4 4. Nxd4 Nf6 5. Nc3 g6 6. Be3 Bg7 7. f3 O-O 8. Qd2 Nc6 9. Bc4 Bd7 10. O-O-O Rc8 11. Bb3 Nxd4 12. Bxd4
B79	Sicilian Defense: Dragon Variation, Yugoslav Attack	23	r1r3k1/pp1bppbp/2np1np1/q7/3NP2P/1BN1BP2/PPPQ2P1/2KR3R b -	1. e4 c5 2. Nf3 d6 3. d4 cxd4 4. Nxd4 Nf6 5. Nc3 g6 6. Be3 Bg7 7. f3 O-O 8. Qd2 Nc6 9. Bc4 Bd7 10. h4 Qa5 11. O-O-O Rfc8 12. Bb3
B79	Sicilian Defense: Dragon Variation, Yugoslav Attack, Soltis Variation	24	r1r3k1/pp1bppb1/2np1np1/q6p/3NP2P/1BN1BP2/PPPQ2P1/2KR3R w -	1. e4 c5 2. Nf3 d6 3. d4 cxd4 4. Nxd4 Nf6 5. Nc3 g6 6. Be3 Bg7 7. f3 O-O 8. Qd2 Nc6 9. Bc4 Bd7 10. O-O-O Qa5 11. h4 Rfc8 12. Bb3 h5
B80	Sicilian Defense: Scheveningen Variation	10	rnbqkb1r/pp3ppp/3ppn2/8/3NP3/2N5/PPP2PPP/R1BQKB1R w KQkq	1. e4 c5 2. Nf3 e6 3. d4 cxd4 4. Nxd4 Nf6 5. Nc3 d6
B80	Sicilian Defense: Scheveningen Variation, English Attack, with Qd2	13	rnbqkb1r/1p3ppp/p2ppn2/8/3NP3/2N1B3/PPPQ1PPP/R3KB1R b KQkq	1. e4 c5 2. Nf3 d6 3. d4 cxd4 4. Nxd4 Nf6 5. Nc3 a6 6. Be3 e6 7. Qd2
B80	Sicilian Defense: Scheveningen Variation, Fianchetto Variation	11	rnbqkb1r/pp3ppp/3ppn2/8/3NP3/2N3P1/PPP2P1P/R1BQKB1R b KQkq	1. e4 c5 2. Nf3 e6 3. d4 cxd4 4. Nxd4 Nf6 5. Nc3 d6 6. g3
B80	Sicilian Defense: Scheveningen Variation, Vitolins Variation	11	rnbqkb1r/pp3ppp/3ppn2/1B6/3NP3/2N5/PPP2PPP/R1BQK2R b KQkq	1. e4 c5 2. Nf3 e6 3. d4 cxd4 4. Nxd4 Nf6 5. Nc3 d6 6. Bb5+
B81	Sicilian Defense: Scheveningen Variation, Keres Attack	11	rnbqkb1r/pp3ppp/3ppn2/8/3NP1P1/2N5/PPP2P1P/R1BQKB1R b KQkq	1. e4 c5 2. Nf3 e6 3. d4 cxd4 4. Nxd4 Nf6 5. Nc3 d6 6. g4
B82	Sicilian Defense: Scheveningen Variation, Matanovic Attack	11	rnbqkb1r/pp3ppp/3ppn2/8/3NPP2/2N5/PPP3PP/R1BQKB1R b KQkq	1. e4 c5 2. Nf3 e6 3. d4 cxd4 4. Nxd4 Nf6 5. Nc3 d6 6. f4
B82	Sicilian Defense: Scheveningen Variation, Tal Variation	15	r1bqk2r/pp2bppp/2nppn2/8/3NPP2/2N1BQ2/PPP3PP/R3KB1R b KQkq	1. e4 c5 2. Nf3 e6 3. d4 cxd4 4. Nxd4 Nf6 5. Nc3 d6 6. f4 Nc6 7. Be3 Be7 8. Qf3
B83	Sicilian Defense: Scheveningen Variation, Classical Variation	11	rnbqkb1r/pp3ppp/3ppn2/8/3NP3/2N5/PPP1BPPP/R1BQK2R b KQkq	1. e4 c5 2. Nf3 e6 3. d4 cxd4 4. Nxd4 Nf6 5. Nc3 d6 6. Be2
B83	Sicilian Defense: Scheveningen Variation, Modern Variation	12	r1bqkb1r/pp3ppp/2nppn2/8/3NP3/2N5/PPP1BPPP/R1BQK2R w KQkq	1. e4 c5 2. Nf3 e6 3. d4 cxd4 4. Nxd4 Nc6 5. Nc3 d6 6. Be2 Nf6
B83	Sicilian Defense: Scheveningen Variation, Modern Variation	17	r1bq1rk1/pp2bppp/2nppn2/8/3NPP2/2N1B3/PPP1B1PP/R2Q1RK1 b -	1. e4 c5 2. Nf3 e6 3. d4 cxd4 4. Nxd4 Nf6 5. Nc3 d6 6. Be2 Be7 7. O-O O-O 8. f4 Nc6 9. Be3
B83	Sicilian Defense: Scheveningen Variation, Modern Variation	19	r2q1rk1/pp1bbppp/2nppn2/8/4PP2/1NN1B3/PPP1B1PP/R2Q1RK1 b -	1. e4 c5 2. Nf3 e6 3. d4 cxd4 4. Nxd4 Nf6 5. Nc3 d6 6. Be2 Be7 7. O-O O-O 8. f4 Nc6 9. Be3 Bd7 10. Nb3
B84	Sicilian Defense: Najdorf Variation, Scheveningen Variation	14	r1bqkb1r/1p1n1ppp/p2ppn2/8/3NP3/2N5/PPP1BPPP/R1BQ1RK1 w kq	1. e4 c5 2. Nf3 d6 3. d4 cxd4 4. Nxd4 Nf6 5. Nc3 a6 6. Be2 e6 7. O-O Nbd7
B84	Sicilian Defense: Scheveningen Variation, Classical Variation	12	rnbqkb1r/1p3ppp/p2ppn2/8/3NP3/2N5/PPP1BPPP/R1BQK2R w KQkq	1. e4 c5 2. Nf3 d6 3. d4 cxd4 4. Nxd4 Nf6 5. Nc3 a6 6. Be2 e6
B84	Sicilian Defense: Scheveningen Variation, Classical Variation	14	rnb1kb1r/1pq2ppp/p2ppn2/8/3NP3/2N5/PPP1BPPP/R1BQ1RK1 w kq	1. e4 c5 2. Nf3 d6 3. d4 cxd4 4. Nxd4 Nf6 5. Nc3 a6 6. Be2 e6 7. O-O Qc7
B85	Sicilian Defense: Scheveningen Variation, Classical Main Line	20	r1b2rk1/1pq1bppp/p1nppn2/8/3NPP2/2N1B3/PPP1B1PP/R3QRK1 w -	1. e4 c5 2. Nf3 e6 3. d4 cxd4 4. Nxd4 Nc6 5. Nc3 Qc7 6. Be2 a6 7. O-O Nf6 8. Be3 Be7 9. f4 d6 10. Qe1 O-O
B85	Sicilian Defense: Scheveningen Variation, Classical Variation, Paulsen Variation	16	r1b1kb1r/1pq2ppp/p1nppn2/8/3NPP2/2N5/PPP1B1PP/R1BQ1RK1 w kq	1. e4 c5 2. Nf3 d6 3. d4 cxd4 4. Nxd4 Nf6 5. Nc3 a6 6. f4 e6 7. Be2 Qc7 8. O-O Nc6
B85	Sicilian Defense: Scheveningen Variation, Classical Variation, Paulsen Variation	17	r1b1kb1r/1pq2ppp/p1nppn2/8/3NPP2/2N1B3/PPP1B1PP/R2Q1RK1 b kq	1. e4 c5 2. Nf3 e6 3. d4 cxd4 4. Nxd4 Nc6 5. Nc3 Qc7 6. Be2 a6 7. O-O Nf6 8. Be3 d6 9. f4
B85	Sicilian Defense: Scheveningen Variation, Classical Variation, Paulsen Variation	19	r1b1k2r/1pq1bppp/p1nppn2/8/P2NPP2/2N5/1PP1B1PP/R1BQ1R1K b kq	1. e4 c5 2. Nf3 e6 3. d4 cxd4 4. Nxd4 Nc6 5. Nc3 Qc7 6. Be2 a6 7. O-O Nf6 8. Kh1 Be7 9. f4 d6 10. a4
B86	Sicilian Defense: Sozin Attack	11	rnbqkb1r/pp3ppp/3ppn2/8/2BNP3/2N5/PPP2PPP/R1BQK2R b KQkq	1. e4 c5 2. Nf3 e6 3. d4 cxd4 4. Nxd4 Nf6 5. Nc3 d6 6. Bc4
B87	Sicilian Defense: Sozin Attack, Flank Variation	14	rnbqkb1r/5ppp/p2ppn2/1p6/3NP3/1BN5/PPP2PPP/R1BQK2R w KQkq	1. e4 c5 2. Nf3 d6 3. d4 cxd4 4. Nxd4 Nf6 5. Nc3 a6 6. Bc4 e6 7. Bb3 b5
B88	Sicilian Defense: Sozin Attack, Fischer Variation	17	r1bq1rk1/pp2bppp/2nppn2/8/3NPP2/1BN1B3/PPP3PP/R2QK2R b KQ	1. e4 c5 2. Nf3 Nc6 3. d4 cxd4 4. Nxd4 Nf6 5. Nc3 d6 6. Bc4 e6 7. Bb3 Be7 8. Be3 O-O 9. f4
B88	Sicilian Defense: Sozin Attack, Leonhardt Variation	12	r1bqkb1r/pp3ppp/2nppn2/8/2BNP3/2N5/PPP2PPP/R1BQK2R w KQkq	1. e4 c5 2. Nf3 Nc6 3. d4 cxd4 4. Nxd4 Nf6 5. Nc3 d6 6. Bc4 e6
B89	Sicilian Defense: Sozin Attack, Main Line	13	r1bqkb1r/pp3ppp/2nppn2/8/2BNP3/2N1B3/PPP2PPP/R2QK2R b KQkq	1. e4 c5 2. Nf3 Nc6 3. d4 cxd4 4. Nxd4 Nf6 5. Nc3 d6 6. Bc4 e6 7. Be3
B89	Sicilian Defense: Sozin Attack, Main Line, Sherbakov Variation	20	r1bq1rk1/p3bppp/1p1ppn2/n7/3NPP2/1BN1B3/PPP3PP/R2Q1RK1 w -	1. e4 c5 2. Nf3 d6 3. d4 cxd4 4. Nxd4 Nf6 5. Nc3 Nc6 6. Bc4 e6 7. Be3 Be7 8. Bb3 O-O 9. O-O Na5 10. f4 b6
B89	Sicilian Defense: Velimirovic Attack	15	r1bqk2r/pp2bppp/2nppn2/8/2BNP3/2N1B3/PPP1QPPP/R3K2R b KQkq	1. e4 c5 2. Nf3 Nc6 3. d4 cxd4 4. Nxd4 Nf6 5. Nc3 d6 6. Bc4 e6 7. Be3 Be7 8. Qe2
B90	Sicilian Defense: Najdorf Variation	10	rnbqkb1r/1p2pppp/p2p1n2/8/3NP3/2N5/PPP2PPP/R1BQKB1R w KQkq	1. e4 c5 2. Nf3 d6 3. d4 cxd4 4. Nxd4 Nf6 5. Nc3 a6
B90	Sicilian Defense: Najdorf Variation, Adams Attack	11	rnbqkb1r/1p2pppp/p2p1n2/8/3NP3/2N4P/PPP2PP1/R1BQKB1R b KQkq	1. e4 c5 2. Nf3 d6 3. d4 cxd4 4. Nxd4 Nf6 5. Nc3 a6 6. h3
B90	Sicilian Defense: Najdorf Variation, Dekker Gambit	11	rnbqkb1r/1p2pppp/p2p1n2/8/3NP1P1/2N5/PPP2P1P/R1BQKB1R b KQkq	1. e4 c5 2. Nf3 d6 3. d4 cxd4 4. Nxd4 Nf6 5. Nc3 a6 6. g4
B90	Sicilian Defense: Najdorf Variation, English Attack	11	rnbqkb1r/1p2pppp/p2p1n2/8/3NP3/2N1B3/PPP2PPP/R2QKB1R b KQkq	1. e4 c5 2. Nf3 d6 3. d4 cxd4 4. Nxd4 Nf6 5. Nc3 a6 6. Be3
B90	Sicilian Defense: Najdorf Variation, English Attack	15	rn1qkb1r/1p3ppp/p2pbn2/4p3/4P3/1NN1BP2/PPP3PP/R2QKB1R b KQkq	1. e4 c5 2. Nf3 d6 3. d4 cxd4 4. Nxd4 Nf6 5. Nc3 a6 6. Be3 e5 7. Nb3 Be6 8. f3
B90	Sicilian Defense: Najdorf Variation, English Attack	15	rnbqk2r/1p2bppp/p2p1n2/4p3/4P3/1NN1BP2/PPP3PP/R2QKB1R b KQkq	1. e4 c5 2. Nf3 d6 3. d4 cxd4 4. Nxd4 Nf6 5. Nc3 a6 6. Be3 e5 7. Nb3 Be7 8. f3
B90	Sicilian Defense: Najdorf Variation, English Attack	15	rn1qkb1r/1p3ppp/p2pbn2/4p3/4P3/1NN1B2P/PPP2PP1/R2QKB1R b KQkq	1. e4 c5 2. Nf3 d6 3. d4 cxd4 4. Nxd4 Nf6 5. Nc3 a6 6. Be3 e5 7. Nb3 Be6 8. h3
B90	Sicilian Defense: Najdorf Variation, English Attack	15	rnbqk2r/1p2bppp/p2p1n2/4p3/4P3/1NN1B2P/PPP2PP1/R2QKB1R b KQkq	1. e4 c5 2. Nf3 d6 3. d4 cxd4 4. Nxd4 Nf6 5. Nc3 a6 6. Be3 e5 7. Nb3 Be7 8. h3
B90	Sicilian Defense: Najdorf Variation, English Attack, Anti-English	12	rnbqkb1r/1p2pppp/p2p4/8/3NP1n1/2N1B3/PPP2PPP/R2QKB1R w KQkq	1. e4 c5 2. Nf3 d6 3. d4 cxd4 4. Nxd4 Nf6 5. Nc3 a6 6. Be3 Ng4
B90	Sicilian Defense: Najdorf Variation, Lipnitsky Attack	11	rnbqkb1r/1p2pppp/p2p1n2/8/2BNP3/2N5/PPP2PPP/R1BQK2R b KQkq	1. e4 c5 2. Nf3 d6 3. d4 cxd4 4. Nxd4 Nf6 5. Nc3 a6 6. Bc4
B90	Sicilian Defense: Najdorf Variation, Petronić Attack	11	rnbqkb1r/1p2pppp/p2p1n2/8/3NP3/2N5/PPP2PPP/R1BQKBR1 b Qkq	1. e4 c5 2. Nf3 d6 3. d4 cxd4 4. Nxd4 Nf6 5. Nc3 a6 6. Rg1
B90	Sicilian Defense: Najdorf Variation, Yates Variation	11	rnbqkb1r/1p2pppp/p2p1n2/8/3NP3/2NB4/PPP2PPP/R1BQK2R b KQkq	1. e4 c5 2. Nf3 d6 3. d4 cxd4 4. Nxd4 Nf6 5. Nc3 a6 6. Bd3
B90	Sicilian Defense: Scheveningen Variation, Delayed Keres Attack	13	rnbqkb1r/1p3ppp/p2ppn2/8/3NP1P1/2N1B3/PPP2P1P/R2QKB1R b KQkq	1. e4 c5 2. Nf3 d6 3. d4 cxd4 4. Nxd4 Nf6 5. Nc3 a6 6. Be3 e6 7. g4
B90	Sicilian Defense: Scheveningen Variation, Delayed Keres Attack, Perenyi Gambit	17	rnbqkb1r/1p3p1p/p2p1np1/4pNP1/4P3/2N1B3/PPP2P1P/R2QKB1R b KQkq	1. e4 c5 2. Nf3 d6 3. d4 cxd4 4. Nxd4 Nf6 5. Nc3 a6 6. Be3 e6 7. g4 e5 8. Nf5 g6 9. g5
B90	Sicilian Defense: Scheveningen Variation, English Attack, with f3	13	rnbqkb1r/1p3ppp/p2ppn2/8/3NP3/2N1BP2/PPP3PP/R2QKB1R b KQkq	1. e4 c5 2. Nf3 d6 3. d4 cxd4 4. Nxd4 Nf6 5. Nc3 a6 6. Be3 e6 7. f3
B91	Sicilian Defense: Najdorf Variation, Zagreb Variation	11	rnbqkb1r/1p2pppp/p2p1n2/8/3NP3/2N3P1/PPP2P1P/R1BQKB1R b KQkq	1. e4 c5 2. Nf3 d6 3. d4 cxd4 4. Nxd4 Nf6 5. Nc3 a6 6. g3
B92	Sicilian Defense: Najdorf Variation, Opocensky Variation	11	rnbqkb1r/1p2pppp/p2p1n2/8/3NP3/2N5/PPP1BPPP/R1BQK2R b KQkq	1. e4 c5 2. Nf3 d6 3. d4 cxd4 4. Nxd4 Nf6 5. Nc3 a6 6. Be2
B92	Sicilian Defense: Najdorf Variation, Opocensky Variation	15	rn1qkb1r/1p3ppp/p2pbn2/4p3/4P3/1NN1B3/PPP1BPPP/R2QK2R b KQkq	1. e4 c5 2. Nf3 Nf6 3. Nc3 d6 4. d4 cxd4 5. Nxd4 a6 6. Be2 e5 7. Nb3 Be6 8. Be3
B92	Sicilian Defense: Najdorf Variation, Opocensky Variation, Modern Line	16	rn1qk2r/1p2bppp/p2pbn2/4p3/4P3/1NN5/PPP1BPPP/R1BQ1RK1 w kq	1. e4 c5 2. Nf3 d6 3. d4 cxd4 4. Nxd4 Nf6 5. Nc3 a6 6. Be2 e5 7. Nb3 Be7 8. O-O Be6
B92	Sicilian Defense: Najdorf Variation, Opocensky Variation, Traditional Line	16	rnbq1rk1/1p2bppp/p2p1n2/4p3/4P3/1NN5/PPP1BPPP/R1BQ1RK1 w -	1. e4 c5 2. Nf3 d6 3. d4 cxd4 4. Nxd4 Nf6 5. Nc3 a6 6. Be2 e5 7. Nb3 Be7 8. O-O O-O
B93	Sicilian Defense: Najdorf Variation, Amsterdam Variation	11	rnbqkb1r/1p2pppp/p2p1n2/8/3NPP2/2N5/PPP3PP/R1BQKB1R b KQkq	1. e4 c5 2. Nf3 d6 3. d4 cxd4 4. Nxd4 Nf6 5. Nc3 a6 6. f4
B94	Sicilian Defense: Najdorf Variation	11	rnbqkb1r/1p2pppp/p2p1n2/6B1/3NP3/2N5/PPP2PPP/R2QKB1R b KQkq	1. e4 c5 2. Nf3 d6 3. d4 cxd4 4. Nxd4 Nf6 5. Nc3 a6 6. Bg5
B94	Sicilian Defense: Najdorf Variation, Ivkov Variation	23	r3kb1r/1b3ppp/p2ppn2/qpn1P1B1/3N4/1BN5/PPPQ1PPP/2KRR3 b kq	1. e4 c5 2. Nf3 d6 3. d4 cxd4 4. Nxd4 Nf6 5. Nc3 a6 6. Bg5 Nbd7 7. Bc4 Qa5 8. Qd2 e6 9. O-O-O b5 10. Bb3 Bb7 11. Rhe1 Nc5 12. e5
B95	Sicilian Defense: Najdorf Variation	12	rnbqkb1r/1p3ppp/p2ppn2/6B1/3NP3/2N5/PPP2PPP/R2QKB1R w KQkq	1. e4 c5 2. Nf3 d6 3. d4 cxd4 4. Nxd4 Nf6 5. Nc3 a6 6. Bg5 e6
B96	Sicilian Defense: Najdorf Variation	13	rnbqkb1r/1p3ppp/p2ppn2/6B1/3NPP2/2N5/PPP3PP/R2QKB1R b KQkq	1. e4 c5 2. Nf3 d6 3. d4 cxd4 4. Nxd4 Nf6 5. Nc3 a6 6. Bg5 e6 7. f4
B96	Sicilian Defense: Najdorf Variation, Neo-Classical Defense	14	r1bqkb1r/1p3ppp/p1nppn2/6B1/3NPP2/2N5/PPP3PP/R2QKB1R w KQkq	1. e4 c5 2. Nf3 d6 3. d4 cxd4 4. Nxd4 Nf6 5. Nc3 a6 6. Bg5 e6 7. f4 Nc6
B96	Sicilian Defense: Najdorf Variation, Polugaevsky Variation	14	rnbqkb1r/5ppp/p2ppn2/1p4B1/3NPP2/2N5/PPP3PP/R2QKB1R w KQkq	1. e4 c5 2. Nf3 d6 3. d4 cxd4 4. Nxd4 Nf6 5. Nc3 a6 6. Bg5 e6 7. f4 b5
B96	Sicilian Defense: Najdorf Variation, Polugaevsky Variation, Simagin Line	19	rnb1kb1r/2q2ppp/p3pn2/1p2P1B1/3N4/2N5/PPP1Q1PP/R3KB1R b KQkq	1. e4 c5 2. Nf3 d6 3. d4 cxd4 4. Nxd4 Nf6 5. Nc3 a6 6. Bg5 e6 7. f4 b5 8. e5 dxe5 9. fxe5 Qc7 10. Qe2
B97	Sicilian Defense: Najdorf Variation, Poisoned Pawn Accepted	18	rnb1kb1r/1p3ppp/p2ppn2/6B1/3NPP2/q1N5/P1PQ2PP/1R2KB1R w Kkq	1. e4 c5 2. Nf3 d6 3. d4 cxd4 4. Nxd4 Nf6 5. Nc3 a6 6. Bg5 e6 7. f4 Qb6 8. Qd2 Qxb2 9. Rb1 Qa3
B97	Sicilian Defense: Najdorf Variation, Poisoned Pawn Variation	14	rnb1kb1r/1p3ppp/pq1ppn2/6B1/3NPP2/2N5/PPP3PP/R2QKB1R w KQkq	1. e4 c5 2. Nf3 d6 3. d4 cxd4 4. Nxd4 Nf6 5. Nc3 a6 6. Bg5 e6 7. f4 Qb6
B98	Sicilian Defense: Najdorf Variation	14	rnbqk2r/1p2bppp/p2ppn2/6B1/3NPP2/2N5/PPP3PP/R2QKB1R w KQkq	1. e4 c5 2. Nf3 d6 3. d4 cxd4 4. Nxd4 Nf6 5. Nc3 a6 6. Bg5 e6 7. f4 Be7
B98	Sicilian Defense: Najdorf Variation, Browne Variation	18	rnb1k2r/1pq1bpp1/p2ppn1p/8/3NPP1B/2N2Q2/PPP3PP/R3KB1R w KQkq	1. e4 c5 2. Nf3 d6 3. d4 cxd4 4. Nxd4 Nf6 5. Nc3 a6 6. Bg5 e6 7. f4 Be7 8. Qf3 h6 9. Bh4 Qc7
B98	Sicilian Defense: Najdorf Variation, Goteborg Variation	18	rnbqk2r/1p2bp2/p2ppn1p/6p1/3NPP1B/2N2Q2/PPP3PP/R3KB1R w KQkq	1. e4 c5 2. Nf3 d6 3. d4 cxd4 4. Nxd4 Nf6 5. Nc3 a6 6. Bg5 e6 7. f4 Be7 8. Qf3 h6 9. Bh4 g5
B98	Sicilian Defense: Najdorf Variation, Traditional Line	16	rnb1k2r/1pq1bppp/p2ppn2/6B1/3NPP2/2N2Q2/PPP3PP/R3KB1R w KQkq	1. e4 c5 2. Nf3 d6 3. d4 cxd4 4. Nxd4 Nf6 5. Nc3 a6 6. Bg5 e6 7. f4 Be7 8. Qf3 Qc7
B99	Sicilian Defense: Najdorf Variation, Main Line	18	r1b1k2r/1pqnbppp/p2ppn2/6B1/3NPP2/2N2Q2/PPP3PP/2KR1B1R w kq	1. e4 c5 2. Nf3 d6 3. d4 cxd4 4. Nxd4 Nf6 5. Nc3 a6 6. Bg5 e6 7. f4 Be7 8. Qf3 Qc7 9. O-O-O Nbd7
C00	French Defense	2	rnbqkbnr/pppp1ppp/4p3/8/4P3/8/PPPP1PPP/RNBQKBNR w KQkq	1. e4 e6
C00	French Defense	4	rnbqkbnr/ppp2ppp/4p3/3p4/3PP3/8/PPP2PPP/RNBQKBNR w KQkq	1. e4 e6 2. d4 d5
C00	French Defense: Alapin Gambit	5	rnbqkbnr/ppp2ppp/4p3/3p4/3PP3/4B3/PPP2PPP/RN1QKBNR b KQkq	1. e4 e6 2. d4 d5 3. Be3
C00	French Defense: Baeuerle Gambit	4	rnbqkbnr/p1pp1ppp/4p3/1p6/3PP3/8/PPP2PPP/RNBQKBNR w KQkq	1. e4 e6 2. d4 b5
C00	French Defense: Banzai-Leong Gambit	3	rnbqkbnr/pppp1ppp/4p3/8/1P2P3/8/P1PP1PPP/RNBQKBNR b KQkq	1. e4 e6 2. b4
C00	French Defense: Banzai-Leong Gambit, Pinova Gambit	5	rnbqk1nr/pppp1ppp/4p3/4P3/1b6/8/P1PP1PPP/RNBQKBNR b KQkq	1. e4 e6 2. b4 Bxb4 3. e5
C00	French Defense: Bird Invitation	3	rnbqkbnr/pppp1ppp/4p3/1B6/4P3/8/PPPP1PPP/RNBQK1NR b KQkq	1. e4 e6 2. Bb5
C00	French Defense: Carlson Gambit	7	rnbqkbnr/ppp2ppp/4p3/4N3/3Pp3/8/PPP2PPP/RNBQKB1R b KQkq	1. e4 e6 2. d4 d5 3. Nf3 dxe4 4. Ne5
C00	French Defense: Chigorin Variation	3	rnbqkbnr/pppp1ppp/4p3/8/4P3/8/PPPPQPPP/RNB1KBNR b KQkq	1. e4 e6 2. Qe2
C00	French Defense: Diemer-Duhm Gambit	5	rnbqkbnr/ppp2ppp/4p3/3p4/2PPP3/8/PP3PPP/RNBQKBNR b KQkq	1. e4 e6 2. d4 d5 3. c4
C00	French Defense: Diemer-Duhm Gambit Accepted	6	rnbqkbnr/ppp2ppp/4p3/8/2PPp3/8/PP3PPP/RNBQKBNR w KQkq	1. e4 e6 2. d4 d5 3. c4 dxe4
C00	French Defense: Franco-Hiva Gambit	4	rnbqkbnr/pppp2pp/4p3/5p2/3PP3/8/PPP2PPP/RNBQKBNR w KQkq	1. e4 e6 2. d4 f5
C00	French Defense: Franco-Hiva Gambit Accepted	5	rnbqkbnr/pppp2pp/4p3/5P2/3P4/8/PPP2PPP/RNBQKBNR b KQkq	1. e4 e6 2. d4 f5 3. exf5
C00	French Defense: Franco-Sicilian Defense	4	rnbqkbnr/pp1p1ppp/4p3/2p5/3PP3/8/PPP2PPP/RNBQKBNR w KQkq	1. e4 e6 2. d4 c5
C00	French Defense: Hoffmann Gambit	8	rnbqkbnr/ppp2ppp/8/3p4/3PPp2/8/PPP1Q1PP/RNB1KBNR w KQkq	1. e4 e6 2. d4 d5 3. Qe2 e5 4. f4 exf4
C00	French Defense: Horwitz Attack	3	rnbqkbnr/pppp1ppp/4p3/8/4P3/1P6/P1PP1PPP/RNBQKBNR b KQkq	1. e4 e6 2. b3
C00	French Defense: Horwitz Attack, Papa-Ticulat Gambit	5	rnbqkbnr/ppp2ppp/4p3/3p4/4P3/1P6/PBPP1PPP/RN1QKBNR b KQkq	1. e4 e6 2. b3 d5 3. Bb2
C00	French Defense: King's Indian Attack	3	rnbqkbnr/pppp1ppp/4p3/8/4P3/3P4/PPP2PPP/RNBQKBNR b KQkq	1. e4 e6 2. d3
C00	French Defense: King's Indian Attack, Franco-Hiva Gambit	4	rnbqkbnr/pppp2pp/4p3/5p2/4P3/3P4/PPP2PPP/RNBQKBNR w KQkq	1. e4 e6 2. d3 f5
C00	French Defense: Knight Variation	3	rnbqkbnr/pppp1ppp/4p3/8/4P3/5N2/PPPP1PPP/RNBQKB1R b KQkq	1. e4 e6 2. Nf3
C00	French Defense: Knight Variation, Franco-Hiva Gambit	4	rnbqkbnr/pppp2pp/4p3/5p2/4P3/5N2/PPPP1PPP/RNBQKB1R w KQkq	1. e4 e6 2. Nf3 f5
C00	French Defense: La Bourdonnais Variation	3	rnbqkbnr/pppp1ppp/4p3/8/4PP2/8/PPPP2PP/RNBQKBNR b KQkq	1. e4 e6 2. f4
C00	French Defense: La Bourdonnais Variation, Reuter Gambit	6	rnbqkbnr/ppp2ppp/4p3/8/4pP2/5N2/PPPP2PP/RNBQKB1R w KQkq	1. e4 e6 2. f4 d5 3. Nf3 dxe4
C00	French Defense: Mediterranean Defense	4	rnbqkb1r/pppp1ppp/4pn2/8/3PP3/8/PPP2PPP/RNBQKBNR w KQkq	1. e4 e6 2. d4 Nf6
C00	French Defense: Morphy Gambit	5	rnbqkbnr/ppp2ppp/4p3/3p4/3PP3/7N/PPP2PPP/RNBQKB1R b KQkq	1. e4 e6 2. d4 d5 3. Nh3
C00	French Defense: Normal Variation	3	rnbqkbnr/pppp1ppp/4p3/8/3PP3/8/PPP2PPP/RNBQKBNR b KQkq	1. e4 e6 2. d4
C00	French Defense: Orthoschnapp Gambit	7	rnbqkbnr/ppp2ppp/8/3p4/4P3/1Q6/PP1P1PPP/RNB1KBNR b KQkq	1. e4 e6 2. c4 d5 3. cxd5 exd5 4. Qb3
C00	French Defense: Pelikan Variation	5	rnbqkbnr/ppp2ppp/4p3/3p4/4PP2/2N5/PPPP2PP/R1BQKBNR b KQkq	1. e4 e6 2. Nc3 d5 3. f4
C00	French Defense: Perseus Gambit	5	rnbqkbnr/ppp2ppp/4p3/3p4/3PP3/5N2/PPP2PPP/RNBQKB1R b KQkq	1. e4 e6 2. d4 d5 3. Nf3
C00	French Defense: Queen's Knight	3	rnbqkbnr/pppp1ppp/4p3/8/4P3/2N5/PPPP1PPP/R1BQKBNR b KQkq	1. e4 e6 2. Nc3
C00	French Defense: Reversed Philidor Formation	9	r1bqkb1r/ppp2ppp/2n1pn2/3p4/4P3/3P1N2/PPPNBPPP/R1BQK2R b KQkq	1. e4 e6 2. d3 d5 3. Nd2 Nf6 4. Ngf3 Nc6 5. Be2
C00	French Defense: Réti-Spielmann Attack	3	rnbqkbnr/pppp1ppp/4p3/8/4P3/6P1/PPPP1P1P/RNBQKBNR b KQkq	1. e4 e6 2. g3
C00	French Defense: Schlechter Variation	5	rnbqkbnr/ppp2ppp/4p3/3p4/3PP3/3B4/PPP2PPP/RNBQK1NR b KQkq	1. e4 e6 2. d4 d5 3. Bd3
C00	French Defense: St. George Defense	4	rnbqkbnr/1ppp1ppp/p3p3/8/3PP3/8/PPP2PPP/RNBQKBNR w KQkq	1. e4 e6 2. d4 a6
C00	French Defense: St. George Defense, Sanky-George Gambit	6	rnbqkbnr/2pp1ppp/p3p3/1p6/2PPP3/8/PP3PPP/RNBQKBNR w KQkq	1. e4 e6 2. d4 a6 3. c4 b5
C00	French Defense: St. George Defense, St. George Gambit	8	rnbqkbnr/2pp1ppp/4p3/1p6/3PP3/8/PP3PPP/RNBQKBNR w KQkq	1. e4 e6 2. d4 a6 3. c4 b5 4. cxb5 axb5
C00	French Defense: St. George Defense, Three Pawn Attack	5	rnbqkbnr/1ppp1ppp/p3p3/8/2PPP3/8/PP3PPP/RNBQKBNR b KQkq	1. e4 e6 2. d4 a6 3. c4
C00	French Defense: St. George Defense, Traditional Line	12	rn1qkb1r/1b1p1ppp/p3pn2/1pp5/3PP3/2PB1N2/PP3PPP/RNBQ1RK1 w kq	1. e4 e6 2. d4 a6 3. Nf3 b5 4. Bd3 c5 5. c3 Bb7 6. O-O Nf6
C00	French Defense: Steiner Variation	3	rnbqkbnr/pppp1ppp/4p3/8/2P1P3/8/PP1P1PPP/RNBQKBNR b KQkq	1. e4 e6 2. c4
C00	French Defense: Steinitz Attack	3	rnbqkbnr/pppp1ppp/4p3/4P3/8/8/PPPP1PPP/RNBQKBNR b KQkq	1. e4 e6 2. e5
C00	French Defense: Two Knights Variation	5	rnbqkbnr/ppp2ppp/4p3/3p4/4P3/2N2N2/PPPP1PPP/R1BQKB1R b KQkq	1. e4 e6 2. Nf3 d5 3. Nc3
C00	French Defense: Wing Gambit	7	rnbqkbnr/pp3ppp/4p3/2ppP3/1P6/5N2/P1PP1PPP/RNBQKB1R b KQkq	1. e4 e6 2. Nf3 d5 3. e5 c5 4. b4
C00	Rat Defense: Small Center Defense	4	rnbqkbnr/ppp2ppp/3pp3/8/3PP3/8/PPP2PPP/RNBQKBNR w KQkq	1. d4 e6 2. e4 d6
C01	French Defense: Exchange Variation	5	rnbqkbnr/ppp2ppp/4p3/3P4/3P4/8/PPP2PPP/RNBQKBNR b KQkq	1. e4 e6 2. d4 d5 3. exd5
C01	French Defense: Exchange Variation	7	rnbqkbnr/ppp2ppp/8/3p4/3P4/5N2/PPP2PPP/RNBQKB1R b KQkq	1. e4 e6 2. d4 d5 3. exd5 exd5 4. Nf3
C01	French Defense: Exchange Variation	7	rnbqkbnr/ppp2ppp/8/3p4/3P4/2N5/PPP2PPP/R1BQKBNR b KQkq	1. e4 e6 2. d4 d5 3. exd5 exd5 4. Nc3
C01	French Defense: Exchange Variation, Bogoljubow Variation	10	r1bqkb1r/ppp2ppp/2n2n2/3p2B1/3P4/2N5/PPP2PPP/R2QKBNR w KQkq	1. e4 e6 2. d4 d5 3. exd5 exd5 4. Nc3 Nf6 5. Bg5 Nc6
C01	French Defense: Exchange Variation, Monte Carlo Variation	7	rnbqkbnr/ppp2ppp/8/3p4/2PP4/8/PP3PPP/RNBQKBNR b KQkq	1. e4 e6 2. d4 d5 3. exd5 exd5 4. c4
C01	French Defense: Exchange Variation, Svenonius Variation	9	rnbqkb1r/ppp2ppp/5n2/3p2B1/3P4/2N5/PPP2PPP/R2QKBNR b KQkq	1. e4 e6 2. d4 d5 3. Nc3 Nf6 4. exd5 exd5 5. Bg5
C02	French Defense: Advance Variation	5	rnbqkbnr/ppp2ppp/4p3/3pP3/3P4/8/PPP2PPP/RNBQKBNR b KQkq	1. e4 e6 2. d4 d5 3. e5
C02	French Defense: Advance Variation	6	rnbqkbnr/pp3ppp/4p3/2ppP3/3P4/8/PPP2PPP/RNBQKBNR w KQkq	1. e4 e6 2. d4 d5 3. e5 c5
C02	French Defense: Advance Variation	7	rnbqkbnr/pp3ppp/4p3/2ppP3/3P4/2P5/PP3PPP/RNBQKBNR b KQkq	1. e4 e6 2. d4 d5 3. e5 c5 4. c3
C02	French Defense: Advance Variation	8	r1bqkbnr/pp3ppp/2n1p3/2ppP3/3P4/2P5/PP3PPP/RNBQKBNR w KQkq	1. e4 e6 2. d4 d5 3. e5 c5 4. c3 Nc6
C02	French Defense: Advance Variation, Euwe Variation	10	r2qkbnr/pp1b1ppp/2n1p3/2ppP3/3P4/2P2N2/PP3PPP/RNBQKB1R w KQkq	1. e4 e6 2. d4 d5 3. e5 c5 4. c3 Nc6 5. Nf3 Bd7
C02	French Defense: Advance Variation, Extended Bishop Swap	6	rn1qkbnr/pppb1ppp/4p3/3pP3/3P4/8/PPP2PPP/RNBQKBNR w KQkq	1. e4 e6 2. d4 d5 3. e5 Bd7
C02	French Defense: Advance Variation, Frenkel Gambit	7	rnbqkbnr/pp3ppp/4p3/2ppP3/1P1P4/8/P1P2PPP/RNBQKBNR b KQkq	1. e4 e6 2. d4 d5 3. e5 c5 4. b4
C02	French Defense: Advance Variation, Kupreichik Variation	9	r1bqkbnr/pp3ppp/2n1p3/2ppP3/3P4/2P1B3/PP3PPP/RN1QKBNR b KQkq	1. e4 e6 2. d4 d5 3. e5 c5 4. c3 Nc6 5. Be3
C02	French Defense: Advance Variation, Lputian Variation	12	r1b1kb1r/pp3ppp/1qn1p2n/2ppP3/3P4/P1P2N2/1P3PPP/RNBQKB1R w KQkq	1. e4 e6 2. d4 d5 3. e5 c5 4. c3 Nc6 5. Nf3 Qb6 6. a3 Nh6
C02	French Defense: Advance Variation, Main Line	11	r1b1kbnr/pp3ppp/1qn1p3/2ppP3/3P4/P1P2N2/1P3PPP/RNBQKB1R b KQkq	1. e4 e6 2. d4 d5 3. e5 c5 4. c3 Nc6 5. Nf3 Qb6 6. a3
C02	French Defense: Advance Variation, Milner-Barry Gambit	11	r1b1kbnr/pp3ppp/1qn1p3/2ppP3/3P4/2PB1N2/PP3PPP/RNBQK2R b KQkq	1. e4 e6 2. d4 d5 3. e5 c5 4. c3 Nc6 5. Nf3 Qb6 6. Bd3
C02	French Defense: Advance Variation, Milner-Barry Gambit, Hector Variation	13	r1b1kbnr/pp3ppp/1qn1p3/3pP3/3p4/2PB1N2/PP3PPP/RNBQ1RK1 b kq	1. e4 e6 2. d4 d5 3. e5 c5 4. c3 Nc6 5. Nf3 Qb6 6. Bd3 cxd4 7. O-O
C02	French Defense: Advance Variation, Milner-Barry Gambit, Hector Variation	15	r3kbnr/pp1b1ppp/1qn1p3/3pP3/3p4/2PB1N2/PP3PPP/RNBQR1K1 b kq	1. e4 e6 2. d4 d5 3. e5 c5 4. c3 Nc6 5. Nf3 Qb6 6. Bd3 cxd4 7. O-O Bd7 8. Re1
C02	French Defense: Advance Variation, Milner-Barry Gambit, Main Line	15	r3kbnr/pp1b1ppp/1qn1p3/3pP3/3P4/3B1N2/PP3PPP/RNBQ1RK1 b kq	1. e4 e6 2. d4 d5 3. e5 c5 4. c3 Nc6 5. Nf3 Qb6 6. Bd3 cxd4 7. cxd4 Bd7 8. O-O
C02	French Defense: Advance Variation, Milner-Barry Gambit, Sørensen Variation	17	r3kbnr/pp1b1ppp/1q2p3/3pP1N1/3n4/3B4/PP3PPP/RNBQ1RK1 b kq	1. e4 e6 2. d4 d5 3. e5 c5 4. c3 Nc6 5. Nf3 Qb6 6. Bd3 cxd4 7. cxd4 Bd7 8. O-O Nxd4 9. Ng5
C02	French Defense: Advance Variation, Nimzowitsch Attack	7	rnbqkbnr/pp3ppp/4p3/2ppP3/3P2Q1/8/PPP2PPP/RNB1KBNR b KQkq	1. e4 e6 2. d4 d5 3. e5 c5 4. Qg4
C02	French Defense: Advance Variation, Nimzowitsch Gambit	9	rnbqkbnr/pp3ppp/4p3/3pP3/3p2Q1/5N2/PPP2PPP/RNB1KB1R b KQkq	1. e4 e6 2. d4 d5 3. e5 c5 4. Qg4 cxd4 5. Nf3
C02	French Defense: Advance Variation, Nimzowitsch System	7	rnbqkbnr/pp3ppp/4p3/2ppP3/3P4/5N2/PPP2PPP/RNBQKB1R b KQkq	1. e4 e6 2. d4 d5 3. e5 c5 4. Nf3
C02	French Defense: Advance Variation, Paulsen Attack	9	r1bqkbnr/pp3ppp/2n1p3/2ppP3/3P4/2P2N2/PP3PPP/RNBQKB1R b KQkq	1. e4 e6 2. d4 d5 3. e5 c5 4. c3 Nc6 5. Nf3
C02	French Defense: Advance Variation, Ruisdonk Gambit	9	rnbqkbnr/pp3ppp/4p3/3pP3/3p4/3B1N2/PPP2PPP/RNBQK2R b KQkq	1. e4 e6 2. d4 d5 3. e5 c5 4. Nf3 cxd4 5. Bd3
C02	French Defense: Advance Variation, Steinitz Variation	7	rnbqkbnr/pp3ppp/4p3/2PpP3/8/8/PPP2PPP/RNBQKBNR b KQkq	1. e4 e6 2. d4 d5 3. e5 c5 4. dxc5
C02	French Defense: Advance Variation, Wade Variation	10	rn2kbnr/pp1b1ppp/1q2p3/2ppP3/3P4/2P2N2/PP3PPP/RNBQKB1R w KQkq	1. e4 e6 2. d4 d5 3. e5 c5 4. c3 Qb6 5. Nf3 Bd7
C03	French Defense: Tarrasch Variation	5	rnbqkbnr/ppp2ppp/4p3/3p4/3PP3/8/PPPN1PPP/R1BQKBNR b KQkq	1. e4 e6 2. d4 d5 3. Nd2
C03	French Defense: Tarrasch Variation, Guimard Defense	6	r1bqkbnr/ppp2ppp/2n1p3/3p4/3PP3/8/PPPN1PPP/R1BQKBNR w KQkq	1. e4 e6 2. d4 d5 3. Nd2 Nc6
C03	French Defense: Tarrasch Variation, Guimard Defense, Thunderbunny Variation	10	r1bqkbnr/ppp2ppp/2n5/4p3/3PN3/2P5/PP3PPP/R1BQKBNR w KQkq	1. e4 e6 2. d4 d5 3. Nd2 Nc6 4. c3 dxe4 5. Nxe4 e5
C03	French Defense: Tarrasch Variation, Haberditz Variation	6	rnbqkbnr/ppp3pp/4p3/3p1p2/3PP3/8/PPPN1PPP/R1BQKBNR w KQkq	1. e4 e6 2. d4 d5 3. Nd2 f5
C03	French Defense: Tarrasch Variation, Modern System	6	rnbqkbnr/1pp2ppp/p3p3/3p4/3PP3/8/PPPN1PPP/R1BQKBNR w KQkq	1. e4 e6 2. d4 d5 3. Nd2 a6
C03	French Defense: Tarrasch Variation, Morozevich Variation	6	rnbqk1nr/ppp1bppp/4p3/3p4/3PP3/8/PPPN1PPP/R1BQKBNR w KQkq	1. e4 e6 2. d4 d5 3. Nd2 Be7
C04	French Defense: Tarrasch Variation, Guimard Defense, Main Line	8	r1bqkb1r/ppp2ppp/2n1pn2/3p4/3PP3/5N2/PPPN1PPP/R1BQKB1R w KQkq	1. e4 e6 2. d4 d5 3. Nd2 Nc6 4. Ngf3 Nf6
C05	French Defense: Tarrasch Variation, Botvinnik Variation	12	rnbqkb1r/p2n1ppp/1p2p3/2ppP3/3P4/2PB4/PP1N1PPP/R1BQK1NR w KQkq	1. e4 e6 2. d4 d5 3. Nd2 Nf6 4. e5 Nfd7 5. Bd3 c5 6. c3 b6
C05	French Defense: Tarrasch Variation, Closed Variation	6	rnbqkb1r/ppp2ppp/4pn2/3p4/3PP3/8/PPPN1PPP/R1BQKBNR w KQkq	1. e4 e6 2. d4 d5 3. Nd2 Nf6
C05	French Defense: Tarrasch Variation, Closed Variation	12	r1bqkb1r/pp1n1ppp/2n1p3/2ppP3/3P4/2PB4/PP1N1PPP/R1BQK1NR w KQkq	1. e4 e6 2. d4 d5 3. Nd2 Nf6 4. e5 Nfd7 5. Bd3 c5 6. c3 Nc6
C05	French Defense: Tarrasch Variation, Pawn Center Variation	9	rnbqkb1r/pppn1ppp/4p3/3pP3/3P1P2/8/PPPN2PP/R1BQKBNR b KQkq	1. e4 e6 2. d4 d5 3. Nd2 Nf6 4. e5 Nfd7 5. f4
C06	French Defense: Tarrasch Variation, Closed Variation, Main Line	15	r1bqkb1r/pp1n1ppp/2n1p3/3pP3/3P4/3B4/PP1NNPPP/R1BQK2R b KQkq	1. e4 e6 2. d4 d5 3. Nd2 Nf6 4. e5 Nfd7 5. Bd3 c5 6. c3 Nc6 7. Ne2 cxd4 8. cxd4
C06	French Defense: Tarrasch Variation, Leningrad Variation	16	r1bqkb1r/pp3ppp/1nn1p3/3pP3/3P4/3B4/PP1NNPPP/R1BQK2R w KQkq	1. e4 e6 2. d4 d5 3. Nd2 Nf6 4. e5 Nfd7 5. Bd3 c5 6. c3 Nc6 7. Ne2 cxd4 8. cxd4 Nb6
C07	French Defense: Tarrasch Variation, Chistyakov Defense	8	rnb1kbnr/pp3ppp/4p3/2pq4/3P4/8/PPPN1PPP/R1BQKBNR w KQkq	1. e4 e6 2. d4 d5 3. Nd2 c5 4. exd5 Qxd5
C07	French Defense: Tarrasch Variation, Chistyakov Defense, Modern Line	20	r1b1kb1r/1p3ppp/p2qpn2/8/2BN4/8/PPP2PPP/R1BQ1RK1 w kq	1. e4 e6 2. d4 d5 3. Nd2 c5 4. exd5 Qxd5 5. Ngf3 cxd4 6. Bc4 Qd6 7. O-O Nf6 8. Nb3 Nc6 9. Nbxd4 Nxd4 10. Nxd4 a6
C07	French Defense: Tarrasch Variation, Eliskases Variation	12	rnbqkbnr/pp3ppp/4p3/8/2Bp4/5N2/PPPN1PPP/R1BQK2R w KQkq	1. e4 e6 2. d4 d5 3. Nd2 c5 4. exd5 Qxd5 5. Ngf3 cxd4 6. Bc4 Qd8
C07	French Defense: Tarrasch Variation, Open System	6	rnbqkbnr/pp3ppp/4p3/2pp4/3PP3/8/PPPN1PPP/R1BQKBNR w KQkq	1. e4 e6 2. d4 d5 3. Nd2 c5
C07	French Defense: Tarrasch Variation, Open System, Euwe-Keres Line	7	rnbqkbnr/pp3ppp/4p3/2pp4/3PP3/5N2/PPPN1PPP/R1BQKB1R b KQkq	1. e4 e6 2. d4 d5 3. Nd2 c5 4. Ngf3
C07	French Defense: Tarrasch Variation, Open System, Shaposhnikov Gambit	8	rnbqkb1r/pp3ppp/4pn2/2pP4/3P4/8/PPPN1PPP/R1BQKBNR w KQkq	1. e4 e6 2. d4 d5 3. Nd2 c5 4. exd5 Nf6
C07	French Defense: Tarrasch Variation, Open System, Süchting Line	7	rnbqkbnr/pp3ppp/4p3/2pp4/3PP3/2P5/PP1N1PPP/R1BQKBNR b KQkq	1. e4 e6 2. d4 d5 3. Nd2 c5 4. c3
C08	French Defense: Tarrasch Variation, Open System	8	rnbqkbnr/pp3ppp/8/2pp4/3P4/8/PPPN1PPP/R1BQKBNR w KQkq	1. e4 e6 2. d4 d5 3. Nd2 c5 4. exd5 exd5
C08	French Defense: Tarrasch Variation, Open System, Advance Line	10	rnbqkbnr/pp3ppp/8/3p4/2pP4/5N2/PPPN1PPP/R1BQKB1R w KQkq	1. e4 e6 2. d4 d5 3. Nd2 c5 4. exd5 exd5 5. Ngf3 c4
C09	French Defense: Tarrasch Variation, Open System, Main Line	10	r1bqkbnr/pp3ppp/2n5/2pp4/3P4/5N2/PPPN1PPP/R1BQKB1R w KQkq	1. e4 e6 2. d4 d5 3. Nd2 c5 4. exd5 exd5 5. Ngf3 Nc6
C09	French Defense: Tarrasch Variation, Open System, Main Line	17	r1bqk2r/pp2nppp/2n5/1Bbp4/8/2P2N2/PP1N1PPP/R1BQ1RK1 b kq	1. e4 e6 2. d4 d5 3. Nd2 c5 4. exd5 exd5 5. Ngf3 Nc6 6. Bb5 Bd6 7. dxc5 Bxc5 8. O-O Ne7 9. c3
C10	French Defense: Hecht-Reefschläger Variation	6	r1bqkbnr/ppp2ppp/2n1p3/3p4/3PP3/2N5/PPP2PPP/R1BQKBNR w KQkq	1. e4 e6 2. d4 d5 3. Nc3 Nc6
C10	French Defense: Marshall Gambit	6	rnbqkbnr/pp3ppp/4p3/2pp4/3PP3/2N5/PPP2PPP/R1BQKBNR w KQkq	1. e4 e6 2. d4 d5 3. Nc3 c5
C10	French Defense: Paulsen Variation	5	rnbqkbnr/ppp2ppp/4p3/3p4/3PP3/2N5/PPP2PPP/R1BQKBNR b KQkq	1. e4 e6 2. d4 d5 3. Nc3
C10	French Defense: Rubinstein Variation	6	rnbqkbnr/ppp2ppp/4p3/8/3Pp3/2N5/PPP2PPP/R1BQKBNR w KQkq	1. e4 e6 2. d4 d5 3. Nc3 dxe4
C10	French Defense: Rubinstein Variation, Blackburne Defense	8	r1bqkbnr/pppn1ppp/4p3/8/3PN3/8/PPP2PPP/R1BQKBNR w KQkq	1. e4 e6 2. d4 d5 3. Nc3 dxe4 4. Nxe4 Nd7
C10	French Defense: Rubinstein Variation, Capablanca Line	13	r1bqkb1r/ppp2ppp/4pn2/4N3/3P4/8/PPP2PPP/R1BQKB1R b KQkq	1. e4 e6 2. d4 d5 3. Nc3 dxe4 4. Nxe4 Nd7 5. Nf3 Ngf6 6. Nxf6+ Nxf6 7. Ne5
C10	French Defense: Rubinstein Variation, Ellis Gambit	8	rnbqkbnr/ppp2ppp/8/4p3/3PN3/8/PPP2PPP/R1BQKBNR w KQkq	1. e4 e6 2. d4 d5 3. Nc3 dxe4 4. Nxe4 e5
C10	French Defense: Rubinstein Variation, Fort Knox Variation	10	rn1qkbnr/ppp2ppp/2b1p3/8/3PN3/5N2/PPP2PPP/R1BQKB1R w KQkq	1. e4 e6 2. d4 d5 3. Nc3 dxe4 4. Nxe4 Bd7 5. Nf3 Bc6
C10	French Defense: Rubinstein Variation, Kasparov Attack	13	r1bqkb1r/ppp2ppp/4pn2/8/3P4/2P2N2/PP3PPP/R1BQKB1R b KQkq	1. e4 e6 2. d4 d5 3. Nd2 dxe4 4. Nxe4 Nd7 5. Nf3 Ngf6 6. Nxf6+ Nxf6 7. c3
C10	French Defense: Rubinstein Variation, Maric Variation	8	rnb1kbnr/ppp2ppp/4p3/3q4/3PN3/8/PPP2PPP/R1BQKBNR w KQkq	1. e4 e6 2. d4 d5 3. Nc3 dxe4 4. Nxe4 Qd5
C11	French Defense: Classical Variation	6	rnbqkb1r/ppp2ppp/4pn2/3p4/3PP3/2N5/PPP2PPP/R1BQKBNR w KQkq	1. e4 e6 2. d4 d5 3. Nc3 Nf6
C11	French Defense: Classical Variation, Delayed Exchange Variation	7	rnbqkb1r/ppp2ppp/4pn2/3P4/3P4/2N5/PPP2PPP/R1BQKBNR b KQkq	1. e4 e6 2. d4 d5 3. Nc3 Nf6 4. exd5
C11	French Defense: Classical Variation, Shirov-Anand Variation	9	rnbqkb1r/pppn1ppp/4p3/3pP3/3P4/8/PPP1NPPP/R1BQKBNR b KQkq	1. e4 e6 2. d4 d5 3. Nc3 Nf6 4. e5 Nfd7 5. Nce2
C11	French Defense: Classical Variation, Steinitz Variation	7	rnbqkb1r/ppp2ppp/4pn2/3pP3/3P4/2N5/PPP2PPP/R1BQKBNR b KQkq	1. e4 e6 2. d4 d5 3. Nc3 Nf6 4. e5
C11	French Defense: Classical Variation, Swiss Variation	7	rnbqkb1r/ppp2ppp/4pn2/3p4/3PP3/2NB4/PPP2PPP/R1BQK1NR b KQkq	1. e4 e6 2. d4 d5 3. Nc3 Nf6 4. Bd3
C11	French Defense: Henneberger Variation	7	rnbqkb1r/ppp2ppp/4pn2/3p4/3PP3/2N1B3/PPP2PPP/R2QKBNR b KQkq	1. e4 e6 2. d4 d5 3. Nc3 Nf6 4. Be3
C11	French Defense: Steinitz Variation	10	rnbqkb1r/1ppn1ppp/p3p3/3pP3/3P4/2N2N2/PPP2PPP/R1BQKB1R w KQkq	1. e4 e6 2. d4 d5 3. Nc3 a6 4. Nf3 Nf6 5. e5 Nfd7
C11	French Defense: Steinitz Variation	11	rnbqkb1r/1ppn1ppp/p3p3/3pP3/3P4/P1N2N2/1PP2PPP/R1BQKB1R b KQkq	1. e4 e6 2. d4 d5 3. Nc3 a6 4. Nf3 Nf6 5. e5 Nfd7 6. a3
C11	French Defense: Steinitz Variation	11	rnbqkb1r/1ppn1ppp/p3p3/3pP3/3P4/5N2/PPP1NPPP/R1BQKB1R b KQkq	1. e4 e6 2. d4 d5 3. Nc3 a6 4. Nf3 Nf6 5. e5 Nfd7 6. Ne2
C11	French Defense: Steinitz Variation	12	r1bqkb1r/pp1n1ppp/2n1p3/2PpP3/5P2/2N5/PPP3PP/R1BQKBNR w KQkq	1. e4 e6 2. d4 d5 3. Nc3 Nf6 4. e5 Nfd7 5. f4 c5 6. dxc5 Nc6
C11	French Defense: Steinitz Variation	11	rnbqkb1r/pp1n1ppp/4p3/2ppP3/3P1P2/2N2N2/PPP3PP/R1BQKB1R b KQkq	1. e4 e6 2. d4 d5 3. Nc3 Nf6 4. e5 Nfd7 5. f4 c5 6. Nf3
C11	French Defense: Steinitz Variation, Boleslavsky Variation	13	r1bqkb1r/pp1n1ppp/2n1p3/2ppP3/3P1P2/2N1BN2/PPP3PP/R2QKB1R b KQkq	1. e4 e6 2. d4 d5 3. Nc3 Nf6 4. e5 Nfd7 5. f4 c5 6. Nf3 Nc6 7. Be3
C11	French Defense: Steinitz Variation, Bradford Attack Variation	13	rnbqk2r/pp1n1ppp/4p3/2bpP3/5PQ1/2N5/PPP3PP/R1B1KBNR b KQkq	1. e4 e6 2. d4 d5 3. Nc3 Nf6 4. e5 Nfd7 5. f4 c5 6. dxc5 Bxc5 7. Qg4
C11	French Defense: Steinitz Variation, Brodsky-Jones Variation	18	r1bq1rk1/pp1n2pp/2n1pp2/2bpP3/5PQ1/P1N2N2/1PP3PP/R1B1KB1R w KQ	1. e4 e6 2. d4 d5 3. Nc3 Nf6 4. e5 Nfd7 5. f4 c5 6. dxc5 Nc6 7. a3 Bxc5 8. Qg4 O-O 9. Nf3 f6
C11	French Defense: Steinitz Variation, Gledhill Attack	9	rnbqkb1r/pppn1ppp/4p3/3pP3/3P2Q1/2N5/PPP2PPP/R1B1KBNR b KQkq	1. e4 e6 2. d4 d5 3. Nc3 Nf6 4. e5 Nfd7 5. Qg4
C12	French Defense, Classical, 4. Bg5	7	rnbqkb1r/ppp2ppp/4pn2/3p2B1/3PP3/2N5/PPP2PPP/R2QKBNR b KQkq	1. e4 e6 2. d4 d5 3. Nc3 Nf6 4. Bg5
C12	French Defense: McCutcheon Variation	8	rnbqk2r/ppp2ppp/4pn2/3p2B1/1b1PP3/2N5/PPP2PPP/R2QKBNR w KQkq	1. e4 e6 2. d4 d5 3. Nc3 Nf6 4. Bg5 Bb4
C12	French Defense: McCutcheon Variation, Advance Variation	9	rnbqk2r/ppp2ppp/4pn2/3pP1B1/1b1P4/2N5/PPP2PPP/R2QKBNR b KQkq	1. e4 e6 2. d4 d5 3. Nc3 Nf6 4. Bg5 Bb4 5. e5
C12	French Defense: McCutcheon Variation, Bernstein Variation	11	rnbqk2r/ppp2pp1/4pn1p/3pP3/1b1P3B/2N5/PPP2PPP/R2QKBNR b KQkq	1. e4 e6 2. d4 d5 3. Nc3 Nf6 4. Bg5 Bb4 5. e5 h6 6. Bh4
C12	French Defense: McCutcheon Variation, Bogoljubow Variation	14	rnb1k2r/ppp2p1p/4pp2/q7/1b1P4/2N5/PPPQ1PPP/R3KBNR w KQkq	1. e4 e6 2. d4 d5 3. Nc3 Nf6 4. Bg5 Bb4 5. exd5 Qxd5 6. Bxf6 gxf6 7. Qd2 Qa5
C12	French Defense: McCutcheon Variation, Chigorin Variation	11	rnbqk2r/ppp2pp1/4pP1p/3p2B1/1b1P4/2N5/PPP2PPP/R2QKBNR b KQkq	1. e4 e6 2. d4 d5 3. Nc3 Nf6 4. Bg5 Bb4 5. e5 h6 6. exf6
C12	French Defense: McCutcheon Variation, Dr. Olland Variation	11	rnbqk2r/ppp2pp1/4pn1p/3pP3/1b1P4/2N5/PPP2PPP/R1BQKBNR b KQkq	1. e4 e6 2. d4 d5 3. Nc3 Nf6 4. Bg5 Bb4 5. e5 h6 6. Bc1
C12	French Defense: McCutcheon Variation, Duras Variation	17	rnbq1k1r/ppp2pp1/4p2p/3pP3/3Pn1Q1/2P5/P1P2PPP/R1B1KBNR b KQ	1. e4 e6 2. Nc3 d5 3. d4 Nf6 4. Bg5 Bb4 5. e5 h6 6. Bd2 Bxc3 7. bxc3 Ne4 8. Qg4 Kf8 9. Bc1
C12	French Defense: McCutcheon Variation, Exchange Variation	9	rnbqk2r/ppp2ppp/4pn2/3P2B1/1b1P4/2N5/PPP2PPP/R2QKBNR b KQkq	1. e4 e6 2. d4 d5 3. Nc3 Nf6 4. Bg5 Bb4 5. exd5
C12	French Defense: McCutcheon Variation, Grigoriev Variation	17	rnbqk1r1/ppp2pP1/4p3/3p4/1b1P2Qp/2N5/PPP2PP1/R3KBNR b KQq	1. e4 e6 2. d4 d5 3. Nc3 Nf6 4. Bg5 Bb4 5. e5 h6 6. exf6 hxg5 7. fxg7 Rg8 8. h4 gxh4 9. Qg4
C12	French Defense: McCutcheon Variation, Janowski Variation	11	rnbqk2r/ppp2pp1/4pn1p/3pP3/1b1P4/2N1B3/PPP2PPP/R2QKBNR b KQkq	1. e4 e6 2. d4 d5 3. Nc3 Nf6 4. Bg5 Bb4 5. e5 h6 6. Be3
C12	French Defense: McCutcheon Variation, Lasker Variation	12	rnbqk2r/ppp2pp1/4pn1p/3pP3/3P4/2b5/PPPB1PPP/R2QKBNR w KQkq	1. e4 e6 2. d4 d5 3. Nc3 Nf6 4. Bg5 Bb4 5. e5 h6 6. Bd2 Bxc3
C12	French Defense: McCutcheon Variation, Lasker Variation	16	rnbqk2r/ppp2p2/4p1pp/3pP3/3Pn1Q1/2P5/P1PB1PPP/R3KBNR w KQkq	1. e4 e6 2. d4 d5 3. Nc3 Nf6 4. Bg5 Bb4 5. e5 h6 6. Bd2 Bxc3 7. bxc3 Ne4 8. Qg4 g6
C12	French Defense: McCutcheon Variation, Tartakower Variation	12	rnbqk2r/pppn1pp1/4p2p/3pP3/1b1P4/2N5/PPPB1PPP/R2QKBNR w KQkq	1. e4 e6 2. d4 d5 3. Nc3 Nf6 4. Bg5 Bb4 5. e5 h6 6. Bd2 Nfd7
C13	French Defense: Alekhine-Chatard Attack	11	rnbqk2r/pppnbppp/4p3/3pP1B1/3P3P/2N5/PPP2PP1/R2QKBNR b KQkq	1. e4 e6 2. d4 d5 3. Nc3 Nf6 4. Bg5 Be7 5. e5 Nfd7 6. h4
C13	French Defense: Alekhine-Chatard Attack, Albin-Chatard Gambit	14	rnb1k2r/pppn1ppp/4p3/3pP1q1/3P4/2N5/PPP2PP1/R2QKBNR w KQkq	1. e4 e6 2. d4 d5 3. Nc3 Nf6 4. Bg5 Be7 5. e5 Nfd7 6. h4 Bxg5 7. hxg5 Qxg5
C13	French Defense: Alekhine-Chatard Attack, Breyer Variation	12	rnbqk2r/pp1nbppp/4p3/2ppP1B1/3P3P/2N5/PPP2PP1/R2QKBNR w KQkq	1. e4 e6 2. d4 d5 3. Nc3 Nf6 4. Bg5 Be7 5. e5 Nfd7 6. h4 c5
C13	French Defense: Alekhine-Chatard Attack, Maróczy Variation	12	rnbqk2r/1ppnbppp/p3p3/3pP1B1/3P3P/2N5/PPP2PP1/R2QKBNR w KQkq	1. e4 e6 2. d4 d5 3. Nc3 Nf6 4. Bg5 Be7 5. e5 Nfd7 6. h4 a6
C13	French Defense: Alekhine-Chatard Attack, Spielmann Variation	12	rnbq1rk1/pppnbppp/4p3/3pP1B1/3P3P/2N5/PPP2PP1/R2QKBNR w KQ	1. e4 e6 2. d4 d5 3. Nc3 Nf6 4. Bg5 Be7 5. e5 Nfd7 6. h4 O-O
C13	French Defense: Alekhine-Chatard Attack, Teichmann Variation	12	rnbqk2r/pppnb1pp/4pp2/3pP1B1/3P3P/2N5/PPP2PP1/R2QKBNR w KQkq	1. e4 e6 2. d4 d5 3. Nc3 Nf6 4. Bg5 Be7 5. e5 Nfd7 6. h4 f6
C13	French Defense: Classical Variation	10	rnbqk2r/ppp1bppp/4pn2/6B1/3PN3/8/PPP2PPP/R2QKBNR w KQkq	1. e4 e6 2. d4 d5 3. Nc3 Nf6 4. Bg5 dxe4 5. Nxe4 Be7
C13	French Defense: Classical Variation, Burn Variation	8	rnbqkb1r/ppp2ppp/4pn2/6B1/3Pp3/2N5/PPP2PPP/R2QKBNR w KQkq	1. e4 e6 2. d4 d5 3. Nc3 Nf6 4. Bg5 dxe4
C13	French Defense: Classical Variation, Burn Variation, Main Line	14	rnbq1rk1/ppp2ppp/4pb2/8/3PN3/5N2/PPP2PPP/R2QKB1R w KQ	1. e4 e6 2. d4 d5 3. Nc3 Nf6 4. Bg5 dxe4 5. Nxe4 Be7 6. Bxf6 Bxf6 7. Nf3 O-O
C13	French Defense: Classical Variation, Burn Variation, Morozevich Line	12	rnbqk2r/ppp1bp1p/4pp2/8/3PN3/8/PPP2PPP/R2QKBNR w KQkq	1. e4 e6 2. d4 d5 3. Nc3 Nf6 4. Bg5 dxe4 5. Nxe4 Be7 6. Bxf6 gxf6
C13	French Defense: Classical Variation, Frankfurt Variation	12	rnbqk1nr/p1p1bppp/1p2p3/3pP3/3P4/2N1B3/PPP2PPP/R2QKBNR w KQkq	1. e4 e6 2. d4 d5 3. Nc3 Nf6 4. Bg5 Be7 5. e5 Ng8 6. Be3 b6
C13	French Defense: Classical Variation, Normal Variation	8	rnbqk2r/ppp1bppp/4pn2/3p2B1/3PP3/2N5/PPP2PPP/R2QKBNR w KQkq	1. e4 e6 2. d4 d5 3. Nc3 Nf6 4. Bg5 Be7
C13	French Defense: Classical Variation, Richter Attack	9	rnbqk2r/ppp1bppp/4pB2/3p4/3PP3/2N5/PPP2PPP/R2QKBNR b KQkq	1. e4 e6 2. d4 d5 3. Nc3 Nf6 4. Bg5 Be7 5. Bxf6
C13	French Defense: Classical Variation, Richter Attack	13	rnbqk2r/ppp1bppp/4p3/3pP3/3P2Q1/2N5/PPP2PPP/R3KBNR b KQkq	1. e4 e6 2. d4 d5 3. Nc3 Nf6 4. Bg5 Be7 5. Bxf6 Bxf6 6. e5 Be7 7. Qg4
C13	French Defense: Classical Variation, Tartakower Variation	10	rnbqk2r/ppp1bppp/4p3/3pP1B1/3Pn3/2N5/PPP2PPP/R2QKBNR w KQkq	1. e4 e6 2. d4 d5 3. Nc3 Nf6 4. Bg5 Be7 5. e5 Ne4
C13	French Defense: Classical Variation, Vistaneckis Variation	10	rnbqk1nr/ppp1bppp/4p3/3pP1B1/3P4/2N5/PPP2PPP/R2QKBNR w KQkq	1. e4 e6 2. d4 d5 3. Nc3 Nf6 4. Bg5 Be7 5. e5 Ng8
C14	French Defense: Classical Variation	11	rnbqkb1r/1ppn1ppp/p3p3/3pP1B1/3P4/2N2N2/PPP2PPP/R2QKB1R b KQkq	1. e4 e6 2. d4 d5 3. Nc3 a6 4. Nf3 Nf6 5. e5 Nfd7 6. Bg5
C14	French Defense: Classical Variation	12	rnb1k2r/pppnqppp/4p3/3pP3/3P4/2N5/PPP2PPP/R2QKBNR w KQkq	1. e4 e6 2. d4 d5 3. Nc3 Nf6 4. Bg5 Be7 5. e5 Nfd7 6. Bxe7 Qxe7
C14	French Defense: Classical Variation, Alapin Variation	13	rnb1k2r/pppnqppp/4p3/1N1pP3/3P4/8/PPP2PPP/R2QKBNR b KQkq	1. e4 e6 2. d4 d5 3. Nc3 Nf6 4. Bg5 Be7 5. e5 Nfd7 6. Bxe7 Qxe7 7. Nb5
C14	French Defense: Classical Variation, Pollock Variation	13	rnb1k2r/pppnqppp/4p3/3pP3/3P2Q1/2N5/PPP2PPP/R3KBNR b KQkq	1. e4 e6 2. d4 d5 3. Nc3 Nf6 4. Bg5 Be7 5. e5 Nfd7 6. Bxe7 Qxe7 7. Qg4
C14	French Defense: Classical Variation, Rubinstein Variation	13	rnb1k2r/pppnqppp/4p3/3pP3/3P4/2N5/PPPQ1PPP/R3KBNR b KQkq	1. e4 e6 2. d4 d5 3. Nc3 Nf6 4. Bg5 Be7 5. e5 Nfd7 6. Bxe7 Qxe7 7. Qd2
C14	French Defense: Classical Variation, Stahlberg Variation	20	r1b2rk1/pp1nqppp/2n1p3/3pP3/2pP1P2/2N2N2/PPPQ2PP/2KR1B1R w -	1. e4 e6 2. d4 d5 3. Nc3 Nf6 4. Bg5 Be7 5. e5 Nfd7 6. Bxe7 Qxe7 7. f4 O-O 8. Nf3 c5 9. Qd2 Nc6 10. O-O-O c4
C14	French Defense: Classical Variation, Steinitz Variation	13	rnb1k2r/pppnqppp/4p3/3pP3/3P1P2/2N5/PPP3PP/R2QKBNR b KQkq	1. e4 e6 2. d4 d5 3. Nc3 Nf6 4. Bg5 Be7 5. e5 Nfd7 6. Bxe7 Qxe7 7. f4
C14	French Defense: Classical Variation, Tarrasch Variation	13	rnb1k2r/pppnqppp/4p3/3pP3/3P4/2NB4/PPP2PPP/R2QK1NR b KQkq	1. e4 e6 2. d4 d5 3. Nc3 Nf6 4. Bg5 Be7 5. e5 Nfd7 6. Bxe7 Qxe7 7. Bd3
C15	French Defense: McCutcheon Variation, Wolf Gambit	9	rnbqk2r/ppp2ppp/4pn2/3p2B1/1b1PP3/2N5/PPP1NPPP/R2QKB1R b KQkq	1. e4 e6 2. d4 d5 3. Nc3 Bb4 4. Ne2 Nf6 5. Bg5
C15	French Defense: Winawer Variation	6	rnbqk1nr/ppp2ppp/4p3/3p4/1b1PP3/2N5/PPP2PPP/R1BQKBNR w KQkq	1. e4 e6 2. d4 d5 3. Nc3 Bb4
C15	French Defense: Winawer Variation, Alekhine Gambit Accepted	10	rnbqk1nr/ppp2ppp/4p3/8/3Pp3/P1b5/1PP1NPPP/R1BQKB1R w KQkq	1. e4 e6 2. d4 d5 3. Nc3 Bb4 4. Ne2 dxe4 5. a3 Bxc3+
C15	French Defense: Winawer Variation, Alekhine Gambit, Alatortsev Variation	16	r1bq1rk1/ppp1bppp/2n1pn2/8/3PN3/P5N1/1PP1BPPP/R1BQK2R w KQ	1. e4 e6 2. d4 d5 3. Nc3 Bb4 4. Ne2 dxe4 5. a3 Be7 6. Nxe4 Nf6 7. N2g3 O-O 8. Be2 Nc6
C15	French Defense: Winawer Variation, Alekhine Gambit, Kan Variation	12	r1bqk1nr/ppp2ppp/2n1p3/8/3Pp3/P1N5/1PP2PPP/R1BQKB1R w KQkq	1. e4 e6 2. d4 d5 3. Nc3 Bb4 4. Ne2 dxe4 5. a3 Bxc3+ 6. Nxc3 Nc6
C15	French Defense: Winawer Variation, Alekhine-Maróczy Gambit	7	rnbqk1nr/ppp2ppp/4p3/3p4/1b1PP3/2N5/PPP1NPPP/R1BQKB1R b KQkq	1. e4 e6 2. d4 d5 3. Nc3 Bb4 4. Ne2
C15	French Defense: Winawer Variation, Delayed Exchange Variation	7	rnbqk1nr/ppp2ppp/4p3/3P4/1b1P4/2N5/PPP2PPP/R1BQKBNR b KQkq	1. e4 e6 2. d4 d5 3. Nc3 Bb4 4. exd5
C15	French Defense: Winawer Variation, Exchange Variation, Canal Attack	11	rnbqk2r/ppp1nppp/8/3p3Q/1b1P4/2NB4/PPP2PPP/R1B1K1NR b KQkq	1. e4 e6 2. d4 d5 3. Nc3 Bb4 4. exd5 exd5 5. Bd3 Ne7 6. Qh5
C15	French Defense: Winawer Variation, Fingerslip Variation	7	rnbqk1nr/ppp2ppp/4p3/3p4/1b1PP3/2N5/PPPB1PPP/R2QKBNR b KQkq	1. e4 e6 2. d4 d5 3. Nc3 Bb4 4. Bd2
C15	French Defense: Winawer Variation, Fingerslip Variation, Kunin Double Gambit	10	rnb1k1nr/ppp2ppp/4p3/8/1b1qp1Q1/2N5/PPPB1PPP/R3KBNR w KQkq	1. e4 e6 2. d4 d5 3. Nc3 Bb4 4. Bd2 dxe4 5. Qg4 Qxd4
C15	French Defense: Winawer Variation, Fingerslip Variation, Main Line	13	rnbqk1r1/ppp2p1p/4pn1Q/8/1b1Pp3/2N5/PPPB1PPP/R3KBNR b KQq	1. e4 e6 2. d4 d5 3. Nc3 Bb4 4. Bd2 dxe4 5. Qg4 Nf6 6. Qxg7 Rg8 7. Qh6
C15	French Defense: Winawer Variation, Fingerslip Variation, Schwarz's Line	9	rnbqk2r/ppp1nppp/4p3/3p4/1b1PP3/8/PPPB1PPP/RN1QKBNR b KQkq	1. e4 e6 2. d4 d5 3. Nc3 Bb4 4. Bd2 Ne7 5. Nb1
C15	French Defense: Winawer Variation, Kondratiyev Variation	11	rnb1k1nr/pp3ppp/4p3/2pq4/1b1P4/2NB4/PPPB1PPP/R2QK1NR b KQkq	1. e4 e6 2. d4 d5 3. Nc3 Bb4 4. Bd3 c5 5. exd5 Qxd5 6. Bd2
C15	French Defense: Winawer Variation, Winckelmann-Reimer Gambit	11	rnbqk1nr/ppp2ppp/4p3/8/3Pp3/P1P2P2/2P3PP/R1BQKBNR b KQkq	1. e4 e6 2. d4 d5 3. Nc3 Bb4 4. a3 Bxc3+ 5. bxc3 dxe4 6. f3
C16	French Defense: Winawer Variation, Advance Variation	7	rnbqk1nr/ppp2ppp/4p3/3pP3/1b1P4/2N5/PPP2PPP/R1BQKBNR b KQkq	1. e4 e6 2. d4 d5 3. Nc3 Bb4 4. e5
C16	French Defense: Winawer Variation, Petrosian Variation	8	rnb1k1nr/pppq1ppp/4p3/3pP3/1b1P4/2N5/PPP2PPP/R1BQKBNR w KQkq	1. e4 e6 2. d4 d5 3. Nc3 Bb4 4. e5 Qd7
C17	French Defense: Winawer Variation, Advance Variation	8	rnbqk1nr/pp3ppp/4p3/2ppP3/1b1P4/2N5/PPP2PPP/R1BQKBNR w KQkq	1. e4 e6 2. d4 d5 3. Nc3 Bb4 4. e5 c5
C17	French Defense: Winawer Variation, Advance Variation	9	rnbqk1nr/pp3ppp/4p3/2ppP3/1b1P4/P1N5/1PP2PPP/R1BQKBNR b KQkq	1. e4 e6 2. d4 d5 3. Nc3 Bb4 4. e5 c5 5. a3
C17	French Defense: Winawer Variation, Advance Variation	13	rnbqk1nr/pp3ppp/4p3/3pP3/1P6/2p2N2/1PP2PPP/R1BQKB1R b KQkq	1. e4 e6 2. d4 d5 3. Nc3 Bb4 4. e5 c5 5. a3 cxd4 6. axb4 dxc3 7. Nf3
C17	French Defense: Winawer Variation, Advance Variation, Moscow Variation	9	rnbqk1nr/pp3ppp/4p3/2ppP3/1b1P2Q1/2N5/PPP2PPP/R1B1KBNR b KQkq	1. e4 e6 2. d4 d5 3. Nc3 Bb4 4. e5 c5 5. Qg4
C17	French Defense: Winawer Variation, Bogoljubow Variation	9	rnbqk1nr/pp3ppp/4p3/2ppP3/1b1P4/2N5/PPPB1PPP/R2QKBNR b KQkq	1. e4 e6 2. d4 d5 3. Nc3 Bb4 4. e5 c5 5. Bd2
C17	French Defense: Winawer Variation, Bogoljubow Variation, Icelandic Defense	11	rnbqk2r/pp2nppp/4p3/2ppP3/1b1P1P2/2N5/PPPB2PP/R2QKBNR b KQkq	1. e4 e6 2. d4 d5 3. Nc3 Bb4 4. e5 c5 5. Bd2 Ne7 6. f4
C17	French Defense: Winawer Variation, Maróczy-Wallis Variation	12	rnbqk1nr/pp3ppp/4p3/3pP3/1P6/2p5/1PP2PPP/R1BQKBNR w KQkq	1. e4 e6 2. d4 d5 3. Nc3 Bb4 4. e5 c5 5. a3 cxd4 6. axb4 dxc3
C17	French Defense: Winawer Variation, Retreat Variation	10	rnbqk1nr/pp3ppp/4p3/b1ppP3/3P4/P1N5/1PP2PPP/R1BQKBNR w KQkq	1. e4 e6 2. d4 d5 3. Nc3 Bb4 4. e5 c5 5. a3 Ba5
C17	French Defense: Winawer Variation, Retreat Variation, Armenian Line	12	rnbqk1nr/pp3ppp/4p3/b2pP3/1P1p4/P1N5/2P2PPP/R1BQKBNR w KQkq	1. e4 e6 2. d4 d5 3. Nc3 Bb4 4. e5 c5 5. a3 Ba5 6. b4 cxd4
C18	French Defense: Winawer Variation, Advance Variation	11	rnbqk1nr/pp3ppp/4p3/2ppP3/3P4/P1P5/2P2PPP/R1BQKBNR b KQkq	1. e4 e6 2. d4 d5 3. Nc3 Bb4 4. e5 c5 5. a3 Bxc3+ 6. bxc3
C18	French Defense: Winawer Variation, Advance Variation	12	rnbqk2r/pp2nppp/4p3/2ppP3/3P4/P1P5/2P2PPP/R1BQKBNR w KQkq	1. e4 e6 2. d4 d5 3. Nc3 Bb4 4. e5 c5 5. a3 Bxc3+ 6. bxc3 Ne7
C18	French Defense: Winawer Variation, Advance Variation, with Bd3	13	rnbqk2r/pp2nppp/4p3/2ppP3/3P4/P1PB4/2P2PPP/R1BQK1NR b KQkq	1. e4 e6 2. d4 d5 3. Nc3 Bb4 4. e5 c5 5. a3 Bxc3+ 6. bxc3 Ne7 7. Bd3
C18	French Defense: Winawer Variation, Advance Variation, with Bd3	14	rnb1k2r/ppq1nppp/4p3/2ppP3/3P4/P1PB4/2P2PPP/R1BQK1NR w KQkq	1. e4 e6 2. d4 d5 3. Nc3 Bb4 4. e5 c5 5. a3 Bxc3+ 6. bxc3 Ne7 7. Bd3 Qc7
C18	French Defense: Winawer Variation, Advance Variation, with h4	13	rnbqk2r/pp2nppp/4p3/2ppP3/3P3P/P1P5/2P2PP1/R1BQKBNR b KQkq	1. e4 e6 2. d4 d5 3. Nc3 Bb4 4. e5 c5 5. a3 Bxc3+ 6. bxc3 Ne7 7. h4
C18	French Defense: Winawer Variation, Advance Variation, with h4	14	rnb1k2r/ppq1nppp/4p3/2ppP3/3P3P/P1P5/2P2PP1/R1BQKBNR w KQkq	1. e4 e6 2. d4 d5 3. Nc3 Bb4 4. e5 c5 5. a3 Bxc3+ 6. bxc3 Ne7 7. h4 Qc7
C18	French Defense: Winawer Variation, Classical Variation	12	rnb1k1nr/ppq2ppp/4p3/2ppP3/3P4/P1P5/2P2PPP/R1BQKBNR w KQkq	1. e4 e6 2. d4 d5 3. Nc3 Bb4 4. e5 c5 5. a3 Bxc3+ 6. bxc3 Qc7
C18	French Defense: Winawer Variation, Eingorn Variation	14	rnbq1k1r/pp2nppp/4p3/2ppP3/3P2Q1/P1P5/2P2PPP/R1B1KBNR w KQ	1. e4 e6 2. d4 d5 3. Nc3 Bb4 4. e5 c5 5. a3 Bxc3+ 6. bxc3 Ne7 7. Qg4 Kf8
C18	French Defense: Winawer Variation, Poisoned Pawn Variation	14	rnb1k2r/ppq1nppp/4p3/2ppP3/3P2Q1/P1P5/2P2PPP/R1B1KBNR w KQkq	1. e4 e6 2. d4 d5 3. Nc3 Bb4 4. e5 c5 5. a3 Bxc3+ 6. bxc3 Ne7 7. Qg4 Qc7
C18	French Defense: Winawer Variation, Poisoned Pawn Variation	15	rnbqk2r/pp2npQp/4p3/3pP3/3p4/P1P5/2P2PPP/R1B1KBNR b KQkq	1. e4 e6 2. d4 d5 3. Nc3 Bb4 4. e5 c5 5. a3 Bxc3+ 6. bxc3 Ne7 7. Qg4 cxd4 8. Qxg7
C18	French Defense: Winawer Variation, Poisoned Pawn Variation	18	r1bqk1r1/pp2np1Q/2n1p3/3pP3/3p4/P1P5/2P2PPP/R1B1KBNR w KQq	1. e4 e6 2. d4 d5 3. Nc3 Bb4 4. e5 c5 5. a3 Bxc3+ 6. bxc3 Ne7 7. Qg4 cxd4 8. Qxg7 Rg8 9. Qxh7 Nbc6
C18	French Defense: Winawer Variation, Poisoned Pawn Variation Declined	15	rnb1k2r/ppq1nppp/4p3/2ppP3/3P2Q1/P1PB4/2P2PPP/R1B1K1NR b KQkq	1. e4 e6 2. d4 d5 3. Nc3 Bb4 4. e5 c5 5. a3 Bxc3+ 6. bxc3 Ne7 7. Qg4 Qc7 8. Bd3
C18	French Defense: Winawer Variation, Poisoned Pawn Variation, Main Line	19	rnb1k1r1/ppq1np1Q/4p3/3pP3/3p4/P1P5/2P1NPPP/R1B1KB1R b KQq	1. e4 e6 2. d4 d5 3. Nc3 Bb4 4. e5 c5 5. a3 Bxc3+ 6. bxc3 Ne7 7. Qg4 Qc7 8. Qxg7 Rg8 9. Qxh7 cxd4 10. Ne2
C18	French Defense: Winawer Variation, Poisoned Pawn Variation, Paoli Variation	19	rnb1k1r1/ppq1np1Q/4p3/3pP3/3p4/P1P5/2P2PPP/R1BK1BNR b q	1. e4 e6 2. d4 d5 3. Nc3 Bb4 4. e5 c5 5. a3 Bxc3+ 6. bxc3 Ne7 7. Qg4 Qc7 8. Qxg7 Rg8 9. Qxh7 cxd4 10. Kd1
C18	French Defense: Winawer Variation, Portisch-Hook Variation	12	rnb1k1nr/pp3ppp/4p3/q1ppP3/3P4/P1P5/2P2PPP/R1BQKBNR w KQkq	1. e4 e6 2. d4 d5 3. Nc3 Bb4 4. e5 c5 5. a3 Bxc3+ 6. bxc3 Qa5
C18	French Defense: Winawer Variation, Warsaw Variation	14	rnbq1rk1/pp2nppp/4p3/2ppP3/3P2Q1/P1P5/2P2PPP/R1B1KBNR w KQ	1. e4 e6 2. d4 d5 3. Nc3 Bb4 4. e5 c5 5. a3 Bxc3+ 6. bxc3 Ne7 7. Qg4 O-O
C19	French Defense: Winawer Variation, Advance Variation, Smyslov Variation	13	rnbqk2r/pp2nppp/4p3/2ppP3/P2P4/2P5/2P2PPP/R1BQKBNR b KQkq	1. e4 e6 2. d4 d5 3. Nc3 Bb4 4. e5 Ne7 5. a3 Bxc3+ 6. bxc3 c5 7. a4
C19	French Defense: Winawer Variation, Advance Variation, Smyslov Variation	14	rnb1k2r/ppq1nppp/4p3/2ppP3/P2P4/2P5/2P2PPP/R1BQKBNR w KQkq	1. e4 e6 2. d4 d5 3. Nc3 Bb4 4. e5 Ne7 5. a3 Bxc3+ 6. bxc3 c5 7. a4 Qc7
C19	French Defense: Winawer Variation, Positional Variation	15	r1bqk2r/pp2nppp/2n1p3/2ppP3/P2P4/2P2N2/2P2PPP/R1BQKB1R b KQkq	1. e4 e6 2. d4 d5 3. Nc3 Bb4 4. e5 c5 5. a3 Bxc3+ 6. bxc3 Ne7 7. a4 Nbc6 8. Nf3
C19	French Defense: Winawer Variation, Positional Variation	17	r1b1k2r/pp2nppp/2n1p3/q1ppP3/P2P4/2P2N2/2PQ1PPP/R1B1KB1R b KQkq	1. e4 e6 2. d4 d5 3. Nc3 Bb4 4. e5 c5 5. a3 Bxc3+ 6. bxc3 Ne7 7. a4 Nbc6 8. Nf3 Qa5 9. Qd2
C19	French Defense: Winawer Variation, Positional Variation	18	r3k2r/pp1bnppp/2n1p3/q1ppP3/P2P4/2P2N2/2PQ1PPP/R1B1KB1R w KQkq	1. e4 e6 2. d4 d5 3. Nc3 Bb4 4. e5 c5 5. a3 Bxc3+ 6. bxc3 Ne7 7. a4 Nbc6 8. Nf3 Qa5 9. Qd2 Bd7
C19	French Defense: Winawer Variation, Positional Variation	17	r1b1k2r/pp2nppp/2n1p3/q1ppP3/P2P4/2P2N2/2PB1PPP/R2QKB1R b KQkq	1. e4 e6 2. d4 d5 3. Nc3 Bb4 4. e5 c5 5. a3 Bxc3+ 6. bxc3 Ne7 7. a4 Nbc6 8. Nf3 Qa5 9. Bd2
C19	French Defense: Winawer Variation, Positional Variation	18	r3k2r/pp1bnppp/2n1p3/q1ppP3/P2P4/2P2N2/2PB1PPP/R2QKB1R w KQkq	1. e4 e6 2. d4 d5 3. Nc3 Bb4 4. e5 c5 5. a3 Bxc3+ 6. bxc3 Ne7 7. a4 Nbc6 8. Nf3 Qa5 9. Bd2 Bd7
C19	French Defense: Winawer Variation, Positional Variation	18	r1b1k2r/pp2nppp/2n1p3/q2pP3/P1pP4/2P2N2/2PB1PPP/R2QKB1R w KQkq	1. e4 e6 2. d4 d5 3. Nc3 Bb4 4. e5 c5 5. a3 Bxc3+ 6. bxc3 Ne7 7. a4 Nbc6 8. Nf3 Qa5 9. Bd2 c4
C19	French Defense: Winawer Variation, Positional Variation	13	rnbqk2r/pp2nppp/4p3/2ppP3/3P4/P1P2N2/2P2PPP/R1BQKB1R b KQkq	1. e4 e6 2. d4 d5 3. Nc3 Bb4 4. e5 c5 5. a3 Bxc3+ 6. bxc3 Ne7 7. Nf3
C19	French Defense: Winawer Variation, Positional Variation	14	r1bqk2r/pp2nppp/2n1p3/2ppP3/3P4/P1P2N2/2P2PPP/R1BQKB1R w KQkq	1. e4 e6 2. d4 d5 3. Nc3 Bb4 4. e5 c5 5. a3 Bxc3+ 6. bxc3 Nc6 7. Nf3 Nge7
C19	French Defense: Winawer Variation, Positional Variation	14	rnb1k2r/ppq1nppp/4p3/2ppP3/3P4/P1P2N2/2P2PPP/R1BQKB1R w KQkq	1. e4 e6 2. d4 d5 3. Nc3 Bb4 4. e5 c5 5. a3 Bxc3+ 6. bxc3 Ne7 7. Nf3 Qc7
C19	French Defense: Winawer Variation, Positional Variation	15	rnb1k2r/ppq1nppp/4p3/2ppP3/3P3P/P1P2N2/2P2PP1/R1BQKB1R b KQkq	1. e4 e6 2. d4 d5 3. Nc3 Bb4 4. e5 c5 5. a3 Bxc3+ 6. bxc3 Ne7 7. Nf3 Qc7 8. h4
C19	French Defense: Winawer Variation, Positional Variation	15	r1bqk2r/pp2nppp/2n1p3/2ppP3/3P4/P1PB1N2/2P2PPP/R1BQK2R b KQkq	1. e4 e6 2. d4 d5 3. Nc3 Bb4 4. e5 c5 5. a3 Bxc3+ 6. bxc3 Ne7 7. Bd3 Nbc6 8. Nf3
C19	French Defense: Winawer Variation, Positional Variation	16	r1b1k2r/pp2nppp/2n1p3/q1ppP3/3P4/P1P2N2/2PB1PPP/R2QKB1R w KQkq	1. e4 e6 2. d4 d5 3. Nc3 Bb4 4. e5 c5 5. a3 Bxc3+ 6. bxc3 Nc6 7. Nf3 Qa5 8. Bd2 Nge7
C20	Barnes Opening: Walkerling	5	rnbqkb1r/pppp1ppp/5n2/4p3/2B1P3/5P2/PPPP2PP/RNBQK1NR b KQkq	1. f3 e5 2. e4 Nf6 3. Bc4
C20	Bongcloud Attack	3	rnbqkbnr/pppp1ppp/8/4p3/4P3/8/PPPPKPPP/RNBQ1BNR b kq	1. e4 e5 2. Ke2
C20	Center Game	3	rnbqkbnr/pppp1ppp/8/4p3/3PP3/8/PPP2PPP/RNBQKBNR b KQkq	1. e4 e5 2. d4
C20	English Opening: The Whale	3	rnbqkbnr/pppp1ppp/8/4p3/2P1P3/8/PP1P1PPP/RNBQKBNR b KQkq	1. e4 e5 2. c4
C20	King's Pawn Game	2	rnbqkbnr/pppp1ppp/8/4p3/4P3/8/PPPP1PPP/RNBQKBNR w KQkq	1. e4 e5
C20	King's Pawn Game: Alapin Opening	3	rnbqkbnr/pppp1ppp/8/4p3/4P3/8/PPPPNPPP/RNBQKB1R b KQkq	1. e4 e5 2. Ne2
C20	King's Pawn Game: Bavarian Gambit	4	rnbqkbnr/ppp2ppp/8/3pp3/2P1P3/8/PP1P1PPP/RNBQKBNR w KQkq	1. e4 e5 2. c4 d5
C20	King's Pawn Game: Beyer Gambit	4	rnbqkbnr/ppp2ppp/8/3pp3/3PP3/8/PPP2PPP/RNBQKBNR w KQkq	1. e4 e5 2. d4 d5
C20	King's Pawn Game: Clam Variation, King's Gambit Reversed	4	rnbqkbnr/pppp2pp/8/4pp2/4P3/3P4/PPP2PPP/RNBQKBNR w KQkq	1. e4 e5 2. d3 f5
C20	King's Pawn Game: Clam Variation, Radisch Gambit	6	rnbqk2r/pppp1ppp/5n2/2b1p3/4PP2/3P4/PPP3PP/RNBQKBNR w KQkq	1. e4 e5 2. d3 Nf6 3. f4 Bc5
C20	King's Pawn Game: King's Head Opening	3	rnbqkbnr/pppp1ppp/8/4p3/4P3/5P2/PPPP2PP/RNBQKBNR b KQkq	1. e4 e5 2. f3
C20	King's Pawn Game: King's Head Opening	5	rnbqkb1r/pppp1ppp/5n2/4p3/4P3/2N2P2/PPPP2PP/R1BQKBNR b KQkq	1. e4 e5 2. f3 Nf6 3. Nc3
C20	King's Pawn Game: Leonardis Variation	3	rnbqkbnr/pppp1ppp/8/4p3/4P3/3P4/PPP2PPP/RNBQKBNR b KQkq	1. e4 e5 2. d3
C20	King's Pawn Game: MacLeod Attack	3	rnbqkbnr/pppp1ppp/8/4p3/4P3/2P5/PP1P1PPP/RNBQKBNR b KQkq	1. e4 e5 2. c3
C20	King's Pawn Game: MacLeod Attack, Lasa Gambit	4	rnbqkbnr/pppp2pp/8/4pp2/4P3/2P5/PP1P1PPP/RNBQKBNR w KQkq	1. e4 e5 2. c3 f5
C20	King's Pawn Game: MacLeod Attack, Norwalde Gambit	6	rnbqk1nr/ppp2ppp/3b4/3pp2Q/4P3/2P5/PP1P1PPP/RNB1KBNR w KQkq	1. e4 e5 2. c3 d5 3. Qh5 Bd6
C20	King's Pawn Game: Mengarini's Opening	3	rnbqkbnr/pppp1ppp/8/4p3/4P3/P7/1PPP1PPP/RNBQKBNR b KQkq	1. e4 e5 2. a3
C20	King's Pawn Game: Napoleon Attack	3	rnbqkbnr/pppp1ppp/8/4p3/4P3/5Q2/PPPP1PPP/RNB1KBNR b KQkq	1. e4 e5 2. Qf3
C20	King's Pawn Game: Philidor Gambit	6	rn1qkbnr/pppb1ppp/3p4/4P3/4P3/8/PPP2PPP/RNBQKBNR w KQkq	1. e4 e5 2. d4 d6 3. dxe5 Bd7
C20	King's Pawn Game: Tortoise Opening	3	rnbqkbnr/pppp1ppp/8/4p3/4P3/3B4/PPPP1PPP/RNBQK1NR b KQkq	1. e4 e5 2. Bd3
C20	King's Pawn Game: Wayward Queen Attack	3	rnbqkbnr/pppp1ppp/8/4p2Q/4P3/8/PPPP1PPP/RNB1KBNR b KQkq	1. e4 e5 2. Qh5
C20	King's Pawn Game: Wayward Queen Attack, Kiddie Countergambit	4	rnbqkb1r/pppp1ppp/5n2/4p2Q/4P3/8/PPPP1PPP/RNB1KBNR w KQkq	1. e4 e5 2. Qh5 Nf6
C20	King's Pawn Game: Wayward Queen Attack, Mellon Gambit	12	r1bqkb1r/ppp4p/2n2ppn/3pp3/2B1P3/3P1Q2/PPP1NPPP/RNB1K2R w KQkq	1. e4 e5 2. Qh5 Nc6 3. Bc4 Nh6 4. d3 g6 5. Qf3 f6 6. Ne2 d5
C20	King's Pawn Game: Weber Gambit	8	r1bqkbnr/pp3ppp/2n5/4p3/8/3P4/PPP2PPP/RNBQKBNR w KQkq	1. e4 e5 2. d3 d5 3. exd5 c6 4. dxc6 Nxc6
C20	King's Pawn Opening	3	rnbqkbnr/pppp1ppp/8/4p3/4P3/1P6/P1PP1PPP/RNBQKBNR b KQkq	1. e4 e5 2. b3
C20	King's Pawn Opening: Speers	5	rnbqkb1r/pppp1ppp/5n2/4pQ2/4P3/8/PPPP1PPP/RNB1KBNR b KQkq	1. e4 e5 2. Qg4 Nf6 3. Qf5
C20	King's Pawn Opening: Van Hooydoon Gambit	12	r1bqk2r/pppp1ppp/5n2/2b5/3nP3/5N2/PP2QPPP/RNB1KB1R w KQkq	1. e4 e5 2. Qe2 Nc6 3. c3 Nf6 4. Nf3 Bc5 5. d4 exd4 6. cxd4 Nxd4
C20	Portuguese Opening	3	rnbqkbnr/pppp1ppp/8/1B2p3/4P3/8/PPPP1PPP/RNBQK1NR b KQkq	1. e4 e5 2. Bb5
C20	Portuguese Opening: Miguel Gambit	5	rnbqk1nr/pppp1ppp/8/1Bb1p3/1P2P3/8/P1PP1PPP/RNBQK1NR b KQkq	1. e4 e5 2. Bb5 Bc5 3. b4
C20	Portuguese Opening: Portuguese Gambit	5	rnbqkb1r/pppp1ppp/5n2/1B2p3/3PP3/8/PPP2PPP/RNBQK1NR b KQkq	1. e4 e5 2. Bb5 Nf6 3. d4
C21	Center Game	5	rnbqkbnr/pppp1ppp/8/8/3QP3/8/PPP2PPP/RNB1KBNR b KQkq	1. e4 e5 2. d4 exd4 3. Qxd4
C21	Center Game Accepted	4	rnbqkbnr/pppp1ppp/8/8/3pP3/8/PPP2PPP/RNBQKBNR w KQkq	1. e4 e5 2. d4 exd4
C21	Center Game: Halasz-McDonnell Gambit	5	rnbqkbnr/pppp1ppp/8/8/3pPP2/8/PPP3PP/RNBQKBNR b KQkq	1. e4 e5 2. d4 exd4 3. f4
C21	Center Game: Halasz-McDonnell Gambit, Crocodile Variation	9	r1bqk1nr/pppp1ppp/2n5/2b5/3pPP2/2P2N2/PP4PP/RNBQKB1R b KQkq	1. e4 e5 2. d4 exd4 3. f4 Bc5 4. Nf3 Nc6 5. c3
C21	Center Game: Kieseritzky Variation	5	rnbqkbnr/pppp1ppp/8/8/3pP3/5N2/PPP2PPP/RNBQKB1R b KQkq	1. e4 e5 2. d4 exd4 3. Nf3
C21	Center Game: Kieseritzky Variation	6	rnbqkbnr/pp1p1ppp/8/2p5/3pP3/5N2/PPP2PPP/RNBQKB1R w KQkq	1. e4 e5 2. d4 exd4 3. Nf3 c5
C21	Center Game: Kieseritzky Variation	7	rnbqkbnr/pp1p1ppp/8/2p5/2BpP3/5N2/PPP2PPP/RNBQK2R b KQkq	1. e4 e5 2. d4 exd4 3. Nf3 c5 4. Bc4
C21	Center Game: Lanc-Arnold Gambit	7	rnbqk1nr/pppp1ppp/8/2b5/3pP3/2P2N2/PP3PPP/RNBQKB1R b KQkq	1. e4 e5 2. d4 exd4 3. Nf3 Bc5 4. c3
C21	Center Game: Lanc-Arnold Gambit, Schippler Gambit	9	rnbqk1nr/pppp1ppp/8/2b5/2B1P3/2p2N2/PP3PPP/RNBQK2R b KQkq	1. e4 e5 2. d4 exd4 3. Nf3 Bc5 4. c3 dxc3 5. Bc4
C21	Center Game: Ross Gambit	5	rnbqkbnr/pppp1ppp/8/8/3pP3/3B4/PPP2PPP/RNBQK1NR b KQkq	1. e4 e5 2. d4 exd4 3. Bd3
C21	Center Game: von der Lasa Gambit	5	rnbqkbnr/pppp1ppp/8/8/2BpP3/8/PPP2PPP/RNBQK1NR b KQkq	1. e4 e5 2. d4 exd4 3. Bc4
C21	Danish Gambit	5	rnbqkbnr/pppp1ppp/8/8/3pP3/2P5/PP3PPP/RNBQKBNR b KQkq	1. e4 e5 2. d4 exd4 3. c3
C21	Danish Gambit Accepted	6	rnbqkbnr/pppp1ppp/8/8/4P3/2p5/PP3PPP/RNBQKBNR w KQkq	1. e4 e5 2. d4 exd4 3. c3 dxc3
C21	Danish Gambit Accepted: Chigorin Defense	10	rnb1kbnr/ppppqppp/8/8/2B1P3/8/PB3PPP/RN1QK1NR w KQkq	1. e4 e5 2. d4 exd4 3. c3 dxc3 4. Bc4 cxb2 5. Bxb2 Qe7
C21	Danish Gambit Accepted: Classical Defense	10	rnbqkb1r/pppp1ppp/5n2/8/2B1P3/8/PB3PPP/RN1QK1NR w KQkq	1. e4 e5 2. d4 exd4 3. c3 dxc3 4. Bc4 cxb2 5. Bxb2 Nf6
C21	Danish Gambit Accepted: Copenhagen Defense	10	rnbqk1nr/pppp1ppp/8/8/1bB1P3/8/PB3PPP/RN1QK1NR w KQkq	1. e4 e5 2. d4 exd4 3. c3 dxc3 4. Bc4 cxb2 5. Bxb2 Bb4+
C21	Danish Gambit Accepted: Schlechter Defense	10	rnbqkbnr/ppp2ppp/8/3p4/2B1P3/8/PB3PPP/RN1QK1NR w KQkq	1. e4 e5 2. d4 exd4 3. c3 dxc3 4. Bc4 cxb2 5. Bxb2 d5
C21	Danish Gambit Accepted: Svenonius Defense	6	rnbqkb1r/ppppnppp/8/8/3pP3/2P5/PP3PPP/RNBQKBNR w KQkq	1. e4 e5 2. d4 exd4 3. c3 Ne7
C21	Danish Gambit Declined: Sörensen Defense	6	rnbqkbnr/ppp2ppp/8/3p4/3pP3/2P5/PP3PPP/RNBQKBNR w KQkq	1. e4 e5 2. d4 exd4 3. c3 d5
C22	Center Game: Berger Variation	8	r1bqkb1r/pppp1ppp/2n2n2/8/4P3/4Q3/PPP2PPP/RNB1KBNR w KQkq	1. e4 e5 2. d4 exd4 3. Qxd4 Nc6 4. Qe3 Nf6
C22	Center Game: Charousek Variation	10	r1bqk1nr/ppppbppp/2n5/8/4P3/2P1Q3/PP3PPP/RNB1KBNR w KQkq	1. e4 e5 2. d4 exd4 3. Qxd4 Nc6 4. Qe3 Bb4+ 5. c3 Be7
C22	Center Game: Hall Variation	7	r1bqkbnr/pppp1ppp/2n5/8/2Q1P3/8/PPP2PPP/RNB1KBNR b KQkq	1. e4 e5 2. d4 exd4 3. Qxd4 Nc6 4. Qc4
C22	Center Game: Kupreichik Variation	17	r1bqr1k1/ppp2ppp/2np1n2/8/1bB1P3/2N1Q2N/PPPB1PPP/2KR3R b -	1. e4 e5 2. d4 exd4 3. Qxd4 Nc6 4. Qe3 Nf6 5. Nc3 Bb4 6. Bd2 O-O 7. O-O-O Re8 8. Bc4 d6 9. Nh3
C22	Center Game: Normal Variation	6	r1bqkbnr/pppp1ppp/2n5/8/3QP3/8/PPP2PPP/RNB1KBNR w KQkq	1. e4 e5 2. d4 exd4 3. Qxd4 Nc6
C22	Center Game: Paulsen Attack Variation	7	r1bqkbnr/pppp1ppp/2n5/8/4P3/4Q3/PPP2PPP/RNB1KBNR b KQkq	1. e4 e5 2. d4 exd4 3. Qxd4 Nc6 4. Qe3
C22	Center Game: l'Hermet Variation	8	r1bqkbnr/pppp2pp/2n5/5p2/4P3/4Q3/PPP2PPP/RNB1KBNR w KQkq	1. e4 e5 2. d4 exd4 3. Qxd4 Nc6 4. Qe3 f5
C23	Bishop's Opening	3	rnbqkbnr/pppp1ppp/8/4p3/2B1P3/8/PPPP1PPP/RNBQK1NR b KQkq	1. e4 e5 2. Bc4
C23	Bishop's Opening: Anderssen Gambit	6	rnbqkbnr/p2p1ppp/2p5/1B2p3/4P3/8/PPPP1PPP/RNBQK1NR w KQkq	1. e4 e5 2. Bc4 b5 3. Bxb5 c6
C23	Bishop's Opening: Boi Variation	4	rnbqk1nr/pppp1ppp/8/2b1p3/2B1P3/8/PPPP1PPP/RNBQK1NR w KQkq	1. e4 e5 2. Bc4 Bc5
C23	Bishop's Opening: Calabrese Countergambit	4	rnbqkbnr/pppp2pp/8/4pp2/2B1P3/8/PPPP1PPP/RNBQK1NR w KQkq	1. e4 e5 2. Bc4 f5
C23	Bishop's Opening: Calabrese Countergambit, Jaenisch Variation	5	rnbqkbnr/pppp2pp/8/4pp2/2B1P3/3P4/PPP2PPP/RNBQK1NR b KQkq	1. e4 e5 2. Bc4 f5 3. d3
C23	Bishop's Opening: Four Pawns Gambit	17	rnbqk1nr/pppp1ppp/8/8/2BPP2b/5N2/P1P4p/RNBQ1R1K b kq	1. e4 e5 2. Bc4 Bc5 3. b4 Bxb4 4. f4 exf4 5. Nf3 Be7 6. d4 Bh4+ 7. g3 fxg3 8. O-O gxh2+ 9. Kh1
C23	Bishop's Opening: Khan Gambit	4	rnbqkbnr/ppp2ppp/8/3pp3/2B1P3/8/PPPP1PPP/RNBQK1NR w KQkq	1. e4 e5 2. Bc4 d5
C23	Bishop's Opening: Lewis Countergambit	6	rnbqk1nr/ppp2ppp/8/2bpp3/2B1P3/2P5/PP1P1PPP/RNBQK1NR w KQkq	1. e4 e5 2. Bc4 Bc5 3. c3 d5
C23	Bishop's Opening: Lewis Countergambit	8	rnbqk2r/ppp2ppp/5n2/2bBp3/4P3/2P5/PP1P1PPP/RNBQK1NR w KQkq	1. e4 e5 2. Bc4 Bc5 3. c3 d5 4. Bxd5 Nf6
C23	Bishop's Opening: Lewis Countergambit, Walker Variation	9	rnbqk2r/ppp2ppp/5n2/2bBp3/3PP3/2P5/PP3PPP/RNBQK1NR b KQkq	1. e4 e5 2. Bc4 Bc5 3. c3 d5 4. Bxd5 Nf6 5. d4
C23	Bishop's Opening: Lewis Gambit	5	rnbqk1nr/pppp1ppp/8/2b1p3/2BPP3/8/PPP2PPP/RNBQK1NR b KQkq	1. e4 e5 2. Bc4 Bc5 3. d4
C23	Bishop's Opening: Lisitsyn Variation	15	r2qkbnr/pp3ppp/8/3pn3/8/8/PPP1NPPP/RNBQK2R b KQkq	1. e4 e5 2. Bc4 c6 3. d4 d5 4. exd5 cxd5 5. Bb5+ Bd7 6. Bxd7+ Nxd7 7. dxe5 Nxe5 8. Ne2
C23	Bishop's Opening: Lopez Gambit	9	r1bqk2r/pppp1ppp/2n2n2/2b1p3/2B1PP2/2P5/PP1PQ1PP/RNB1K1NR b KQkq	1. e4 e5 2. Bc4 Bc5 3. Qe2 Nc6 4. c3 Nf6 5. f4
C23	Bishop's Opening: Lopez Variation	5	rnbqk1nr/pppp1ppp/8/2b1p3/2B1P3/8/PPPPQPPP/RNB1K1NR b KQkq	1. e4 e5 2. Bc4 Bc5 3. Qe2
C23	Bishop's Opening: Lopez Variation, Lopez Gambit	7	rnbqk2r/pppp1ppp/5n2/2b1p3/2B1PP2/8/PPPPQ1PP/RNB1K1NR b KQkq	1. e4 e5 2. Bc4 Bc5 3. Qe2 Nf6 4. f4
C23	Bishop's Opening: McDonnell Gambit	5	rnbqk1nr/pppp1ppp/8/2b1p3/1PB1P3/8/P1PP1PPP/RNBQK1NR b KQkq	1. e4 e5 2. Bc4 Bc5 3. b4
C23	Bishop's Opening: McDonnell Gambit, La Bourdonnais-Denker Gambit	7	rnbqk1nr/pppp1ppp/8/4p3/1bB1P3/2P5/P2P1PPP/RNBQK1NR b KQkq	1. e4 e5 2. Bc4 Bc5 3. b4 Bxb4 4. c3
C23	Bishop's Opening: McDonnell Gambit, McDonnell Double Gambit	7	rnbqk1nr/pppp1ppp/8/4p3/1bB1PP2/8/P1PP2PP/RNBQK1NR b KQkq	1. e4 e5 2. Bc4 Bc5 3. b4 Bxb4 4. f4
C23	Bishop's Opening: Philidor Counterattack	4	rnbqkbnr/pp1p1ppp/2p5/4p3/2B1P3/8/PPPP1PPP/RNBQK1NR w KQkq	1. e4 e5 2. Bc4 c6
C23	Bishop's Opening: Philidor Variation	5	rnbqk1nr/pppp1ppp/8/2b1p3/2B1P3/2P5/PP1P1PPP/RNBQK1NR b KQkq	1. e4 e5 2. Bc4 Bc5 3. c3
C23	Bishop's Opening: Pratt Variation	14	rnbq1rk1/ppp2ppp/5P2/2b4Q/2pp4/2P5/PP3PPP/RNB1K1NR w KQ	1. e4 e5 2. Bc4 Bc5 3. c3 Nf6 4. d4 exd4 5. e5 d5 6. exf6 dxc4 7. Qh5 O-O
C23	Bishop's Opening: Stein Gambit	5	rnbqk1nr/pppp1ppp/8/2b1p3/2B1PP2/8/PPPP2PP/RNBQK1NR b KQkq	1. e4 e5 2. Bc4 Bc5 3. f4
C23	Bishop's Opening: Thorold Gambit	6	rnbqkbnr/p1pp2pp/8/1B2pp2/4P3/8/PPPP1PPP/RNBQK1NR w KQkq	1. e4 e5 2. Bc4 b5 3. Bxb5 f5
C23	Bishop's Opening: del Rio Variation	6	rnb1k1nr/pppp1ppp/8/2b1p1q1/2B1P3/2P5/PP1P1PPP/RNBQK1NR w KQkq	1. e4 e5 2. Bc4 Bc5 3. c3 Qg5
C24	Bishop's Opening: Berlin Defense	4	rnbqkb1r/pppp1ppp/5n2/4p3/2B1P3/8/PPPP1PPP/RNBQK1NR w KQkq	1. e4 e5 2. Bc4 Nf6
C24	Bishop's Opening: Berlin Defense, Greco Gambit	5	rnbqkb1r/pppp1ppp/5n2/4p3/2B1PP2/8/PPPP2PP/RNBQK1NR b KQkq	1. e4 e5 2. Bc4 Nf6 3. f4
C24	Bishop's Opening: Kitchener Folly	8	rnbq1rk1/ppppbppp/5n2/4p3/2B1P3/3P1N2/PPP2PPP/RNBQK2R w KQ	1. e4 e5 2. Bc4 Nf6 3. d3 Be7 4. Nf3 O-O
C24	Bishop's Opening: Krejcik Gambit	9	r1bqk2r/pppp1ppp/2n2n2/2b1p3/1PB1P3/5P2/P1PPN1PP/RNBQK2R b KQkq	1. e4 e5 2. Bc4 Nf6 3. f3 Bc5 4. Ne2 Nc6 5. b4
C24	Bishop's Opening: Pachman Gambit	7	rnbqkb1r/pppp1ppp/8/4p3/2B1n3/2N5/PPPP1PPP/RNBQK2R b KQkq	1. e4 e5 2. Bc4 Nf6 3. Ne2 Nxe4 4. Nec3
C24	Bishop's Opening: Paulsen Defense	6	rnbqkb1r/pp1p1ppp/2p2n2/4p3/2B1P3/3P4/PPP2PPP/RNBQK1NR w KQkq	1. e4 e5 2. Bc4 Nf6 3. d3 c6
C24	Bishop's Opening: Ponziani Gambit	5	rnbqkb1r/pppp1ppp/5n2/4p3/2BPP3/8/PPP2PPP/RNBQK1NR b KQkq	1. e4 e5 2. Bc4 Nf6 3. d4
C24	Bishop's Opening: Urusov Gambit, Panov Variation	12	rnb1k2r/ppp1qppp/5n2/3P4/1bBp4/2P2N2/PP3PPP/RNBQK2R w KQkq	1. e4 e5 2. Bc4 Nf6 3. d4 exd4 4. Nf3 d5 5. exd5 Bb4+ 6. c3 Qe7+
C24	Bishop's Opening: Vienna Hybrid	7	r1bqkb1r/pppp1ppp/2n2n2/4p3/2B1P3/2NP4/PPP2PPP/R1BQK1NR b KQkq	1. e4 e5 2. Bc4 Nf6 3. d3 Nc6 4. Nc3
C24	Bishop's Opening: Warsaw Gambit	7	rnbqkb1r/pppp1ppp/5n2/8/2BpP3/2P5/PP3PPP/RNBQK1NR b KQkq	1. e4 e5 2. Bc4 Nf6 3. d4 exd4 4. c3
C25	Vienna Gambit, with Max Lange Defense	5	r1bqkbnr/pppp1ppp/2n5/4p3/4PP2/2N5/PPPP2PP/R1BQKBNR b KQkq	1. e4 e5 2. Nc3 Nc6 3. f4
C25	Vienna Gambit, with Max Lange Defense: Cunningham Defense	8	r1bqk1nr/ppppbppp/2n5/8/4Pp2/2N2N2/PPPP2PP/R1BQKB1R w KQkq	1. e4 e5 2. Nc3 Nc6 3. f4 exf4 4. Nf3 Be7
C25	Vienna Gambit, with Max Lange Defense: Hamppe-Allgaier Gambit	11	r1bqkbnr/pppp1p1p/2n5/6N1/4PppP/2N5/PPPP2P1/R1BQKB1R b KQkq	1. e4 e5 2. Nc3 Nc6 3. f4 exf4 4. Nf3 g5 5. h4 g4 6. Ng5
C25	Vienna Gambit, with Max Lange Defense: Hamppe-Allgaier Gambit, Alapin Variation	12	r1bqkbnr/ppp2p1p/2np4/6N1/4PppP/2N5/PPPP2P1/R1BQKB1R w KQkq	1. e4 e5 2. Nc3 Nc6 3. f4 exf4 4. Nf3 g5 5. h4 g4 6. Ng5 d6
C25	Vienna Gambit, with Max Lange Defense: Hamppe-Allgaier Gambit, Thorold Variation	15	r1bq1bnr/pppp1k2/2n4p/8/3PPppP/2N5/PPP3P1/R1BQKB1R b KQ	1. e4 e5 2. f4 exf4 3. Nf3 Nc6 4. Nc3 g5 5. h4 g4 6. Ng5 h6 7. Nxf7 Kxf7 8. d4
C25	Vienna Gambit, with Max Lange Defense: Hamppe-Muzio Gambit	12	r1bqkbnr/pppp1p1p/2n5/8/2B1Pp2/2N2p2/PPPP2PP/R1BQ1RK1 w kq	1. e4 e5 2. Nc3 Nc6 3. f4 exf4 4. Nf3 g5 5. Bc4 g4 6. O-O gxf3
C25	Vienna Gambit, with Max Lange Defense: Knight Variation	7	r1bqkbnr/pppp1ppp/2n5/8/4Pp2/2N2N2/PPPP2PP/R1BQKB1R b KQkq	1. e4 e5 2. Nc3 Nc6 3. f4 exf4 4. Nf3
C25	Vienna Gambit, with Max Lange Defense: Pierce Gambit	9	r1bqkbnr/pppp1p1p/2n5/6p1/3PPp2/2N2N2/PPP3PP/R1BQKB1R b KQkq	1. e4 e5 2. Nc3 Nc6 3. f4 exf4 4. Nf3 g5 5. d4
C25	Vienna Gambit, with Max Lange Defense: Quelle Gambit	8	r1bqk1nr/ppp2ppp/2np4/2b1P3/4P3/2N5/PPPP2PP/R1BQKBNR w KQkq	1. e4 e5 2. Nc3 Nc6 3. f4 Bc5 4. fxe5 d6
C25	Vienna Gambit, with Max Lange Defense: Steinitz Gambit	7	r1bqkbnr/pppp1ppp/2n5/8/3PPp2/2N5/PPP3PP/R1BQKBNR b KQkq	1. e4 e5 2. Nc3 Nc6 3. f4 exf4 4. d4
C25	Vienna Gambit, with Max Lange Defense: Steinitz Gambit, Fraser-Minckwitz Defense	10	r1b1kbnr/p1pp1ppp/1pn5/8/3PPp1q/2N5/PPP1K1PP/R1BQ1BNR w kq	1. e4 e5 2. Nc3 Nc6 3. f4 exf4 4. d4 Qh4+ 5. Ke2 b6
C25	Vienna Gambit, with Max Lange Defense: Steinitz Gambit, Main Line	9	r1b1kbnr/pppp1ppp/2n5/8/3PPp1q/2N5/PPP1K1PP/R1BQ1BNR b kq	1. e4 e5 2. Nc3 Nc6 3. f4 exf4 4. d4 Qh4+ 5. Ke2
C25	Vienna Gambit, with Max Lange Defense: Steinitz Gambit, Paulsen Defense	10	r1b1kbnr/ppp2ppp/2np4/8/3PPp1q/2N5/PPP1K1PP/R1BQ1BNR w kq	1. e4 e5 2. Nc3 Nc6 3. f4 exf4 4. d4 Qh4+ 5. Ke2 d6
C25	Vienna Gambit, with Max Lange Defense: Steinitz Gambit, Sörensen Defense	10	r1b1kbnr/pppp1p1p/2n5/6p1/3PPp1q/2N5/PPP1K1PP/R1BQ1BNR w kq	1. e4 e5 2. Nc3 Nc6 3. f4 exf4 4. d4 Qh4+ 5. Ke2 g5
C25	Vienna Gambit, with Max Lange Defense: Steinitz Gambit, Zukertort Defense	10	r1b1kbnr/ppp2ppp/2n5/3p4/3PPp1q/2N5/PPP1K1PP/R1BQ1BNR w kq	1. e4 e5 2. Nc3 Nc6 3. f4 exf4 4. d4 Qh4+ 5. Ke2 d5
C25	Vienna Game	3	rnbqkbnr/pppp1ppp/8/4p3/4P3/2N5/PPPP1PPP/R1BQKBNR b KQkq	1. e4 e5 2. Nc3
C25	Vienna Game: Anderssen Defense	4	rnbqk1nr/pppp1ppp/8/2b1p3/4P3/2N5/PPPP1PPP/R1BQKBNR w KQkq	1. e4 e5 2. Nc3 Bc5
C25	Vienna Game: Fyfe Gambit	5	r1bqkbnr/pppp1ppp/2n5/4p3/3PP3/2N5/PPP2PPP/R1BQKBNR b KQkq	1. e4 e5 2. Nc3 Nc6 3. d4
C25	Vienna Game: Giraffe Attack	5	rnbqk1nr/pppp1ppp/8/2b1p3/4P1Q1/2N5/PPPP1PPP/R1B1KBNR b KQkq	1. e4 e5 2. Nc3 Bc5 3. Qg4
C25	Vienna Game: Hamppe-Meitner Variation	5	rnbqk1nr/pppp1ppp/8/2b1p3/N3P3/8/PPPP1PPP/R1BQKBNR b KQkq	1. e4 e5 2. Nc3 Bc5 3. Na4
C25	Vienna Game: Hamppe-Muzio Gambit	11	r1bqkbnr/pppp1p1p/2n5/8/2B1Ppp1/2N2N2/PPPP2PP/R1BQ1RK1 b kq	1. e4 e5 2. Nc3 Nc6 3. f4 exf4 4. Nf3 g5 5. Bc4 g4 6. O-O
C25	Vienna Game: Hamppe-Muzio, Dubois Variation	16	r1b1kbnr/pppp1p1p/5q2/4n3/2B1PQ2/2N5/PPPP2PP/R1B2RK1 w kq	1. e4 e5 2. Nc3 Nc6 3. f4 exf4 4. Nf3 g5 5. Bc4 g4 6. O-O gxf3 7. Qxf3 Ne5 8. Qxf4 Qf6
C25	Vienna Game: Max Lange Defense	4	r1bqkbnr/pppp1ppp/2n5/4p3/4P3/2N5/PPPP1PPP/R1BQKBNR w KQkq	1. e4 e5 2. Nc3 Nc6
C25	Vienna Game: Omaha Gambit	5	rnbqkbnr/ppp2ppp/3p4/4p3/4PP2/2N5/PPPP2PP/R1BQKBNR b KQkq	1. e4 e5 2. Nc3 d6 3. f4
C25	Vienna Game: Paulsen Variation	5	r1bqkbnr/pppp1ppp/2n5/4p3/4P3/2N3P1/PPPP1P1P/R1BQKBNR b KQkq	1. e4 e5 2. Nc3 Nc6 3. g3
C25	Vienna Game: Paulsen Variation	10	r1bqk2r/ppp2ppp/2n2n2/2bpp3/4P3/2N3P1/PPPPNPBP/R1BQK2R w KQkq	1. e4 e5 2. Nc3 Nc6 3. g3 Nf6 4. Bg2 Bc5 5. Nge2 d5
C25	Vienna Game: Paulsen Variation, Mariotti Gambit	10	r1bqk1nr/pppp1pp1/2n5/2b1p3/4P2p/2N2NP1/PPPP1PBP/R1BQK2R w KQkq	1. e4 e5 2. Nc3 Nc6 3. g3 Bc5 4. Bg2 h5 5. Nf3 h4
C25	Vienna Game: Philidor Countergambit	6	r1bqkbnr/pppp2pp/2n5/4pp2/3PP3/2N5/PPP2PPP/R1BQKBNR w KQkq	1. e4 e5 2. Nc3 Nc6 3. d4 f5
C25	Vienna Game: Pierce Gambit, Rushmere Attack	17	r2qkbnr/ppp2p1p/2P5/8/2BP1pb1/2N2p2/PPP3PP/R1BQ1RK1 b kq	1. e4 e5 2. Nc3 Nc6 3. f4 exf4 4. Nf3 g5 5. d4 g4 6. Bc4 gxf3 7. O-O d5 8. exd5 Bg4 9. dxc6
C25	Vienna Game: Stanley Variation, Meitner-Mieses Gambit	9	r1b1k1nr/pppp1ppp/2n2q2/2bNp3/2B1P1Q1/8/PPPP1PPP/R1B1K1NR b KQkq	1. e4 e5 2. Nc3 Nc6 3. Bc4 Bc5 4. Qg4 Qf6 5. Nd5
C25	Vienna Game: Zhuravlev Countergambit	6	rnbqk2r/pppp1ppp/5n2/4p3/1b2P1Q1/2N5/PPPP1PPP/R1B1KBNR w KQkq	1. e4 e5 2. Nc3 Bb4 3. Qg4 Nf6
C26	Bishop's Opening: Horwitz Gambit	6	rnbqkb1r/p1pp1ppp/5n2/1p2p3/2B1P3/2N5/PPPP1PPP/R1BQK1NR w KQkq	1. e4 e5 2. Bc4 Nf6 3. Nc3 b5
C26	Bishop's Opening: Vienna Hybrid, Spielmann Attack	7	rnbqk2r/pppp1ppp/5n2/2b1p3/2B1P3/2NP4/PPP2PPP/R1BQK1NR b KQkq	1. e4 e5 2. Nc3 Nf6 3. Bc4 Bc5 4. d3
C26	Vienna Game: Falkbeer Variation	4	rnbqkb1r/pppp1ppp/5n2/4p3/4P3/2N5/PPPP1PPP/R1BQKBNR w KQkq	1. e4 e5 2. Nc3 Nf6
C26	Vienna Game: Mengarini Variation	5	rnbqkb1r/pppp1ppp/5n2/4p3/4P3/P1N5/1PPP1PPP/R1BQKBNR b KQkq	1. e4 e5 2. Nc3 Nf6 3. a3
C26	Vienna Game: Mieses Variation	5	rnbqkb1r/pppp1ppp/5n2/4p3/4P3/2N3P1/PPPP1P1P/R1BQKBNR b KQkq	1. e4 e5 2. Nc3 Nf6 3. g3
C26	Vienna Game: Mieses Variation, Erben Gambit	8	rnbqkb1r/pp3ppp/2p2n2/3Pp3/8/2N3P1/PPPP1P1P/R1BQKBNR w KQkq	1. e4 e5 2. Nc3 Nf6 3. g3 d5 4. exd5 c6
C26	Vienna Game: Paulsen Variation, Pollock Gambit	11	r1bqk2r/ppp2ppp/2n2n2/2bPp3/8/2N3P1/PPPPNPBP/R1BQK2R b KQkq	1. e4 e5 2. Nc3 Nf6 3. g3 Bc5 4. Bg2 Nc6 5. Nge2 d5 6. exd5
C26	Vienna Game: Stanley Variation	5	rnbqkb1r/pppp1ppp/5n2/4p3/2B1P3/2N5/PPPP1PPP/R1BQK1NR b KQkq	1. e4 e5 2. Nc3 Nf6 3. Bc4
C26	Vienna Game: Stanley Variation, Eifel Gambit	8	rnbqk2r/p1pp1ppp/5n2/1pb1p3/2B1P3/2N5/PPPPNPPP/R1BQK2R w KQkq	1. e4 e5 2. Nc3 Nf6 3. Bc4 Bc5 4. Nge2 b5
C26	Vienna Game: Stanley Variation, Reversed Spanish	6	rnbqk2r/pppp1ppp/5n2/4p3/1bB1P3/2N5/PPPP1PPP/R1BQK1NR w KQkq	1. e4 e5 2. Nc3 Nf6 3. Bc4 Bb4
C27	Bishop's Opening: Boden-Kieseritzky Gambit	7	rnbqkb1r/pppp1ppp/8/4p3/2B1n3/2N2N2/PPPP1PPP/R1BQK2R b KQkq	1. e4 e5 2. Nf3 Nf6 3. Bc4 Nxe4 4. Nc3
C27	Bishop's Opening: Boden-Kieseritzky Gambit, Lichtenhein Defense	8	rnbqkb1r/ppp2ppp/8/3pp3/2B1n3/2N2N2/PPPP1PPP/R1BQK2R w KQkq	1. e4 e5 2. Nf3 Nf6 3. Bc4 Nxe4 4. Nc3 d5
C27	Vienna Game: Adams' Gambit	11	r1bqkb1r/pppp1ppp/2nn4/4p2Q/3P4/1BN5/PPP2PPP/R1B1K1NR b KQkq	1. e4 e5 2. Nc3 Nf6 3. Bc4 Nxe4 4. Qh5 Nd6 5. Bb3 Nc6 6. d4
C27	Vienna Game: Frankenstein-Dracula Variation	6	rnbqkb1r/pppp1ppp/8/4p3/2B1n3/2N5/PPPP1PPP/R1BQK1NR w KQkq	1. e4 e5 2. Nc3 Nf6 3. Bc4 Nxe4
C27	Vienna Game: Stanley Variation, Alekhine Variation	13	r1bqk2r/ppppbppp/2nn4/4N2Q/8/1BN5/PPPP1PPP/R1B1K2R b KQkq	1. e4 e5 2. Nc3 Nf6 3. Bc4 Nxe4 4. Qh5 Nd6 5. Bb3 Be7 6. Nf3 Nc6 7. Nxe5
C27	Vienna Game: Stanley Variation, Frankenstein-Dracula Variation	20	N1bk1b1r/p2pq2p/1pnn2p1/3Qpp2/8/1B6/PPPP1PPP/R1B1K1NR w KQ	1. e4 e5 2. Nc3 Nf6 3. Bc4 Nxe4 4. Qh5 Nd6 5. Bb3 Nc6 6. Nb5 g6 7. Qf3 f5 8. Qd5 Qe7 9. Nxc7+ Kd8 10. Nxa8 b6
C27	Vienna Game: Stanley Variation, Monster Declined	10	rnbqk2r/ppppbppp/3n4/4p2Q/8/1BN5/PPPP1PPP/R1B1K1NR w KQkq	1. e4 e5 2. Nc3 Nf6 3. Bc4 Nxe4 4. Qh5 Nd6 5. Bb3 Be7
C28	Bishop's Opening: Vienna Hybrid, Hromádka Variation	9	r1bqk2r/pppp1ppp/2n2n2/4p3/1bB1P3/2NP4/PPP1NPPP/R1BQK2R b KQkq	1. e4 e5 2. Nc3 Nc6 3. Bc4 Nf6 4. d3 Bb4 5. Ne2
C28	Vienna Game: Stanley Variation, Bronstein Gambit	9	r1bqkb1r/pppp1ppp/2n5/4p3/2B1nP2/2N2N2/PPPP2PP/R1BQK2R b KQkq	1. e4 e5 2. Nc3 Nc6 3. Bc4 Nf6 4. f4 Nxe4 5. Nf3
C28	Vienna Game: Stanley Variation, Three Knights Variation	6	r1bqkb1r/pppp1ppp/2n2n2/4p3/2B1P3/2N5/PPPP1PPP/R1BQK1NR w KQkq	1. e4 e5 2. Nc3 Nc6 3. Bc4 Nf6
C29	Vienna Game: Heyde Variation	11	rnbqkb1r/ppp3pp/8/3pPp2/3Pn3/2N2Q2/PPP3PP/R1B1KBNR b KQkq	1. e4 e5 2. Nc3 Nf6 3. f4 d5 4. fxe5 Nxe4 5. Qf3 f5 6. d4
C29	Vienna Game: Vienna Gambit	5	rnbqkb1r/pppp1ppp/5n2/4p3/4PP2/2N5/PPPP2PP/R1BQKBNR b KQkq	1. e4 e5 2. Nc3 Nf6 3. f4
C29	Vienna Game: Vienna Gambit, Bardeleben Variation	10	rnbqkb1r/ppp3pp/8/3pPp2/4n3/2N2Q2/PPPP2PP/R1B1KBNR w KQkq	1. e4 e5 2. Nc3 Nf6 3. f4 d5 4. fxe5 Nxe4 5. Qf3 f5
C29	Vienna Game: Vienna Gambit, Breyer Variation	10	rnbqk2r/ppp1bppp/8/3pP3/4n3/2N2N2/PPPP2PP/R1BQKB1R w KQkq	1. e4 e5 2. Nc3 Nf6 3. f4 d5 4. fxe5 Nxe4 5. Nf3 Be7
C29	Vienna Game: Vienna Gambit, Kaufmann Variation	11	rn1qkb1r/ppp2ppp/8/3pP3/4n1b1/2N2N2/PPPPQ1PP/R1B1KB1R b KQkq	1. e4 e5 2. Nc3 Nf6 3. f4 d5 4. fxe5 Nxe4 5. Nf3 Bg4 6. Qe2
C29	Vienna Game: Vienna Gambit, Main Line	6	rnbqkb1r/ppp2ppp/5n2/3pp3/4PP2/2N5/PPPP2PP/R1BQKBNR w KQkq	1. e4 e5 2. Nc3 Nf6 3. f4 d5
C29	Vienna Game: Vienna Gambit, Modern Variation	9	rnbqkb1r/ppp2ppp/8/3pP3/4n3/2NP4/PPP3PP/R1BQKBNR b KQkq	1. e4 e5 2. Nc3 Nf6 3. f4 d5 4. fxe5 Nxe4 5. d3
C29	Vienna Game: Vienna Gambit, Paulsen Attack	9	rnbqkb1r/ppp2ppp/8/3pP3/4n3/2N2Q2/PPPP2PP/R1B1KBNR b KQkq	1. e4 e5 2. Nc3 Nf6 3. f4 d5 4. fxe5 Nxe4 5. Qf3
C29	Vienna Game: Vienna Gambit, Steinitz Variation	7	rnbqkb1r/ppp2ppp/5n2/3pp3/4PP2/2NP4/PPP3PP/R1BQKBNR b KQkq	1. e4 e5 2. Nc3 Nf6 3. f4 d5 4. d3
C29	Vienna Game: Vienna Gambit, Wurzburger Trap	15	rnb1kb1r/ppp2ppp/8/3NP2q/8/3P1Nn1/PPP4P/R1BQKB1R b KQkq	1. e4 e5 2. Nc3 Nf6 3. f4 d5 4. fxe5 Nxe4 5. d3 Qh4+ 6. g3 Nxg3 7. Nf3 Qh5 8. Nxd5
C30	King's Gambit	3	rnbqkbnr/pppp1ppp/8/4p3/4PP2/8/PPPP2PP/RNBQKBNR b KQkq	1. e4 e5 2. f4
C30	King's Gambit Declined: Classical Variation	4	rnbqk1nr/pppp1ppp/8/2b1p3/4PP2/8/PPPP2PP/RNBQKBNR w KQkq	1. e4 e5 2. f4 Bc5
C30	King's Gambit Declined: Classical Variation	7	rnbqk1nr/ppp2ppp/3p4/2b1p3/4PP2/2P2N2/PP1P2PP/RNBQKB1R b KQkq	1. e4 e5 2. f4 Bc5 3. Nf3 d6 4. c3
C30	King's Gambit Declined: Classical Variation, Euwe Attack	11	rn1qk1nr/ppp2ppp/8/2b1p3/Q3P1b1/2P2N2/PP1P2PP/RNB1KB1R b KQkq	1. e4 e5 2. f4 Bc5 3. Nf3 d6 4. c3 Bg4 5. fxe5 dxe5 6. Qa4+
C30	King's Gambit Declined: Classical Variation, Rotlewi Countergambit	7	rnbqk1nr/ppp2ppp/3p4/2b1p3/1P2PP2/5N2/P1PP2PP/RNBQKB1R b KQkq	1. e4 e5 2. f4 Bc5 3. Nf3 d6 4. b4
C30	King's Gambit Declined: Classical Variation, Rubinstein Countergambit	8	rnbqk1nr/ppp3pp/3p4/2b1pp2/4PP2/2P2N2/PP1P2PP/RNBQKB1R w KQkq	1. e4 e5 2. f4 Bc5 3. Nf3 d6 4. c3 f5
C30	King's Gambit Declined: Classical Variation, Walthoffen Attack	5	rnbqk1nr/pppp1ppp/8/2b1p2Q/4PP2/8/PPPP2PP/RNB1KBNR b KQkq	1. e4 e5 2. f4 Bc5 3. Qh5
C30	King's Gambit Declined: Classical, Hanham Variation	8	r1bqk1nr/pppn1ppp/3p4/2b1p3/4PP2/2N2N2/PPPP2PP/R1BQKB1R w KQkq	1. e4 e5 2. f4 Bc5 3. Nf3 d6 4. Nc3 Nd7
C30	King's Gambit Declined: Classical, Réti Variation	13	rnbqk1nr/ppp3pp/8/2b2p2/2BpP3/2P2N2/PP4PP/RNBQK2R b KQkq	1. e4 e5 2. f4 Bc5 3. Nf3 d6 4. c3 f5 5. fxe5 dxe5 6. d4 exd4 7. Bc4
C30	King's Gambit Declined: Classical, Soldatenkov Variation	7	rnbqk1nr/ppp2ppp/3p4/2b1P3/4P3/5N2/PPPP2PP/RNBQKB1R b KQkq	1. e4 e5 2. f4 Bc5 3. Nf3 d6 4. fxe5
C30	King's Gambit Declined: Classical, Svenonius Variation	16	r2qk2r/ppp2ppp/2np1n2/2b5/2B1Pp2/2NP1Q1P/PPP3P1/R1B1K2R w KQkq	1. e4 e5 2. Bc4 Nc6 3. Nc3 Nf6 4. d3 Bc5 5. f4 d6 6. Nf3 Bg4 7. h3 Bxf3 8. Qxf3 exf4
C30	King's Gambit Declined: Hobbs-Zilbermints Gambit	8	r1bqkbnr/pppp1p2/2n4p/4p1P1/4P3/5N2/PPPP2PP/RNBQKB1R w KQkq	1. e4 e5 2. f4 Nc6 3. Nf3 g5 4. fxg5 h6
C30	King's Gambit Declined: Keene Defense	6	rnb1kbnr/ppppqppp/8/4p3/4PP2/6P1/PPPP3P/RNBQKBNR w KQkq	1. e4 e5 2. f4 Qh4+ 3. g3 Qe7
C30	King's Gambit Declined: Keene's Defense	4	rnb1kbnr/pppp1ppp/8/4p3/4PP1q/8/PPPP2PP/RNBQKBNR w KQkq	1. e4 e5 2. f4 Qh4+
C30	King's Gambit Declined: Keene's Defense	5	rnb1kbnr/pppp1ppp/8/4p3/4PP1q/6P1/PPPP3P/RNBQKBNR b KQkq	1. e4 e5 2. f4 Qh4+ 3. g3
C30	King's Gambit Declined: Mafia Defense	4	rnbqkbnr/pp1p1ppp/8/2p1p3/4PP2/8/PPPP2PP/RNBQKBNR w KQkq	1. e4 c5 2. f4 e5
C30	King's Gambit Declined: Miles Defense	6	r1bqkbnr/pppp2pp/2n5/4pp2/4PP2/5N2/PPPP2PP/RNBQKB1R w KQkq	1. e4 e5 2. f4 Nc6 3. Nf3 f5
C30	King's Gambit Declined: Norwalde Variation	4	rnb1kbnr/pppp1ppp/5q2/4p3/4PP2/8/PPPP2PP/RNBQKBNR w KQkq	1. e4 e5 2. f4 Qf6
C30	King's Gambit Declined: Norwalde Variation, Bücker Gambit	9	rnb1k1nr/pppp1ppp/8/4p3/1bB1Pq2/2N2N2/PPPP2PP/R1BQK2R b KQkq	1. e4 e5 2. f4 Qf6 3. Nc3 Qxf4 4. Nf3 Bb4 5. Bc4
C30	King's Gambit Declined: Norwalde Variation, Schubert Variation	7	rnb1kbnr/pppp1ppp/8/4p3/3PPq2/2N5/PPP3PP/R1BQKBNR b KQkq	1. e4 e5 2. f4 Qf6 3. Nc3 Qxf4 4. d4
C30	King's Gambit Declined: Panteldakis Countergambit	4	rnbqkbnr/pppp2pp/8/4pp2/4PP2/8/PPPP2PP/RNBQKBNR w KQkq	1. e4 e5 2. f4 f5
C30	King's Gambit Declined: Panteldakis Countergambit, Greco Variation	6	rnb1kbnr/pppp2pp/8/4pP2/5P1q/8/PPPP2PP/RNBQKBNR w KQkq	1. e4 e5 2. f4 f5 3. exf5 Qh4+
C30	King's Gambit Declined: Panteldakis Countergambit, Pawn Sacrifice Line	11	rnb1kbnr/ppppq2p/6P1/7Q/5p2/8/PPPP2PP/RNBK1BNR b kq	1. e4 e5 2. f4 f5 3. exf5 exf4 4. Qh5+ g6 5. fxg6 Qe7+ 6. Kd1
C30	King's Gambit Declined: Panteldakis Countergambit, Schiller's Defense	6	rnbqk1nr/pppp2pp/8/2b1pP2/5P2/8/PPPP2PP/RNBQKBNR w KQkq	1. e4 e5 2. f4 f5 3. exf5 Bc5
C30	King's Gambit Declined: Panteldakis Countergambit, Shirazi Line	8	rnbq1bnr/ppppk1pp/8/5P1Q/5p2/8/PPPP2PP/RNB1KBNR w KQ	1. e4 e5 2. f4 f5 3. exf5 exf4 4. Qh5+ Ke7
C30	King's Gambit Declined: Panteldakis Countergambit, Symmetrical Variation	11	rnbqk1nr/ppp3pp/3b4/3p1P2/3P1p2/3B1N2/PPP3PP/RNBQK2R b KQkq	1. e4 e5 2. f4 f5 3. exf5 exf4 4. Nf3 d5 5. d4 Bd6 6. Bd3
C30	King's Gambit Declined: Petrov's Defense	4	rnbqkb1r/pppp1ppp/5n2/4p3/4PP2/8/PPPP2PP/RNBQKBNR w KQkq	1. e4 e5 2. f4 Nf6
C30	King's Gambit Declined: Queen's Knight Defense	4	r1bqkbnr/pppp1ppp/2n5/4p3/4PP2/8/PPPP2PP/RNBQKBNR w KQkq	1. e4 e5 2. f4 Nc6
C30	King's Gambit Declined: Senechaud Countergambit	6	rnbqk1nr/pppp1p1p/8/2b1p1p1/4PP2/5N2/PPPP2PP/RNBQKB1R w KQkq	1. e4 e5 2. f4 Bc5 3. Nf3 g5
C30	King's Gambit Declined: Soller-Zilbermints Gambit	6	r1bqkbnr/pppp2pp/2n2p2/4P3/4P3/8/PPPP2PP/RNBQKBNR w KQkq	1. e4 e5 2. f4 f6 3. fxe5 Nc6
C30	King's Gambit Declined: Zilbermints Double Countergambit	4	rnbqkbnr/pppp1p1p/8/4p1p1/4PP2/8/PPPP2PP/RNBQKBNR w KQkq	1. e4 e5 2. f4 g5
C30	King's Gambit Declined: Zilbermints Double Gambit	6	r1bqkbnr/pppp1p1p/2n5/4p1p1/4PP2/5N2/PPPP2PP/RNBQKB1R w KQkq	1. e4 e5 2. f4 Nc6 3. Nf3 g5
C31	King's Gambit Declined: Falkbeer Countergambit	4	rnbqkbnr/ppp2ppp/8/3pp3/4PP2/8/PPPP2PP/RNBQKBNR w KQkq	1. e4 e5 2. f4 d5
C31	King's Gambit Declined: Falkbeer Countergambit Accepted	5	rnbqkbnr/ppp2ppp/8/3Pp3/5P2/8/PPPP2PP/RNBQKBNR b KQkq	1. e4 e5 2. f4 d5 3. exd5
C31	King's Gambit Declined: Falkbeer Countergambit, Anderssen Attack	7	rnbqkbnr/ppp2ppp/8/1B1P4/4pP2/8/PPPP2PP/RNBQK1NR b KQkq	1. e4 e5 2. f4 d5 3. exd5 e4 4. Bb5+
C31	King's Gambit Declined: Falkbeer Countergambit, Blackburne Attack	5	rnbqkbnr/ppp2ppp/8/3pp3/4PP2/5N2/PPPP2PP/RNBQKB1R b KQkq	1. e4 e5 2. f4 d5 3. Nf3
C31	King's Gambit Declined: Falkbeer Countergambit, Charousek Gambit	7	rnbqkbnr/ppp2ppp/8/3P4/4pP2/3P4/PPP3PP/RNBQKBNR b KQkq	1. e4 e5 2. f4 d5 3. exd5 e4 4. d3
C31	King's Gambit Declined: Falkbeer Countergambit, Charousek Gambit, Morphy Defense	12	rnbqk2r/ppp2ppp/5n2/3P4/1b3P2/2NPp3/PPPB2PP/R2QKBNR w KQkq	1. e4 e5 2. Nc3 Nf6 3. f4 d5 4. exd5 e4 5. d3 Bb4 6. Bd2 e3
C31	King's Gambit Declined: Falkbeer Countergambit, Hinrichsen Gambit	5	rnbqkbnr/ppp2ppp/8/3pp3/3PPP2/8/PPP3PP/RNBQKBNR b KQkq	1. e4 e5 2. f4 d5 3. d4
C31	King's Gambit Declined: Falkbeer Countergambit, Miles Gambit	6	rnbqk1nr/ppp2ppp/8/2bPp3/5P2/8/PPPP2PP/RNBQKBNR w KQkq	1. e4 e5 2. f4 d5 3. exd5 Bc5
C31	King's Gambit Declined: Falkbeer Countergambit, Milner-Barry Variation	5	rnbqkbnr/ppp2ppp/8/3pp3/4PP2/2N5/PPPP2PP/R1BQKBNR b KQkq	1. e4 e5 2. f4 d5 3. Nc3
C31	King's Gambit Declined: Falkbeer Countergambit, Modern Transfer	6	rnbqkbnr/ppp2ppp/8/3P4/5p2/8/PPPP2PP/RNBQKBNR w KQkq	1. e4 e5 2. f4 d5 3. exd5 exf4
C31	King's Gambit Declined: Falkbeer Countergambit, Nimzowitsch-Marshall Countergambit	6	rnbqkbnr/pp3ppp/2p5/3Pp3/5P2/8/PPPP2PP/RNBQKBNR w KQkq	1. e4 e5 2. f4 d5 3. exd5 c6
C31	King's Gambit Declined: Falkbeer Countergambit, Pickler Gambit	8	rnbqk1nr/pp3ppp/2P5/2b1p3/5P2/8/PPPP2PP/RNBQKBNR w KQkq	1. e4 e5 2. f4 d5 3. exd5 c6 4. dxc6 Bc5
C31	King's Gambit Declined: Falkbeer Countergambit, Rubinstein Variation	9	rnbqkb1r/ppp2ppp/5n2/3P4/4pP2/2N5/PPPPQ1PP/R1B1KBNR b KQkq	1. e4 e5 2. f4 d5 3. exd5 e4 4. Nc3 Nf6 5. Qe2
C31	King's Gambit Declined: Falkbeer Countergambit, Staunton Line	6	rnbqkbnr/ppp2ppp/8/3P4/4pP2/8/PPPP2PP/RNBQKBNR w KQkq	1. e4 e5 2. f4 d5 3. exd5 e4
C31	Van Geet Opening: Grünfeld Defense, Steiner Gambit	7	rnbqkbnr/ppp2ppp/8/4p3/4NP2/8/PPPP2PP/R1BQKBNR b KQkq	1. e4 e5 2. f4 d5 3. Nc3 dxe4 4. Nxe4
C32	King's Gambit Declined: Falkbeer Countergambit, Alapin Variation	17	rnb1k2r/ppp2ppp/8/3q4/4nP2/8/PPPNQbPP/RNBK1B1R b kq	1. e4 e5 2. f4 d5 3. exd5 e4 4. d3 Nf6 5. dxe4 Nxe4 6. Nf3 Bc5 7. Qe2 Bf2+ 8. Kd1 Qxd5+ 9. Nfd2
C32	King's Gambit Declined: Falkbeer Countergambit, Charousek Gambit	11	rnbqkb1r/ppp2ppp/8/3P4/4nP2/8/PPP1Q1PP/RNB1KBNR b KQkq	1. e4 e5 2. f4 d5 3. exd5 e4 4. d3 Nf6 5. dxe4 Nxe4 6. Qe2
C32	King's Gambit Declined: Falkbeer Countergambit, Charousek Gambit Accepted	9	rnbqkb1r/ppp2ppp/5n2/3P4/4PP2/8/PPP3PP/RNBQKBNR b KQkq	1. e4 e5 2. f4 d5 3. exd5 e4 4. d3 Nf6 5. dxe4
C32	King's Gambit Declined: Falkbeer Countergambit, Charousek Gambit, Keres Variation	9	rnbqkb1r/ppp2ppp/5n2/3P4/4pP2/3P4/PPPN2PP/R1BQKBNR b KQkq	1. e4 e5 2. f4 d5 3. exd5 e4 4. d3 Nf6 5. Nd2
C32	King's Gambit Declined: Falkbeer Countergambit, Charousek Gambit, Main Line	14	rn1qk2r/ppp2ppp/8/2bP1b2/4nP2/5N2/PPP1Q1PP/RNB1KB1R w KQkq	1. e4 e5 2. f4 d5 3. exd5 e4 4. d3 Nf6 5. dxe4 Nxe4 6. Nf3 Bc5 7. Qe2 Bf5
C32	King's Gambit Declined: Falkbeer Countergambit, Charousek Gambit, Old Line	9	rnbqkb1r/ppp2ppp/5n2/3P4/4pP2/3P4/PPP1Q1PP/RNB1KBNR b KQkq	1. e4 e5 2. f4 d5 3. exd5 e4 4. d3 Nf6 5. Qe2
C32	King's Gambit Declined: Falkbeer Countergambit, Charousek Variation	15	rnb1kb1r/ppp3pp/8/3q1p2/4nPP1/8/PPPNQ2P/R1B1KBNR b KQkq	1. e4 e5 2. f4 d5 3. exd5 e4 4. d3 Nf6 5. dxe4 Nxe4 6. Qe2 Qxd5 7. Nd2 f5 8. g4
C32	King's Gambit Declined: Falkbeer Countergambit, Tarrasch Variation	16	rn1q1rk1/ppp2ppp/8/2bP1b2/4nPP1/5N2/PPP1Q2P/RNB1KB1R w KQ	1. e4 e5 2. f4 d5 3. exd5 e4 4. d3 Nf6 5. dxe4 Nxe4 6. Nf3 Bc5 7. Qe2 Bf5 8. g4 O-O
C33	King's Gambit Accepted	4	rnbqkbnr/pppp1ppp/8/8/4Pp2/8/PPPP2PP/RNBQKBNR w KQkq	1. e4 e5 2. f4 exf4
C33	King's Gambit Accepted: Basman Gambit	5	rnbqkbnr/pppp1ppp/8/8/4Pp2/8/PPPPQ1PP/RNB1KBNR b KQkq	1. e4 e5 2. f4 exf4 3. Qe2
C33	King's Gambit Accepted: Bishop's Gambit	5	rnbqkbnr/pppp1ppp/8/8/2B1Pp2/8/PPPP2PP/RNBQK1NR b KQkq	1. e4 e5 2. f4 exf4 3. Bc4
C33	King's Gambit Accepted: Bishop's Gambit, Anderssen Defense	6	rnbqkbnr/pppp1p1p/8/6p1/2B1Pp2/8/PPPP2PP/RNBQK1NR w KQkq	1. e4 e5 2. f4 exf4 3. Bc4 g5
C33	King's Gambit Accepted: Bishop's Gambit, Anderssen Variation	8	rnbqkbnr/pp3ppp/2p5/3B4/4Pp2/8/PPPP2PP/RNBQK1NR w KQkq	1. e4 e5 2. f4 exf4 3. Bc4 d5 4. Bxd5 c6
C33	King's Gambit Accepted: Bishop's Gambit, Bledow Countergambit	8	rnbqkb1r/ppp2ppp/5n2/3B4/4Pp2/8/PPPP2PP/RNBQK1NR w KQkq	1. e4 e5 2. f4 exf4 3. Bc4 d5 4. Bxd5 Nf6
C33	King's Gambit Accepted: Bishop's Gambit, Bledow Variation	6	rnbqkbnr/ppp2ppp/8/3p4/2B1Pp2/8/PPPP2PP/RNBQK1NR w KQkq	1. e4 e5 2. f4 exf4 3. Bc4 d5
C33	King's Gambit Accepted: Bishop's Gambit, Boden Variation	8	r1b1kbnr/pppp1ppp/2n5/8/2B1Pp1q/8/PPPP2PP/RNBQ1KNR w kq	1. e4 e5 2. f4 exf4 3. Bc4 Qh4+ 4. Kf1 Nc6
C33	King's Gambit Accepted: Bishop's Gambit, Bogoljubow Defense	8	rnbqkb1r/pp1p1ppp/2p2n2/8/2B1Pp2/2N5/PPPP2PP/R1BQK1NR w KQkq	1. e4 e5 2. f4 exf4 3. Bc4 Nf6 4. Nc3 c6
C33	King's Gambit Accepted: Bishop's Gambit, Bogoljubow Variation	7	rnbqkb1r/pppp1ppp/5n2/8/2B1Pp2/2N5/PPPP2PP/R1BQK1NR b KQkq	1. e4 e5 2. f4 exf4 3. Bc4 Nf6 4. Nc3
C33	King's Gambit Accepted: Bishop's Gambit, Boren-Svenonius Variation	10	rnb1k1nr/ppp2ppp/3b4/3B4/4Pp1q/8/PPPP2PP/RNBQ1KNR w kq	1. e4 e5 2. f4 exf4 3. Bc4 d5 4. Bxd5 Qh4+ 5. Kf1 Bd6
C33	King's Gambit Accepted: Bishop's Gambit, Bryan Countergambit	8	rnb1kbnr/p1pp1ppp/8/1p6/2B1Pp1q/8/PPPP2PP/RNBQ1KNR w kq	1. e4 e5 2. f4 exf4 3. Bc4 Qh4+ 4. Kf1 b5
C33	King's Gambit Accepted: Bishop's Gambit, Chigorin's Attack	11	rnb1kbnr/ppp2p1p/8/3B2p1/4Pp1q/6P1/PPPP3P/RNBQ1KNR b kq	1. e4 e5 2. f4 exf4 3. Bc4 Qh4+ 4. Kf1 d5 5. Bxd5 g5 6. g3
C33	King's Gambit Accepted: Bishop's Gambit, Classical Defense	12	rnb1k2r/ppppnpbp/8/6p1/2BPPp1q/2N5/PPP3PP/R1BQ1KNR w kq	1. e4 e5 2. f4 exf4 3. Bc4 Qh4+ 4. Kf1 Ne7 5. Nc3 g5 6. d4 Bg7
C33	King's Gambit Accepted: Bishop's Gambit, Classical Defense, Cozio Attack	9	rnb1kbnr/pppp1p1p/8/6p1/2B1Pp1q/5Q2/PPPP2PP/RNB2KNR b kq	1. e4 e5 2. f4 exf4 3. Bc4 Qh4+ 4. Kf1 g5 5. Qf3
C33	King's Gambit Accepted: Bishop's Gambit, Cozio Defense	6	rnbqkb1r/pppp1ppp/5n2/8/2B1Pp2/8/PPPP2PP/RNBQK1NR w KQkq	1. e4 e5 2. f4 exf4 3. Bc4 Nf6
C33	King's Gambit Accepted: Bishop's Gambit, Cozio Variation	8	rnb1kbnr/ppp2ppp/3p4/8/2B1Pp1q/8/PPPP2PP/RNBQ1KNR w kq	1. e4 e5 2. f4 exf4 3. Bc4 Qh4+ 4. Kf1 d6
C33	King's Gambit Accepted: Bishop's Gambit, First Jaenisch Variation	8	rnb1kb1r/pppp1ppp/5n2/8/2B1Pp1q/8/PPPP2PP/RNBQ1KNR w kq	1. e4 e5 2. f4 exf4 3. Bc4 Qh4+ 4. Kf1 Nf6
C33	King's Gambit Accepted: Bishop's Gambit, Fraser Variation	13	rnb1k1nr/pppp1pbp/8/6p1/2B1P2q/2N2Qp1/PPPP3P/R1B2KNR b kq	1. e4 e5 2. f4 exf4 3. Bc4 Qh4+ 4. Kf1 g5 5. Nc3 Bg7 6. g3 fxg3 7. Qf3
C33	King's Gambit Accepted: Bishop's Gambit, Gianutio Gambit	6	rnbqkbnr/pppp2pp/8/5p2/2B1Pp2/8/PPPP2PP/RNBQK1NR w KQkq	1. e4 e5 2. f4 exf4 3. Bc4 f5
C33	King's Gambit Accepted: Bishop's Gambit, Greco Variation	8	rnb1k1nr/pppp1ppp/8/2b5/2B1Pp1q/8/PPPP2PP/RNBQ1KNR w kq	1. e4 e5 2. f4 exf4 3. Bc4 Qh4+ 4. Kf1 Bc5
C33	King's Gambit Accepted: Bishop's Gambit, Grimm Attack	13	rnb1k1nr/ppp2pbp/3p4/4P1p1/2BP1p1q/2N5/PPP3PP/R1BQ1KNR b kq	1. e4 e5 2. f4 exf4 3. Bc4 Qh4+ 4. Kf1 g5 5. Nc3 Bg7 6. d4 d6 7. e5
C33	King's Gambit Accepted: Bishop's Gambit, Kieseritzky Gambit	6	rnbqkbnr/p1pp1ppp/8/1p6/2B1Pp2/8/PPPP2PP/RNBQK1NR w KQkq	1. e4 e5 2. f4 exf4 3. Bc4 b5
C33	King's Gambit Accepted: Bishop's Gambit, Lopez Defense	6	rnbqkbnr/pp1p1ppp/2p5/8/2B1Pp2/8/PPPP2PP/RNBQK1NR w KQkq	1. e4 e5 2. f4 exf4 3. Bc4 c6
C33	King's Gambit Accepted: Bishop's Gambit, Lopez Variation	8	rnb1kbnr/pppp1p1p/8/6p1/2B1Pp1q/8/PPPP2PP/RNBQ1KNR w kq	1. e4 e5 2. f4 exf4 3. Bc4 Qh4+ 4. Kf1 g5
C33	King's Gambit Accepted: Bishop's Gambit, Maurian Defense	6	r1bqkbnr/pppp1ppp/2n5/8/2B1Pp2/8/PPPP2PP/RNBQK1NR w KQkq	1. e4 e5 2. f4 exf4 3. Bc4 Nc6
C33	King's Gambit Accepted: Bishop's Gambit, McDonnell Attack	13	rnb1k2r/ppppnpbp/8/6p1/2BPPp1q/2N3P1/PPP4P/R1BQ1KNR b kq	1. e4 e5 2. f4 exf4 3. Bc4 Qh4+ 4. Kf1 g5 5. Nc3 Bg7 6. d4 Ne7 7. g3
C33	King's Gambit Accepted: Bishop's Gambit, McDonnell Attack	11	rnb1k1nr/pppp1pbp/8/6p1/2B1Pp1q/2N3P1/PPPP3P/R1BQ1KNR b kq	1. e4 e5 2. f4 exf4 3. Bc4 Qh4+ 4. Kf1 g5 5. Nc3 Bg7 6. g3
C33	King's Gambit Accepted: Bishop's Gambit, Paulsen Attack	9	rnbqk2r/pppp1ppp/5n2/4P3/1bB2p2/2N5/PPPP2PP/R1BQK1NR b KQkq	1. e4 e5 2. f4 exf4 3. Bc4 Nf6 4. Nc3 Bb4 5. e5
C33	King's Gambit Accepted: Bishop's Gambit, Steinitz Defense	6	rnbqkb1r/ppppnppp/8/8/2B1Pp2/8/PPPP2PP/RNBQK1NR w KQkq	1. e4 e5 2. f4 exf4 3. Bc4 Ne7
C33	King's Gambit Accepted: Breyer Gambit	5	rnbqkbnr/pppp1ppp/8/8/4Pp2/5Q2/PPPP2PP/RNB1KBNR b KQkq	1. e4 e5 2. f4 exf4 3. Qf3
C33	King's Gambit Accepted: Carrera Gambit	5	rnbqkbnr/pppp1ppp/8/7Q/4Pp2/8/PPPP2PP/RNB1KBNR b KQkq	1. e4 e5 2. f4 exf4 3. Qh5
C33	King's Gambit Accepted: Dodo Variation	5	rnbqkbnr/pppp1ppp/8/8/4PpQ1/8/PPPP2PP/RNB1KBNR b KQkq	1. e4 e5 2. f4 exf4 3. Qg4
C33	King's Gambit Accepted: Eisenberg Variation	5	rnbqkbnr/pppp1ppp/8/8/4Pp2/7N/PPPP2PP/RNBQKB1R b KQkq	1. e4 e5 2. f4 exf4 3. Nh3
C33	King's Gambit Accepted: Gaga Gambit	5	rnbqkbnr/pppp1ppp/8/8/4Pp2/6P1/PPPP3P/RNBQKBNR b KQkq	1. e4 e5 2. f4 exf4 3. g3
C33	King's Gambit Accepted: Lopez-Gianutio Countergambit, Hein Variation	12	rnbk1bnr/pppp2pp/8/8/2B1pp1q/2N5/PPPPQ1PP/R1BK2NR w -	1. e4 e5 2. f4 exf4 3. Bc4 f5 4. Qe2 Qh4+ 5. Kd1 fxe4 6. Nc3 Kd8
C33	King's Gambit Accepted: Mason-Keres Gambit	5	rnbqkbnr/pppp1ppp/8/8/4Pp2/2N5/PPPP2PP/R1BQKBNR b KQkq	1. e4 e5 2. f4 exf4 3. Nc3
C33	King's Gambit Accepted: Orsini Gambit	5	rnbqkbnr/pppp1ppp/8/8/4Pp2/1P6/P1PP2PP/RNBQKBNR b KQkq	1. e4 e5 2. f4 exf4 3. b3
C33	King's Gambit Accepted: Paris Gambit	5	rnbqkbnr/pppp1ppp/8/8/4Pp2/8/PPPPN1PP/RNBQKB1R b KQkq	1. e4 e5 2. f4 exf4 3. Ne2
C33	King's Gambit Accepted: Schurig Gambit, with Bb5	5	rnbqkbnr/pppp1ppp/8/1B6/4Pp2/8/PPPP2PP/RNBQK1NR b KQkq	1. e4 e5 2. f4 exf4 3. Bb5
C33	King's Gambit Accepted: Schurig Gambit, with Bd3	5	rnbqkbnr/pppp1ppp/8/8/4Pp2/3B4/PPPP2PP/RNBQK1NR b KQkq	1. e4 e5 2. f4 exf4 3. Bd3
C33	King's Gambit Accepted: Stamma Gambit	5	rnbqkbnr/pppp1ppp/8/8/4Pp1P/8/PPPP2P1/RNBQKBNR b KQkq	1. e4 e5 2. f4 exf4 3. h4
C33	King's Gambit Accepted: Tartakower Gambit	5	rnbqkbnr/pppp1ppp/8/8/4Pp2/8/PPPPB1PP/RNBQK1NR b KQkq	1. e4 e5 2. f4 exf4 3. Be2
C33	King's Gambit Accepted: Tartakower Gambit, Weiss Defense	8	rnbqkbnr/ppp3pp/3p4/5P2/5p2/8/PPPPB1PP/RNBQK1NR w KQkq	1. e4 e5 2. f4 exf4 3. Be2 f5 4. exf5 d6
C33	King's Gambit Accepted: Tumbleweed	5	rnbqkbnr/pppp1ppp/8/8/4Pp2/8/PPPP1KPP/RNBQ1BNR b kq	1. e4 e5 2. f4 exf4 3. Kf2
C33	King's Gambit Accepted: Villemson Gambit	5	rnbqkbnr/pppp1ppp/8/8/3PPp2/8/PPP3PP/RNBQKBNR b KQkq	1. e4 e5 2. f4 exf4 3. d4
C34	King's Gambit Accepted: Becker Defense	6	rnbqkbnr/pppp1pp1/7p/8/4Pp2/5N2/PPPP2PP/RNBQKB1R w KQkq	1. e4 e5 2. f4 exf4 3. Nf3 h6
C34	King's Gambit Accepted: Bonsch-Osmolovsky Variation	6	rnbqkb1r/ppppnppp/8/8/4Pp2/5N2/PPPP2PP/RNBQKB1R w KQkq	1. e4 e5 2. f4 exf4 3. Nf3 Ne7
C34	King's Gambit Accepted: Fischer Defense	6	rnbqkbnr/ppp2ppp/3p4/8/4Pp2/5N2/PPPP2PP/RNBQKB1R w KQkq	1. e4 e5 2. f4 exf4 3. Nf3 d6
C34	King's Gambit Accepted: Fischer Defense, Schulder Gambit	7	rnbqkbnr/ppp2ppp/3p4/8/1P2Pp2/5N2/P1PP2PP/RNBQKB1R b KQkq	1. e4 e5 2. f4 exf4 3. Nf3 d6 4. b4
C34	King's Gambit Accepted: Fischer Defense, Spanish Variation	9	rnbqkb1r/ppp2ppp/3p1n2/8/3PPp2/3B1N2/PPP3PP/RNBQK2R b KQkq	1. e4 e5 2. f4 exf4 3. Nf3 d6 4. d4 Nf6 5. Bd3
C34	King's Gambit Accepted: Gianutio Countergambit	6	rnbqkbnr/pppp2pp/8/5p2/4Pp2/5N2/PPPP2PP/RNBQKB1R w KQkq	1. e4 e5 2. f4 exf4 3. Nf3 f5
C34	King's Gambit Accepted: Greco Gambit	12	rnbqk1nr/ppp2pb1/3p3p/6p1/2BPPp1P/5N2/PPP3P1/RNBQK2R w KQkq	1. e4 e5 2. f4 exf4 3. Nf3 d6 4. Bc4 h6 5. d4 g5 6. h4 Bg7
C34	King's Gambit Accepted: King's Knight's Gambit	6	rnbqkbnr/pppp1p1p/8/6p1/4Pp2/5N2/PPPP2PP/RNBQKB1R w KQkq	1. e4 e5 2. f4 exf4 3. Nf3 g5
C34	King's Gambit Accepted: King's Knight's Gambit	5	rnbqkbnr/pppp1ppp/8/8/4Pp2/5N2/PPPP2PP/RNBQKB1R b KQkq	1. e4 e5 2. f4 exf4 3. Nf3
C34	King's Gambit Accepted: MacLeod Defense	6	r1bqkbnr/pppp1ppp/2n5/8/4Pp2/5N2/PPPP2PP/RNBQKB1R w KQkq	1. e4 e5 2. f4 exf4 3. Nf3 Nc6
C34	King's Gambit Accepted: Schallopp Defense	6	rnbqkb1r/pppp1ppp/5n2/8/4Pp2/5N2/PPPP2PP/RNBQKB1R w KQkq	1. e4 e5 2. f4 exf4 3. Nf3 Nf6
C34	King's Gambit Accepted: Schallopp Defense, Tashkent Attack	9	rnbqkb1r/pppp1ppp/8/4P2n/5pP1/5N2/PPPP3P/RNBQKB1R b KQkq	1. e4 e5 2. f4 exf4 3. Nf3 Nf6 4. e5 Nh5 5. g4
C34	King's Gambit Accepted: Wagenbach Defense	6	rnbqkbnr/pppp1pp1/8/7p/4Pp2/5N2/PPPP2PP/RNBQKB1R w KQkq	1. e4 e5 2. f4 exf4 3. Nf3 h5
C35	King's Gambit Accepted: Cunningham Defense	6	rnbqk1nr/ppppbppp/8/8/4Pp2/5N2/PPPP2PP/RNBQKB1R w KQkq	1. e4 e5 2. f4 exf4 3. Nf3 Be7
C35	King's Gambit Accepted: Cunningham Defense, Bertin Gambit	9	rnbqk1nr/pppp1ppp/8/8/2B1Pp1b/5NP1/PPPP3P/RNBQK2R b KQkq	1. e4 e5 2. f4 exf4 3. Nf3 Be7 4. Bc4 Bh4+ 5. g3
C35	King's Gambit Accepted: Cunningham Defense, Bertin Gambit	13	rnbqk1nr/pppp1ppp/8/8/2B1P2b/5N2/PPPP3p/RNBQ1R1K b kq	1. e4 e5 2. f4 exf4 3. Nf3 Be7 4. Bc4 Bh4+ 5. g3 fxg3 6. O-O gxh2+ 7. Kh1
C35	King's Gambit Accepted: Cunningham Defense, McCormick Defense	8	rnbqk2r/ppppbppp/5n2/8/2B1Pp2/5N2/PPPP2PP/RNBQK2R w KQkq	1. e4 e5 2. f4 exf4 3. Nf3 Be7 4. Bc4 Nf6
C36	King's Gambit Accepted: Abbazia Defense	8	rnbqkb1r/ppp2ppp/5n2/3P4/5p2/5N2/PPPP2PP/RNBQKB1R w KQkq	1. e4 e5 2. f4 exf4 3. Nf3 d5 4. exd5 Nf6
C36	King's Gambit Accepted: Abbazia Defense, Main Line	14	rnbqkb1r/p4ppp/2p5/3n4/2B2p2/5N2/PPPP2PP/RNBQK2R w KQkq	1. e4 e5 2. f4 exf4 3. Nf3 d5 4. exd5 Nf6 5. Bb5+ c6 6. dxc6 bxc6 7. Bc4 Nd5
C36	King's Gambit Accepted: Modern Defense	6	rnbqkbnr/ppp2ppp/8/3p4/4Pp2/5N2/PPPP2PP/RNBQKB1R w KQkq	1. e4 e5 2. f4 exf4 3. Nf3 d5
C36	King's Gambit Accepted: Modern Defense	7	rnbqkbnr/ppp2ppp/8/3P4/5p2/5N2/PPPP2PP/RNBQKB1R b KQkq	1. e4 e5 2. f4 exf4 3. Nf3 d5 4. exd5
C37	King's Gambit Accepted: Australian Gambit	9	rnbqkbnr/pppp1p1p/8/8/2B1PppP/5N2/PPPP2P1/RNBQK2R b KQkq	1. e4 e5 2. f4 exf4 3. Nf3 g5 4. Bc4 g4 5. h4
C37	King's Gambit Accepted: Blachly Gambit	8	r1bqkbnr/pppp1p1p/2n5/6p1/2B1Pp2/5N2/PPPP2PP/RNBQK2R w KQkq	1. e4 e5 2. f4 exf4 3. Nf3 Nc6 4. Bc4 g5
C37	King's Gambit Accepted: Double Muzio Gambit	15	rnb1kbnr/pppp1B1p/8/4q3/5p2/5Q2/PPPP2PP/RNB2RK1 b kq	1. e4 e5 2. f4 exf4 3. Nf3 g5 4. Bc4 g4 5. O-O gxf3 6. Qxf3 Qf6 7. e5 Qxe5 8. Bxf7+
C37	King's Gambit Accepted: Double Muzio Gambit, Baldwin Gambit	17	rnb1kbnr/pppp1p1p/8/3N4/2q1Pp2/5Q2/PPPP2PP/R1B2R1K b kq	1. e4 e5 2. f4 exf4 3. Nf3 g5 4. Bc4 g4 5. O-O gxf3 6. Qxf3 Qf6 7. Nc3 Qd4+ 8. Kh1 Qxc4 9. Nd5
C37	King's Gambit Accepted: Double Muzio Gambit, Bello Gambit	13	rnb1kbnr/pppp1p1p/5q2/8/2B1Pp2/2N2Q2/PPPP2PP/R1B2RK1 b kq	1. e4 e5 2. f4 exf4 3. Nf3 g5 4. Bc4 g4 5. O-O gxf3 6. Qxf3 Qf6 7. Nc3
C37	King's Gambit Accepted: Double Muzio Gambit, Paulsen Defense	21	r1b1k2r/ppppnp1p/2n4b/4q3/2B2p2/2NP1Q2/PPPB2PP/4RRK1 b kq	1. e4 e5 2. f4 exf4 3. Nf3 g5 4. Bc4 g4 5. O-O gxf3 6. Qxf3 Qf6 7. e5 Qxe5 8. d3 Bh6 9. Nc3 Ne7 10. Bd2 Nbc6 11. Rae1
C37	King's Gambit Accepted: Double Muzio Gambit, Young Gambit	20	rnb2bnr/pppp1k1p/5q2/8/4P3/2N1pQ2/PPP3PP/R4RK1 w -	1. e4 e5 2. f4 exf4 3. Nf3 g5 4. Bc4 g4 5. O-O gxf3 6. Qxf3 Qf6 7. Bxf7+ Kxf7 8. d4 Qxd4+ 9. Be3 Qf6 10. Nc3 fxe3
C37	King's Gambit Accepted: Ghulam-Kassim Gambit	9	rnbqkbnr/pppp1p1p/8/8/2BPPpp1/5N2/PPP3PP/RNBQK2R b KQkq	1. e4 e5 2. f4 exf4 3. Nf3 g5 4. Bc4 g4 5. d4
C37	King's Gambit Accepted: Ghulam-Kassim Gambit	11	rnbqkbnr/pppp1p1p/8/8/2BPPp2/5Q2/PPP3PP/RNB1K2R b KQkq	1. e4 e5 2. f4 exf4 3. Nf3 g5 4. Bc4 g4 5. d4 gxf3 6. Qxf3
C37	King's Gambit Accepted: King's Knight's Gambit	7	rnbqkbnr/pppp1p1p/8/6p1/2B1Pp2/5N2/PPPP2PP/RNBQK2R b KQkq	1. e4 e5 2. f4 exf4 3. Nf3 g5 4. Bc4
C37	King's Gambit Accepted: Kotov Gambit	11	rnbqkbnr/pppp1p1p/8/8/2BPPB2/5p2/PPP3PP/RN1QK2R b KQkq	1. e4 e5 2. f4 exf4 3. Nf3 g5 4. Bc4 g4 5. d4 gxf3 6. Bxf4
C37	King's Gambit Accepted: Lolli Gambit	9	rnbqkbnr/pppp1B1p/8/8/4Ppp1/5N2/PPPP2PP/RNBQK2R b KQkq	1. e4 e5 2. f4 exf4 3. Nf3 g5 4. Bc4 g4 5. Bxf7+
C37	King's Gambit Accepted: Lolli Gambit, Young Variation	19	rnb2bnr/pppp1k1p/5q2/8/4Pp2/2N1BQ2/PPP3PP/R4RK1 b -	1. e4 e5 2. f4 exf4 3. Nf3 g5 4. Bc4 g4 5. Bxf7+ Kxf7 6. O-O gxf3 7. Qxf3 Qf6 8. d4 Qxd4+ 9. Be3 Qf6 10. Nc3
C37	King's Gambit Accepted: McDonnell Gambit	9	rnbqkbnr/pppp1p1p/8/8/2B1Ppp1/2N2N2/PPPP2PP/R1BQK2R b KQkq	1. e4 e5 2. f4 exf4 3. Nf3 g5 4. Bc4 g4 5. Nc3
C37	King's Gambit Accepted: Middleton Countergambit	14	rn1qkbnr/ppp2p2/3p4/6p1/2B1Ppp1/5N2/PPPP2P1/RNBQ1RK1 w kq	1. e4 e5 2. f4 exf4 3. Nf3 g5 4. Bc4 d6 5. O-O Bg4 6. h3 h5 7. hxg4 hxg4
C37	King's Gambit Accepted: Muzio Gambit Accepted, From's Defense	12	rnb1kbnr/ppppqp1p/8/8/2B1Pp2/5Q2/PPPP2PP/RNB2RK1 w kq	1. e4 e5 2. f4 exf4 3. Nf3 g5 4. Bc4 g4 5. O-O gxf3 6. Qxf3 Qe7
C37	King's Gambit Accepted: Muzio Gambit, Brentano Defense	10	rnbqkbnr/ppp2p1p/8/3p4/2B1Ppp1/5N2/PPPP2PP/RNBQ1RK1 w kq	1. e4 e5 2. f4 exf4 3. Nf3 g5 4. Bc4 g4 5. O-O d5
C37	King's Gambit Accepted: Muzio Gambit, Holloway Defense	12	r1bqkbnr/pppp1p1p/2n5/8/2B1Pp2/5Q2/PPPP2PP/RNB2RK1 w kq	1. e4 e5 2. f4 exf4 3. Nf3 g5 4. Bc4 g4 5. O-O gxf3 6. Qxf3 Nc6
C37	King's Gambit Accepted: Muzio Gambit, Kling and Horwitz Counterattack	10	rnb1kbnr/ppppqp1p/8/8/2B1Ppp1/5N2/PPPP2PP/RNBQ1RK1 w kq	1. e4 e5 2. f4 exf4 3. Nf3 g5 4. Bc4 g4 5. O-O Qe7
C37	King's Gambit Accepted: Muzio Gambit, Sarratt Defense	12	rnb1kbnr/pppp1p1p/5q2/8/2B1Pp2/5Q2/PPPP2PP/RNB2RK1 w kq	1. e4 e5 2. f4 exf4 3. Nf3 g5 4. Bc4 g4 5. O-O gxf3 6. Qxf3 Qf6
C37	King's Gambit Accepted: Muzio Gambit, Wild Muzio Gambit	9	rnbqkbnr/pppp1p1p/8/8/2B1Ppp1/5N2/PPPP2PP/RNBQ1RK1 b kq	1. e4 e5 2. f4 exf4 3. Nf3 g5 4. Bc4 g4 5. O-O
C37	King's Gambit Accepted: Quaade Gambit	7	rnbqkbnr/pppp1p1p/8/6p1/4Pp2/2N2N2/PPPP2PP/R1BQKB1R b KQkq	1. e4 e5 2. f4 exf4 3. Nf3 g5 4. Nc3
C37	King's Gambit Accepted: Rosentreter Gambit	7	rnbqkbnr/pppp1p1p/8/6p1/3PPp2/5N2/PPP3PP/RNBQKB1R b KQkq	1. e4 e5 2. f4 exf4 3. Nf3 g5 4. d4
C37	King's Gambit Accepted: Rosentreter Gambit, Bird Gambit	11	rnb1kbnr/pppp1p1p/8/4N3/3PPppq/6P1/PPP4P/RNBQKB1R b KQkq	1. e4 e5 2. f4 exf4 3. Nf3 g5 4. d4 g4 5. Ne5 Qh4+ 6. g3
C37	King's Gambit Accepted: Rosentreter Gambit, Sörensen Gambit	9	rnbqkbnr/pppp1p1p/8/8/3PPpp1/2N2N2/PPP3PP/R1BQKB1R b KQkq	1. e4 e5 2. f4 exf4 3. Nf3 g5 4. d4 g4 5. Nc3
C37	King's Gambit Accepted: Rosentreter Gambit, Testa Variation	9	rnbqkbnr/pppp1p1p/8/8/3PPBp1/5N2/PPP3PP/RN1QKB1R b KQkq	1. e4 e5 2. f4 exf4 3. Nf3 g5 4. d4 g4 5. Bxf4
C37	King's Gambit Accepted: Salvio Gambit	9	rnbqkbnr/pppp1p1p/8/4N3/2B1Ppp1/8/PPPP2PP/RNBQK2R b KQkq	1. e4 e5 2. f4 exf4 3. Nf3 g5 4. Bc4 g4 5. Ne5
C37	King's Gambit Accepted: Salvio Gambit, Anderssen Counterattack	14	rnb1kb1r/ppp2p1p/3p3n/4N3/2BPPppq/8/PPP3PP/RNBQ1K1R w kq	1. e4 e5 2. f4 exf4 3. Nf3 g5 4. Bc4 g4 5. Ne5 Qh4+ 6. Kf1 Nh6 7. d4 d6
C37	King's Gambit Accepted: Salvio Gambit, Cochrane Gambit	12	rnb1kbnr/pppp1p1p/8/4N3/2B1P1pq/5p2/PPPP2PP/RNBQ1K1R w kq	1. e4 e5 2. f4 exf4 3. Nf3 g5 4. Bc4 g4 5. Ne5 Qh4+ 6. Kf1 f3
C37	King's Gambit Accepted: Salvio Gambit, Santa Maria Defense	12	rnb1kb1r/pppp1p1p/5n2/4N3/2B1Pppq/8/PPPP2PP/RNBQ1K1R w kq	1. e4 e5 2. f4 exf4 3. Nf3 g5 4. Bc4 g4 5. Ne5 Qh4+ 6. Kf1 Nf6
C37	King's Gambit Accepted: Salvio Gambit, Silberschmidt Defense	12	rnb1kb1r/pppp1p1p/7n/4N3/2B1Pppq/8/PPPP2PP/RNBQ1K1R w kq	1. e4 e5 2. f4 exf4 3. Nf3 g5 4. Bc4 g4 5. Ne5 Qh4+ 6. Kf1 Nh6
C37	King's Gambit Accepted: Salvio Gambit, Viennese Variation	12	r1b1kbnr/pppp1p1p/2n5/4N3/2B1Pppq/8/PPPP2PP/RNBQ1K1R w kq	1. e4 e5 2. f4 exf4 3. Nf3 g5 4. Bc4 g4 5. Ne5 Qh4+ 6. Kf1 Nc6
C37	King's Gambit Accepted: Silberschmidt Gambit	14	rnb1kb1r/pppp1p1p/7n/4N3/2BPP1pq/5p2/PPP3PP/RNBQ1K1R w kq	1. e4 e5 2. f4 exf4 3. Nf3 g5 4. Bc4 g4 5. Ne5 Qh4+ 6. Kf1 Nh6 7. d4 f3
C37	King's Gambit Accepted: Sörensen Gambit	9	rnbqkbnr/pppp1p1p/8/4N3/3PPpp1/8/PPP3PP/RNBQKB1R b KQkq	1. e4 e5 2. f4 exf4 3. Nf3 g5 4. d4 g4 5. Ne5
C38	King's Gambit Accepted: Greco Gambit	19	rnbqk1nb/pp3p2/2pp4/4N1p1/2BPPp2/2N5/PPP3P1/R1BQK3 b Qq	1. e4 e5 2. f4 exf4 3. Nf3 g5 4. Bc4 Bg7 5. h4 h6 6. d4 d6 7. Nc3 c6 8. hxg5 hxg5 9. Rxh8 Bxh8 10. Ne5
C38	King's Gambit Accepted: Hanstein Gambit	9	rnbqk1nr/pppp1pbp/8/6p1/2B1Pp2/5N2/PPPP2PP/RNBQ1RK1 b kq	1. e4 e5 2. f4 exf4 3. Nf3 g5 4. Bc4 Bg7 5. O-O
C38	King's Gambit Accepted: Mayet Gambit	11	rnbqk1nr/ppp2pbp/3p4/6p1/2BPPp2/2P2N2/PP4PP/RNBQK2R b KQkq	1. e4 e5 2. f4 exf4 3. Nf3 g5 4. Bc4 Bg7 5. d4 d6 6. c3
C38	King's Gambit Accepted: Philidor Gambit	9	rnbqk1nr/pppp1pbp/8/6p1/2B1Pp1P/5N2/PPPP2P1/RNBQK2R b KQkq	1. e4 e5 2. f4 exf4 3. Nf3 g5 4. Bc4 Bg7 5. h4
C38	King's Gambit Accepted: Philidor Gambit, Schultz Variation	13	rnbqk1nr/ppp2pb1/3p3p/6p1/2BPPp1P/3Q1N2/PPP3P1/RNB1K2R b KQkq	1. e4 e5 2. f4 exf4 3. Nf3 h6 4. Bc4 d6 5. d4 g5 6. h4 Bg7 7. Qd3
C38	King's Gambit Accepted: Traditional Variation	8	rnbqk1nr/pppp1pbp/8/6p1/2B1Pp2/5N2/PPPP2PP/RNBQK2R w KQkq	1. e4 e5 2. f4 exf4 3. Nf3 g5 4. Bc4 Bg7
C39	King's Gambit Accepted: Allgaier Gambit	9	rnbqkbnr/pppp1p1p/8/6N1/4PppP/8/PPPP2P1/RNBQKB1R b KQkq	1. e4 e5 2. f4 exf4 3. Nf3 g5 4. h4 g4 5. Ng5
C39	King's Gambit Accepted: Allgaier Gambit, Thorold Attack	13	rnbq1bnr/pppp1k2/7p/8/3PPppP/8/PPP3P1/RNBQKB1R b KQ	1. e4 e5 2. f4 exf4 3. Nf3 g5 4. h4 g4 5. Ng5 h6 6. Nxf7 Kxf7 7. d4
C39	King's Gambit Accepted: Allgaier Gambit, Urusov Attack	13	rnbq1bnr/pppp1k2/7p/8/2B1PppP/8/PPPP2P1/RNBQK2R b KQ	1. e4 e5 2. f4 exf4 3. Nf3 g5 4. h4 g4 5. Ng5 h6 6. Nxf7 Kxf7 7. Bc4+
C39	King's Gambit Accepted: Allgaier, Blackburne Gambit	13	rnbq1bnr/pppp1k2/7p/8/4PppP/2N5/PPPP2P1/R1BQKB1R b KQ	1. e4 e5 2. f4 exf4 3. Nf3 g5 4. h4 g4 5. Ng5 h6 6. Nxf7 Kxf7 7. Nc3
C39	King's Gambit Accepted: Allgaier, Cook Variation	19	rnbq1bnr/ppp3k1/7p/4B3/2BPp1pP/8/PPP3P1/RN1QK2R b KQ	1. e4 e5 2. f4 exf4 3. Nf3 g5 4. h4 g4 5. Ng5 h6 6. Nxf7 Kxf7 7. d4 d5 8. Bxf4 dxe4 9. Bc4+ Kg7 10. Be5+
C39	King's Gambit Accepted: Allgaier, Horny Defense	16	rnbq3r/pppp1k2/3b1n1p/8/4PQ1P/8/PPPP2P1/RNB1KB1R w KQ	1. e4 e5 2. f4 exf4 3. Nf3 g5 4. h4 g4 5. Ng5 h6 6. Nxf7 Kxf7 7. Qxg4 Nf6 8. Qxf4 Bd6
C39	King's Gambit Accepted: Allgaier, Schlechter Defense	10	rnbqkb1r/pppp1p1p/5n2/6N1/4PppP/8/PPPP2P1/RNBQKB1R w KQkq	1. e4 e5 2. f4 exf4 3. Nf3 g5 4. h4 g4 5. Ng5 Nf6
C39	King's Gambit Accepted: Allgaier, Urusov Attack	17	rnbq1bnr/ppp3k1/7p/3B4/3PPppP/8/PPP3P1/RNBQK2R b KQ	1. e4 e5 2. f4 exf4 3. Nf3 g5 4. h4 g4 5. Ng5 h6 6. Nxf7 Kxf7 7. Bc4+ d5 8. Bxd5+ Kg7 9. d4
C39	King's Gambit Accepted: Kieseritzky Gambit	9	rnbqkbnr/pppp1p1p/8/4N3/4PppP/8/PPPP2P1/RNBQKB1R b KQkq	1. e4 e5 2. f4 exf4 3. Nf3 g5 4. h4 g4 5. Ne5
C39	King's Gambit Accepted: Kieseritzky Gambit, Anderssen Defense	14	rnbqk2r/ppp2p1p/3b1n2/3PN3/2B2ppP/8/PPPP2P1/RNBQK2R w KQkq	1. e4 e5 2. f4 exf4 3. Nf3 g5 4. h4 g4 5. Ne5 Nf6 6. Bc4 d5 7. exd5 Bd6
C39	King's Gambit Accepted: Kieseritzky Gambit, Anderssen-Cordel Gambit	18	rnbqk2r/ppp2p1p/3b4/3PN3/2BP1npP/8/PPP3P1/RN1QK2R w KQkq	1. e4 e5 2. f4 exf4 3. Nf3 g5 4. h4 g4 5. Ne5 Nf6 6. Bc4 d5 7. exd5 Bd6 8. d4 Nh5 9. Bxf4 Nxf4
C39	King's Gambit Accepted: Kieseritzky Gambit, Berlin Defense	10	rnbqkb1r/pppp1p1p/5n2/4N3/4PppP/8/PPPP2P1/RNBQKB1R w KQkq	1. e4 e5 2. f4 exf4 3. Nf3 g5 4. h4 g4 5. Ne5 Nf6
C39	King's Gambit Accepted: Kieseritzky Gambit, Berlin Defense, Rubinstein Variation	11	rnbqkb1r/pppp1p1p/5n2/4N3/3PPppP/8/PPP3P1/RNBQKB1R b KQkq	1. e4 e5 2. f4 exf4 3. Nf3 g5 4. h4 g4 5. Ne5 Nf6 6. d4
C39	King's Gambit Accepted: Kieseritzky Gambit, Berlin Defense, de Riviere Variation	12	rnbqkb1r/ppp2p1p/5n2/3p4/4PpNP/8/PPPP2P1/RNBQKB1R w KQkq	1. e4 e5 2. f4 exf4 3. Nf3 g5 4. h4 g4 5. Ne5 Nf6 6. Nxg4 d5
C39	King's Gambit Accepted: Kieseritzky Gambit, Brentano Defense	10	rnbqkbnr/ppp2p1p/8/3pN3/4PppP/8/PPPP2P1/RNBQKB1R w KQkq	1. e4 e5 2. f4 exf4 3. Nf3 g5 4. h4 g4 5. Ne5 d5
C39	King's Gambit Accepted: Kieseritzky Gambit, Brentano Defense	13	rnbqkb1r/ppp2p1p/5n2/3pN3/3PPBpP/8/PPP3P1/RN1QKB1R b KQkq	1. e4 e5 2. f4 exf4 3. Nf3 g5 4. h4 g4 5. Ne5 d5 6. d4 Nf6 7. Bxf4
C39	King's Gambit Accepted: Kieseritzky Gambit, Brentano Defense, Caro Variation	15	rnbqkb1r/ppp2p1p/8/3pN3/3PnBpP/8/PPPN2P1/R2QKB1R b KQkq	1. e4 e5 2. f4 exf4 3. Nf3 g5 4. h4 g4 5. Ne5 d5 6. d4 Nf6 7. Bxf4 Nxe4 8. Nd2
C39	King's Gambit Accepted: Kieseritzky Gambit, Cotter Gambit	11	rnbqkbnr/pppp1N2/7p/8/4PppP/8/PPPP2P1/RNBQKB1R b KQkq	1. e4 e5 2. f4 exf4 3. Nf3 g5 4. h4 g4 5. Ng5 h6 6. Nxf7
C39	King's Gambit Accepted: Kieseritzky Gambit, Kolisch Defense	10	rnbqkbnr/ppp2p1p/3p4/4N3/4PppP/8/PPPP2P1/RNBQKB1R w KQkq	1. e4 e5 2. f4 exf4 3. Nf3 g5 4. h4 g4 5. Ne5 d6
C39	King's Gambit Accepted: Kieseritzky Gambit, Long Whip	10	rnbqkbnr/pppp1p2/8/4N2p/4PppP/8/PPPP2P1/RNBQKB1R w KQkq	1. e4 e5 2. f4 exf4 3. Nf3 g5 4. h4 g4 5. Ne5 h5
C39	King's Gambit Accepted: Kieseritzky Gambit, Neumann Defense	10	r1bqkbnr/pppp1p1p/2n5/4N3/4PppP/8/PPPP2P1/RNBQKB1R w KQkq	1. e4 e5 2. f4 exf4 3. Nf3 g5 4. h4 g4 5. Ne5 Nc6
C39	King's Gambit Accepted: Kieseritzky Gambit, Paulsen Defense	10	rnbqk1nr/pppp1pbp/8/4N3/4PppP/8/PPPP2P1/RNBQKB1R w KQkq	1. e4 e5 2. f4 exf4 3. Nf3 g5 4. h4 g4 5. Ne5 Bg7
C39	King's Gambit Accepted: Kieseritzky Gambit, Paulsen Defense Deferred	14	rnbqk2r/ppp2pbp/5n2/3PN3/2B2ppP/8/PPPP2P1/RNBQK2R w KQkq	1. e4 e5 2. f4 exf4 3. Nf3 g5 4. h4 g4 5. Ne5 Nf6 6. Bc4 d5 7. exd5 Bg7
C39	King's Gambit Accepted: Kieseritzky Gambit, Rice Gambit	16	rnbqk2r/ppp2p1p/5n2/3Pb3/2B2ppP/8/PPPP2P1/RNBQ1RK1 w kq	1. e4 e5 2. f4 exf4 3. Nf3 g5 4. h4 g4 5. Ne5 Nf6 6. Bc4 d5 7. exd5 Bd6 8. O-O Bxe5
C39	King's Gambit Accepted: Kieseritzky Gambit, Rosenthal Defense	10	rnb1kbnr/ppppqp1p/8/4N3/4PppP/8/PPPP2P1/RNBQKB1R w KQkq	1. e4 e5 2. f4 exf4 3. Nf3 g5 4. h4 g4 5. Ne5 Qe7
C39	King's Gambit Accepted: Kieseritzky, Long Whip Defense, Jaenisch Variation	15	rnbqk1n1/pppp1p1r/7b/4N2p/2BPPppP/2N5/PPP3P1/R1BQK2R b KQq	1. e4 e5 2. f4 exf4 3. Nf3 g5 4. h4 g4 5. Ne5 h5 6. Bc4 Rh7 7. d4 Bh6 8. Nc3
C39	King's Gambit Accepted: Kieseritzky, Polerio Defense	10	rnbqk1nr/ppppbp1p/8/4N3/4PppP/8/PPPP2P1/RNBQKB1R w KQkq	1. e4 e5 2. f4 exf4 3. Nf3 g5 4. h4 g4 5. Ne5 Be7
C39	King's Gambit Accepted: Kieseritzky, Rice Gambit	15	rnbqk2r/ppp2p1p/3b1n2/3PN3/2B2ppP/8/PPPP2P1/RNBQ1RK1 b kq	1. e4 e5 2. f4 exf4 3. Nf3 g5 4. h4 g4 5. Ne5 Nf6 6. Bc4 d5 7. exd5 Bd6 8. O-O
C39	King's Gambit Accepted: Kieseritzky, Salvio Defense, Cozio Variation	13	rnb1kbnr/ppppq2p/8/4Np2/2BPPppP/8/PPP3P1/RNBQK2R b KQkq	1. e4 e5 2. f4 exf4 3. Nf3 g5 4. h4 g4 5. Ne5 Qe7 6. d4 f5 7. Bc4
C39	King's Gambit Accepted: King's Knight's Gambit	7	rnbqkbnr/pppp1p1p/8/6p1/4Pp1P/5N2/PPPP2P1/RNBQKB1R b KQkq	1. e4 e5 2. f4 exf4 3. Nf3 g5 4. h4
C40	Elephant Gambit	4	rnbqkbnr/ppp2ppp/8/3pp3/4P3/5N2/PPPP1PPP/RNBQKB1R w KQkq	1. e4 e5 2. Nf3 d5
C40	Elephant Gambit: Maróczy Gambit	6	rnbqk1nr/ppp2ppp/3b4/3Pp3/8/5N2/PPPP1PPP/RNBQKB1R w KQkq	1. e4 e5 2. Nf3 d5 3. exd5 Bd6
C40	Elephant Gambit: Paulsen Countergambit	6	rnbqkbnr/ppp2ppp/8/3P4/4p3/5N2/PPPP1PPP/RNBQKB1R w KQkq	1. e4 e5 2. Nf3 d5 3. exd5 e4
C40	Elephant Gambit: Wasp Variation	8	rnb1kbnr/ppp2ppp/8/4N1q1/2B1p3/8/PPPP1PPP/RNBQK2R w KQkq	1. e4 e5 2. Nf3 d5 3. Nxe5 dxe4 4. Bc4 Qg5
C40	Gunderam Defense	4	rnb1kbnr/ppppqppp/8/4p3/4P3/5N2/PPPP1PPP/RNBQKB1R w KQkq	1. e4 e5 2. Nf3 Qe7
C40	King's Knight Opening	3	rnbqkbnr/pppp1ppp/8/4p3/4P3/5N2/PPPP1PPP/RNBQKB1R b KQkq	1. e4 e5 2. Nf3
C40	King's Pawn Game: Busch-Gass Gambit	4	rnbqk1nr/pppp1ppp/8/2b1p3/4P3/5N2/PPPP1PPP/RNBQKB1R w KQkq	1. e4 e5 2. Nf3 Bc5
C40	King's Pawn Game: Busch-Gass Gambit, Chiodini Gambit	6	r1bqk1nr/pppp1ppp/2n5/2b1N3/4P3/8/PPPP1PPP/RNBQKB1R w KQkq	1. e4 e5 2. Nf3 Bc5 3. Nxe5 Nc6
C40	King's Pawn Game: Damiano Defense	4	rnbqkbnr/pppp2pp/5p2/4p3/4P3/5N2/PPPP1PPP/RNBQKB1R w KQkq	1. e4 e5 2. Nf3 f6
C40	King's Pawn Game: Damiano Defense, Damiano Gambit	11	rnb1kbnQ/ppppq2p/6p1/8/4P3/8/PPPP1PPP/RNB1KB1R b KQq	1. e4 e5 2. Nf3 f6 3. Nxe5 fxe5 4. Qh5+ g6 5. Qxe5+ Qe7 6. Qxh8
C40	King's Pawn Game: Damiano Defense, Damiano Gambit, Chigorin Gambit	8	rnb1kbnr/ppp1q1pp/5p2/3p4/4P3/5N2/PPPP1PPP/RNBQKB1R w KQkq	1. e4 e5 2. Nf3 f6 3. Nxe5 Qe7 4. Nf3 d5
C40	King's Pawn Game: Gunderam Defense, Gunderam Gambit	6	rnb1kbnr/ppppq1pp/8/4pp2/2B1P3/5N2/PPPP1PPP/RNBQK2R w KQkq	1. e4 e5 2. Nf3 Qe7 3. Bc4 f5
C40	King's Pawn Game: Gunderam Gambit	4	rnbqkbnr/pp1p1ppp/2p5/4p3/4P3/5N2/PPPP1PPP/RNBQKB1R w KQkq	1. e4 e5 2. Nf3 c6
C40	King's Pawn Game: La Bourdonnais Gambit	7	rnb1kbnr/pppp1ppp/6q1/4p3/2B1P3/5N2/PPPP1PPP/RNBQ1RK1 b kq	1. e4 e5 2. Nf3 Qf6 3. Bc4 Qg6 4. O-O
C40	King's Pawn Game: McConnell Defense	4	rnb1kbnr/pppp1ppp/5q2/4p3/4P3/5N2/PPPP1PPP/RNBQKB1R w KQkq	1. e4 e5 2. Nf3 Qf6
C40	Latvian Gambit	4	rnbqkbnr/pppp2pp/8/4pp2/4P3/5N2/PPPP1PPP/RNBQKB1R w KQkq	1. e4 e5 2. Nf3 f5
C40	Latvian Gambit Accepted	5	rnbqkbnr/pppp2pp/8/4pP2/8/5N2/PPPP1PPP/RNBQKB1R b KQkq	1. e4 e5 2. Nf3 f5 3. exf5
C40	Latvian Gambit Accepted: Bilguer Variation	9	rnb1kbnr/ppp3pp/3p1q2/5p2/2NPP3/8/PPP2PPP/RNBQKB1R b KQkq	1. e4 e5 2. Nf3 f5 3. Nxe5 Qf6 4. d4 d6 5. Nc4
C40	Latvian Gambit Accepted: Bronstein Attack	11	rnb1kbnr/ppp3pp/3p1q2/8/2NPp3/8/PPP1BPPP/RNBQK2R b KQkq	1. e4 e5 2. Nf3 f5 3. Nxe5 Qf6 4. d4 d6 5. Nc4 fxe4 6. Be2
C40	Latvian Gambit Accepted: Bronstein Gambit	13	rnb1kbnr/ppp4p/3p1qp1/8/2NPp3/8/PPP1QPPP/RNB1KB1R b KQkq	1. e4 e5 2. Nf3 f5 3. Nxe5 Qf6 4. d4 d6 5. Nc4 fxe4 6. Qh5+ g6 7. Qe2
C40	Latvian Gambit Accepted: Foltys Variation	9	rnb1kbnr/pppp2pp/5q2/8/2N1p3/3P4/PPP2PPP/RNBQKB1R b KQkq	1. e4 e5 2. Nf3 f5 3. Nxe5 Qf6 4. Nc4 fxe4 5. d3
C40	Latvian Gambit Accepted: Foltys-Leonhardt Variation	7	rnb1kbnr/pppp2pp/5q2/5p2/2N1P3/8/PPPP1PPP/RNBQKB1R b KQkq	1. e4 e5 2. Nf3 f5 3. Nxe5 Qf6 4. Nc4
C40	Latvian Gambit Accepted: Leonhardt Variation	9	rnb1kbnr/pppp2pp/5q2/8/2N1p3/2N5/PPPP1PPP/R1BQKB1R b KQkq	1. e4 e5 2. Nf3 f5 3. Nxe5 Qf6 4. Nc4 fxe4 5. Nc3
C40	Latvian Gambit Accepted: Main Line	7	rnb1kbnr/pppp2pp/5q2/4Np2/3PP3/8/PPP2PPP/RNBQKB1R b KQkq	1. e4 e5 2. Nf3 f5 3. Nxe5 Qf6 4. d4
C40	Latvian Gambit Accepted: Nimzowitsch Attack	11	rnb1kbnr/ppp3pp/3p1q2/8/3Pp3/4N3/PPP2PPP/RNBQKB1R b KQkq	1. e4 e5 2. Nf3 f5 3. Nxe5 Qf6 4. d4 d6 5. Nc4 fxe4 6. Ne3
C40	Latvian Gambit: Behting Variation	14	rnb1kb1N/ppp3pp/5n2/3p4/2B1p3/8/PPPP1PqP/RNBQKR2 w Qq	1. e4 e5 2. Nf3 f5 3. Bc4 fxe4 4. Nxe5 Qg5 5. Nf7 Qxg2 6. Rf1 d5 7. Nxh8 Nf6
C40	Latvian Gambit: Corkscrew Countergambit	8	rnbqkb1r/pppp2pp/5n2/4N3/2B1p3/8/PPPP1PPP/RNBQK2R w KQkq	1. e4 e5 2. Nf3 f5 3. Bc4 fxe4 4. Nxe5 Nf6
C40	Latvian Gambit: Corkscrew Gambit	12	rnb1kb1N/ppp1q1pp/5n2/3p4/2B1p3/8/PPPP1PPP/RNBQK2R w KQq	1. e4 e5 2. Nf3 f5 3. Nxe5 Nf6 4. Bc4 fxe4 5. Nf7 Qe7 6. Nxh8 d5
C40	Latvian Gambit: Diepstraten Countergambit	5	rnbqkbnr/pppp2pp/8/4pp2/2P1P3/5N2/PP1P1PPP/RNBQKB1R b KQkq	1. e4 e5 2. Nf3 f5 3. c4
C40	Latvian Gambit: Fraser Defense	6	r1bqkbnr/pppp2pp/2n5/4Np2/4P3/8/PPPP1PPP/RNBQKB1R w KQkq	1. e4 e5 2. Nf3 f5 3. Nxe5 Nc6
C40	Latvian Gambit: Greco Variation	6	rnb1kbnr/ppppq1pp/8/4Np2/4P3/8/PPPP1PPP/RNBQKB1R w KQkq	1. e4 e5 2. Nf3 f5 3. Nxe5 Qe7
C40	Latvian Gambit: Lobster Gambit	5	rnbqkbnr/pppp2pp/8/4pp2/4P1P1/5N2/PPPP1P1P/RNBQKB1R b KQkq	1. e4 e5 2. Nf3 f5 3. g4
C40	Latvian Gambit: Mason Countergambit	5	rnbqkbnr/pppp2pp/8/4pp2/3PP3/5N2/PPP2PPP/RNBQKB1R b KQkq	1. e4 e5 2. Nf3 f5 3. d4
C40	Latvian Gambit: Mayet Attack	5	rnbqkbnr/pppp2pp/8/4pp2/2B1P3/5N2/PPPP1PPP/RNBQK2R b KQkq	1. e4 e5 2. Nf3 f5 3. Bc4
C40	Latvian Gambit: Mayet Attack, Morgado Defense	6	rnbqkb1r/pppp2pp/5n2/4pp2/2B1P3/5N2/PPPP1PPP/RNBQK2R w KQkq	1. e4 e5 2. Nf3 f5 3. Bc4 Nf6
C40	Latvian Gambit: Mayet Attack, Poisoned Pawn Variation	10	rnb1kbnr/pppp2pp/8/4N3/2BPp3/8/PPP2PqP/RNBQK2R w KQkq	1. e4 e5 2. Nf3 f5 3. Bc4 fxe4 4. Nxe5 Qg5 5. d4 Qxg2
C40	Latvian Gambit: Mayet Attack, Polerio-Svedenborg Variation	8	rnbqkbnr/ppp3pp/8/3pN3/2B1p3/8/PPPP1PPP/RNBQK2R w KQkq	1. e4 e5 2. Nf3 f5 3. Bc4 fxe4 4. Nxe5 d5
C40	Latvian Gambit: Mayet Attack, Strautins Gambit	6	rnbqkbnr/p1pp2pp/8/1p2pp2/2B1P3/5N2/PPPP1PPP/RNBQK2R w KQkq	1. e4 e5 2. Nf3 f5 3. Bc4 b5
C40	Latvian Gambit: Mlotkowski Variation	5	rnbqkbnr/pppp2pp/8/4pp2/4P3/2N2N2/PPPP1PPP/R1BQKB1R b KQkq	1. e4 e5 2. Nf3 f5 3. Nc3
C40	Latvian Gambit: Senechaud Gambit	5	rnbqkbnr/pppp2pp/8/4pp2/1P2P3/5N2/P1PP1PPP/RNBQKB1R b KQkq	1. e4 e5 2. Nf3 f5 3. b4
C41	Philidor Defense	4	rnbqkbnr/ppp2ppp/3p4/4p3/4P3/5N2/PPPP1PPP/RNBQKB1R w KQkq	1. e4 e5 2. Nf3 d6
C41	Philidor Defense	5	rnbqkbnr/ppp2ppp/3p4/4p3/3PP3/5N2/PPP2PPP/RNBQKB1R b KQkq	1. e4 e5 2. Nf3 d6 3. d4
C41	Philidor Defense	5	rnbqkbnr/ppp2ppp/3p4/4p3/2B1P3/5N2/PPPP1PPP/RNBQK2R b KQkq	1. e4 e5 2. Nf3 d6 3. Bc4
C41	Philidor Defense	6	rnbqk1nr/ppp1bppp/3p4/4p3/2B1P3/5N2/PPPP1PPP/RNBQK2R w KQkq	1. e4 e5 2. Nf3 d6 3. Bc4 Be7
C41	Philidor Defense: Albin-Blackburne Gambit	8	r2qkbnr/pppn1ppp/3p4/4P3/4P1b1/5N2/PPP2PPP/RNBQKB1R w KQkq	1. e4 e5 2. Nf3 d6 3. d4 Bg4 4. dxe5 Nd7
C41	Philidor Defense: Berger Variation	19	r2q1rk1/pp2bppp/2npbn2/2p3B1/4P3/2N2N2/PPP1BPPP/R2QR1K1 b -	1. e4 e5 2. Nf3 d6 3. d4 exd4 4. Nxd4 Nf6 5. Nc3 Be7 6. Be2 O-O 7. O-O c5 8. Nf3 Nc6 9. Bg5 Be6 10. Re1
C41	Philidor Defense: Bird Gambit	7	rnbqkbnr/ppp2ppp/3p4/8/3pP3/2P2N2/PP3PPP/RNBQKB1R b KQkq	1. e4 e5 2. Nf3 d6 3. d4 exd4 4. c3
C41	Philidor Defense: Boden Variation	8	rn1qkbnr/pppb1ppp/3p4/8/3QP3/5N2/PPP2PPP/RNB1KB1R w KQkq	1. e4 e5 2. Nf3 d6 3. d4 exd4 4. Qxd4 Bd7
C41	Philidor Defense: Exchange Variation	6	rnbqkbnr/ppp2ppp/3p4/8/3pP3/5N2/PPP2PPP/RNBQKB1R w KQkq	1. e4 e5 2. Nf3 d6 3. d4 exd4
C41	Philidor Defense: Exchange Variation	7	rnbqkbnr/ppp2ppp/3p4/8/3NP3/8/PPP2PPP/RNBQKB1R b KQkq	1. e4 e5 2. Nf3 d6 3. d4 exd4 4. Nxd4
C41	Philidor Defense: Exchange Variation	8	rnbqkb1r/ppp2ppp/3p1n2/8/3NP3/8/PPP2PPP/RNBQKB1R w KQkq	1. e4 e5 2. Nf3 d6 3. d4 exd4 4. Nxd4 Nf6
C41	Philidor Defense: Hanham Variation	6	r1bqkbnr/pppn1ppp/3p4/4p3/3PP3/5N2/PPP2PPP/RNBQKB1R w KQkq	1. e4 e5 2. Nf3 d6 3. d4 Nd7
C41	Philidor Defense: Hanham Variation, Delmar Variation	9	r1bqkbnr/pp1n1ppp/2pp4/4p3/2BPP3/2P2N2/PP3PPP/RNBQK2R b KQkq	1. e4 e5 2. Nf3 d6 3. d4 Nd7 4. Bc4 c6 5. c3
C41	Philidor Defense: Hanham Variation, Krause Variation	9	r1bqkbnr/pp1n1ppp/2pp4/4p3/2BPP3/5N2/PPP2PPP/RNBQ1RK1 b kq	1. e4 e5 2. Nf3 d6 3. d4 Nd7 4. Bc4 c6 5. O-O
C41	Philidor Defense: Hanham Variation, Schlechter Variation	9	r1bqkbnr/pp1n1ppp/2pp4/4p3/2BPP3/2N2N2/PPP2PPP/R1BQK2R b KQkq	1. e4 e5 2. Nf3 d6 3. d4 Nd7 4. Bc4 c6 5. Nc3
C41	Philidor Defense: Hanham Variation, Sharp Variation	8	r1bqkbnr/ppp2ppp/1n1p4/4p3/2BPP3/5N2/PPP2PPP/RNBQK2R w KQkq	1. e4 e5 2. Nf3 d6 3. d4 Nd7 4. Bc4 Nb6
C41	Philidor Defense: Hanham Variation, Steiner Variation	11	r1bqk1nr/pp1nbppp/2pp4/4P3/2B1P3/5N2/PPP2PPP/RNBQ1RK1 b kq	1. e4 e5 2. Nf3 d6 3. d4 Nd7 4. Bc4 c6 5. O-O Be7 6. dxe5
C41	Philidor Defense: Hanham, Kmoch Variation	9	r1bqkbnr/pp1n1ppp/2pp4/4p1N1/2BPP3/8/PPP2PPP/RNBQK2R b KQkq	1. e4 e5 2. Nf3 d6 3. d4 Nd7 4. Bc4 c6 5. Ng5
C41	Philidor Defense: Larsen Variation	8	rnbqkbnr/ppp2p1p/3p2p1/8/3NP3/8/PPP2PPP/RNBQKB1R w KQkq	1. e4 e5 2. Nf3 d6 3. d4 exd4 4. Nxd4 g6
C41	Philidor Defense: Lion Variation	8	r1bqkb1r/pppn1ppp/3p1n2/4p3/3PP3/2N2N2/PPP2PPP/R1BQKB1R w KQkq	1. e4 e5 2. Nf3 d6 3. d4 Nf6 4. Nc3 Nbd7
C41	Philidor Defense: Lion Variation, Bishop Sacrifice	11	r1bqk2r/pppnbBpp/3p1n2/4p3/3PP3/2N2N2/PPP2PPP/R1BQK2R b KQkq	1. e4 e5 2. Nf3 d6 3. d4 Nf6 4. Nc3 Nbd7 5. Bc4 Be7 6. Bxf7+
C41	Philidor Defense: Lion Variation, Delayed Bishop Sacrifice	13	r1bqk2r/pppnbBpp/5n2/4p3/4P3/2N2N2/PPP2PPP/R1BQK2R b KQkq	1. e4 d6 2. d4 Nf6 3. Nc3 Nbd7 4. Nf3 e5 5. Bc4 Be7 6. dxe5 dxe5 7. Bxf7+
C41	Philidor Defense: Lion Variation, Forcing Line	15	r1bq2k1/pppnbrpp/3pNn2/4p3/3PP3/2N5/PPP2PPP/R1BQK2R b KQ	1. e4 e5 2. Nf3 d6 3. d4 Nf6 4. Nc3 Nbd7 5. Bc4 Be7 6. Ng5 O-O 7. Bxf7+ Rxf7 8. Ne6
C41	Philidor Defense: Lion Variation, Lion's Claw, with Bc4 and h6	12	r1bqk2r/pppnbpp1/3p1n1p/4p3/2BPP3/2N2N2/PPP2PPP/R1BQ1RK1 w kq	1. e4 e5 2. Nf3 d6 3. d4 Nf6 4. Nc3 Nbd7 5. Bc4 Be7 6. O-O h6
C41	Philidor Defense: Lion Variation, Lion's Claw, with Be2 and c6	12	r1bqk2r/pp1nbppp/2pp1n2/4p3/3PP3/2N2N2/PPP1BPPP/R1BQ1RK1 w kq	1. e4 e5 2. Nf3 d6 3. d4 Nf6 4. Nc3 Nbd7 5. Be2 Be7 6. O-O c6
C41	Philidor Defense: Lion Variation, Shirov Gambit	9	r1bqkb1r/pppn1ppp/3p1n2/4p3/3PP1P1/2N2N2/PPP2P1P/R1BQKB1R b KQkq	1. e4 e5 2. Nf3 d6 3. d4 Nd7 4. Nc3 Ngf6 5. g4
C41	Philidor Defense: Lion Variation, Sozin Variation	16	r1bq1rk1/pp1nbppp/2pp1n2/8/P1BpP3/2N2N2/1PP1QPPP/R1B2RK1 w -	1. e4 d6 2. d4 Nf6 3. Nc3 e5 4. Nf3 Nbd7 5. Bc4 Be7 6. O-O O-O 7. Qe2 c6 8. a4 exd4
C41	Philidor Defense: Lopez Countergambit	6	rnbqkbnr/ppp3pp/3p4/4pp2/2B1P3/5N2/PPPP1PPP/RNBQK2R w KQkq	1. e4 e5 2. Nf3 d6 3. Bc4 f5
C41	Philidor Defense: Lopez Countergambit, Jaenisch Variation	11	rnbqkb1r/ppp3pN/3p3n/5p2/2BpP3/8/PPP2PPP/RNBQK2R b KQkq	1. e4 e5 2. Nf3 d6 3. d4 f5 4. Bc4 exd4 5. Ng5 Nh6 6. Nxh7
C41	Philidor Defense: Morphy Gambit	7	rnbqkbnr/ppp2ppp/3p4/8/2BpP3/5N2/PPP2PPP/RNBQK2R b KQkq	1. e4 e5 2. Nf3 d6 3. d4 exd4 4. Bc4
C41	Philidor Defense: Nimzowitsch Variation	6	rnbqkb1r/ppp2ppp/3p1n2/4p3/3PP3/5N2/PPP2PPP/RNBQKB1R w KQkq	1. e4 e5 2. Nf3 d6 3. d4 Nf6
C41	Philidor Defense: Nimzowitsch Variation	7	rnbqkb1r/ppp2ppp/3p1n2/4P3/4P3/5N2/PPP2PPP/RNBQKB1R b KQkq	1. e4 e5 2. Nf3 d6 3. d4 Nf6 4. dxe5
C41	Philidor Defense: Nimzowitsch Variation, Klein Variation	7	rnbqkb1r/ppp2ppp/3p1n2/4p3/2BPP3/5N2/PPP2PPP/RNBQK2R b KQkq	1. e4 e5 2. Nf3 d6 3. d4 Nf6 4. Bc4
C41	Philidor Defense: Nimzowitsch Variation, Rellstab Variation	9	rnbqkb1r/ppp2ppp/3p4/3QP3/4n3/5N2/PPP2PPP/RNB1KB1R b KQkq	1. e4 e5 2. Nf3 d6 3. d4 Nf6 4. dxe5 Nxe4 5. Qd5
C41	Philidor Defense: Nimzowitsch Variation, Sokolsky Variation	9	rnbqkb1r/ppp2ppp/3p4/4P3/4n3/5N2/PPPN1PPP/R1BQKB1R b KQkq	1. e4 e5 2. Nf3 d6 3. d4 Nf6 4. dxe5 Nxe4 5. Nbd2
C41	Philidor Defense: Nimzowitsch, Larobok Variation	13	r1bq1rk1/pppnbBpp/3p1n2/4p1N1/3PP3/2N5/PPP2PPP/R1BQK2R b KQ	1. e4 e5 2. Nf3 d6 3. d4 Nf6 4. Nc3 Nbd7 5. Bc4 Be7 6. Ng5 O-O 7. Bxf7+
C41	Philidor Defense: Nimzowitsch, Locock Variation	7	rnbqkb1r/ppp2ppp/3p1n2/4p1N1/3PP3/8/PPP2PPP/RNBQKB1R b KQkq	1. e4 e5 2. Nf3 d6 3. d4 Nf6 4. Ng5
C41	Philidor Defense: Paulsen Attack	9	rnbqkbnr/ppp2ppp/8/3P4/3N4/8/PPP2PPP/RNBQKB1R b KQkq	1. e4 e5 2. Nf3 d6 3. d4 exd4 4. Nxd4 d5 5. exd5
C41	Philidor Defense: Philidor Countergambit	6	rnbqkbnr/ppp3pp/3p4/4pp2/3PP3/5N2/PPP2PPP/RNBQKB1R w KQkq	1. e4 e5 2. Nf3 d6 3. d4 f5
C41	Philidor Defense: Philidor Countergambit, Berger Variation	13	rnbqk1nr/ppp3pp/4P3/2bp2N1/4p3/2N5/PPP2PPP/R1BQKB1R b KQkq	1. e4 e5 2. Nf3 d6 3. d4 f5 4. dxe5 fxe4 5. Ng5 d5 6. e6 Bc5 7. Nc3
C41	Philidor Defense: Philidor Countergambit, Zukertort Variation	7	rnbqkbnr/ppp3pp/3p4/4pp2/3PP3/2N2N2/PPP2PPP/R1BQKB1R b KQkq	1. e4 e5 2. Nf3 d6 3. d4 f5 4. Nc3
C41	Philidor Defense: Philidor Countergambit, del Rio Attack	11	rnbqkbnr/ppp3pp/4P3/3p2N1/4p3/8/PPP2PPP/RNBQKB1R b KQkq	1. e4 e5 2. Nf3 d6 3. d4 f5 4. dxe5 fxe4 5. Ng5 d5 6. e6
C41	Philidor Defense: Philidor Gambit	6	rn1qkbnr/pppb1ppp/3p4/4p3/3PP3/5N2/PPP2PPP/RNBQKB1R w KQkq	1. e4 e5 2. Nf3 d6 3. d4 Bd7
C41	Philidor Defense: Steinitz Variation	7	rnbqk1nr/ppp1bppp/3p4/4p3/2B1P3/2P2N2/PP1P1PPP/RNBQK2R b KQkq	1. e4 e5 2. Nf3 d6 3. Bc4 Be7 4. c3
C42	Petrov's Defense	4	rnbqkb1r/pppp1ppp/5n2/4p3/4P3/5N2/PPPP1PPP/RNBQKB1R w KQkq	1. e4 e5 2. Nf3 Nf6
C42	Petrov's Defense	5	rnbqkb1r/pppp1ppp/5n2/4N3/4P3/8/PPPP1PPP/RNBQKB1R b KQkq	1. e4 e5 2. Nf3 Nf6 3. Nxe5
C42	Petrov's Defense	6	rnbqkb1r/ppp2ppp/3p1n2/4N3/4P3/8/PPPP1PPP/RNBQKB1R w KQkq	1. e4 e5 2. Nf3 Nf6 3. Nxe5 d6
C42	Petrov's Defense	7	rnbqkb1r/ppp2ppp/3p1n2/8/4P3/5N2/PPPP1PPP/RNBQKB1R b KQkq	1. e4 e5 2. Nf3 Nf6 3. Nxe5 d6 4. Nf3
C42	Petrov's Defense	8	rnbqkb1r/ppp2ppp/3p4/8/4n3/5N2/PPPP1PPP/RNBQKB1R w KQkq	1. e4 e5 2. Nf3 Nf6 3. Nxe5 d6 4. Nf3 Nxe4
C42	Petrov's Defense: Classical Attack	9	rnbqkb1r/ppp2ppp/3p4/8/3Pn3/5N2/PPP2PPP/RNBQKB1R b KQkq	1. e4 e5 2. Nf3 Nf6 3. Nxe5 d6 4. Nf3 Nxe4 5. d4
C42	Petrov's Defense: Classical Attack, Berger Variation	19	r2qk2r/ppp1b1pp/2n5/3p1p2/3Pn1b1/2PB1N2/PP1N1PPP/R1BQR1K1 b kq	1. e4 e5 2. Nf3 Nf6 3. Nxe5 d6 4. Nf3 Nxe4 5. d4 d5 6. Bd3 Be7 7. O-O Nc6 8. Re1 Bg4 9. c3 f5 10. Nbd2
C42	Petrov's Defense: Classical Attack, Chigorin Variation	15	r1bqk2r/ppp1bppp/2n5/3p4/3Pn3/3B1N2/PPP2PPP/RNBQR1K1 b kq	1. e4 e5 2. Nf3 Nf6 3. Nxe5 d6 4. Nf3 Nxe4 5. d4 d5 6. Bd3 Be7 7. O-O Nc6 8. Re1
C42	Petrov's Defense: Classical Attack, Chigorin Variation, Browne Attack	17	r1bqk2r/ppp1bppp/8/3P4/1n1Pn3/3B1N2/PP3PPP/RNBQ1RK1 b kq	1. e4 e5 2. Nf3 Nf6 3. Nxe5 d6 4. Nf3 Nxe4 5. d4 d5 6. Bd3 Nc6 7. O-O Be7 8. c4 Nb4 9. cxd5
C42	Petrov's Defense: Classical Attack, Chigorin Variation, Main Line	17	r1bqk2r/ppp1bppp/8/3p4/1nPPn3/5N2/PP2BPPP/RNBQ1RK1 b kq	1. e4 e5 2. Nf3 Nf6 3. Nxe5 d6 4. Nf3 Nxe4 5. d4 d5 6. Bd3 Nc6 7. O-O Be7 8. c4 Nb4 9. Be2
C42	Petrov's Defense: Classical Attack, Closed Variation	10	rnbqkb1r/ppp2ppp/3p1n2/8/3P4/5N2/PPP2PPP/RNBQKB1R w KQkq	1. e4 e5 2. Nf3 Nf6 3. Nxe5 d6 4. Nf3 Nxe4 5. d4 Nf6
C42	Petrov's Defense: Classical Attack, Jaenisch Variation	15	r1bqk2r/ppp1bppp/2n5/3p4/2PPn3/3B1N2/PP3PPP/RNBQ1RK1 b kq	1. e4 e5 2. Nf3 Nf6 3. Nxe5 d6 4. Nf3 Nxe4 5. d4 d5 6. Bd3 Nc6 7. O-O Be7 8. c4
C42	Petrov's Defense: Classical Attack, Krause Variation	19	r2qk2r/ppp1b1pp/2n5/3p1p2/2PPn1b1/3B1N2/PP3PPP/RNBQR1K1 b kq	1. e4 e5 2. Nf3 Nf6 3. Nxe5 d6 4. Nf3 Nxe4 5. d4 d5 6. Bd3 Nc6 7. O-O Be7 8. Re1 Bg4 9. c3 f5 10. c4
C42	Petrov's Defense: Classical Attack, Marshall Trap	20	rn1q1rk1/ppp3pp/8/3P1p2/3Pn1b1/3B1N2/PP3PPb/RNBQR1K1 w -	1. e4 e5 2. Nf3 Nf6 3. Nxe5 d6 4. Nf3 Nxe4 5. d4 d5 6. Bd3 Bd6 7. O-O O-O 8. c4 Bg4 9. cxd5 f5 10. Re1 Bxh2+
C42	Petrov's Defense: Classical Attack, Marshall Variation	12	rnbqk2r/ppp2ppp/3b4/3p4/3Pn3/3B1N2/PPP2PPP/RNBQK2R w KQkq	1. e4 e5 2. Nf3 Nf6 3. Nxe5 d6 4. Nf3 Nxe4 5. d4 d5 6. Bd3 Bd6
C42	Petrov's Defense: Classical Attack, Marshall Variation, Chinese Gambit	18	rn1q1rk1/pp3ppp/2pb4/3p4/2PPn1b1/3B1N2/PP3PPP/RNBQR1K1 w -	1. e4 e5 2. Nf3 Nf6 3. Nxe5 d6 4. Nf3 Nxe4 5. d4 d5 6. Bd3 Bd6 7. O-O O-O 8. c4 c6 9. Re1 Bg4
C42	Petrov's Defense: Classical Attack, Maróczy Variation	20	r2qk2r/ppp3pp/2n5/3p1p2/2PPn1bb/3B1N2/PP3PPP/RNBQR1K1 w kq	1. e4 e5 2. Nf3 Nf6 3. Nxe5 d6 4. Nf3 Nxe4 5. d4 d5 6. Bd3 Be7 7. O-O Nc6 8. Re1 Bg4 9. c3 f5 10. c4 Bh4
C42	Petrov's Defense: Classical Attack, Mason Variation	14	rnbq1rk1/ppp1bppp/8/3p4/3Pn3/3B1N2/PPP2PPP/RNBQ1RK1 w -	1. e4 e5 2. Nf3 Nf6 3. Nxe5 d6 4. Nf3 Nxe4 5. d4 d5 6. Bd3 Be7 7. O-O O-O
C42	Petrov's Defense: Classical Attack, Mason-Showalter Variation	12	r1bqkb1r/ppp2ppp/2n5/3p4/3Pn3/3B1N2/PPP2PPP/RNBQK2R w KQkq	1. e4 e5 2. Nf3 Nf6 3. Nxe5 d6 4. Nf3 Nxe4 5. d4 d5 6. Bd3 Nc6
C42	Petrov's Defense: Classical Attack, Staunton Variation	16	rnbq1rk1/pp3ppp/2pb4/3p4/2PPn3/3B1N2/PP3PPP/RNBQ1RK1 w -	1. e4 e5 2. Nf3 Nf6 3. Nxe5 d6 4. Nf3 Nxe4 5. d4 d5 6. Bd3 Bd6 7. O-O O-O 8. c4 c6
C42	Petrov's Defense: Classical Attack, Tarrasch Variation	16	rn1q1rk1/ppp2ppp/3b4/3p4/2PPn1b1/3B1N2/PP3PPP/RNBQ1RK1 w -	1. e4 e5 2. Nf3 Nf6 3. Nxe5 d6 4. Nf3 Nxe4 5. d4 d5 6. Bd3 Bd6 7. O-O O-O 8. c4 Bg4
C42	Petrov's Defense: Cochrane Gambit	7	rnbqkb1r/ppp2Npp/3p1n2/8/4P3/8/PPPP1PPP/RNBQKB1R b KQkq	1. e4 e5 2. Nf3 Nf6 3. Nxe5 d6 4. Nxf7
C42	Petrov's Defense: Cochrane Gambit, Bishop Check Line	9	rnbq1b1r/ppp2kpp/3p1n2/8/2B1P3/8/PPPP1PPP/RNBQK2R b KQ	1. e4 e5 2. Nf3 Nf6 3. Nxe5 d6 4. Nxf7 Kxf7 5. Bc4+
C42	Petrov's Defense: Cochrane Gambit, Center Variation	9	rnbq1b1r/ppp2kpp/3p1n2/8/3PP3/8/PPP2PPP/RNBQKB1R b KQ	1. e4 e5 2. Nf3 Nf6 3. Nxe5 d6 4. Nxf7 Kxf7 5. d4
C42	Petrov's Defense: Cozio Attack	9	rnbqkb1r/ppp2ppp/3p4/8/4n3/5N2/PPPPQPPP/RNB1KB1R b KQkq	1. e4 e5 2. Nf3 Nf6 3. Nxe5 d6 4. Nf3 Nxe4 5. Qe2
C42	Petrov's Defense: Damiano Variation	6	rnbqkb1r/pppp1ppp/8/4N3/4n3/8/PPPP1PPP/RNBQKB1R w KQkq	1. e4 e5 2. Nf3 Nf6 3. Nxe5 Nxe4
C42	Petrov's Defense: Damiano Variation, Kholmov Gambit	8	rnb1kb1r/ppppqppp/8/4N3/4n3/8/PPPPQPPP/RNB1KB1R w KQkq	1. e4 e5 2. Nf3 Nf6 3. Nxe5 Nxe4 4. Qe2 Qe7
C42	Petrov's Defense: French Attack	9	rnbqkb1r/ppp2ppp/3p4/8/4n3/3P1N2/PPP2PPP/RNBQKB1R b KQkq	1. e4 e5 2. Nf3 Nf6 3. Nxe5 d6 4. Nf3 Nxe4 5. d3
C42	Petrov's Defense: Italian Variation	5	rnbqkb1r/pppp1ppp/5n2/4p3/2B1P3/5N2/PPPP1PPP/RNBQK2R b KQkq	1. e4 e5 2. Nf3 Nf6 3. Bc4
C42	Petrov's Defense: Karklins-Martinovsky Variation	7	rnbqkb1r/ppp2ppp/3p1n2/8/4P3/3N4/PPPP1PPP/RNBQKB1R b KQkq	1. e4 e5 2. Nf3 Nf6 3. Nxe5 d6 4. Nd3
C42	Petrov's Defense: Kaufmann Attack	9	rnbqkb1r/ppp2ppp/3p4/8/2P1n3/5N2/PP1P1PPP/RNBQKB1R b KQkq	1. e4 e5 2. Nf3 Nf6 3. Nxe5 d6 4. Nf3 Nxe4 5. c4
C42	Petrov's Defense: Millennium Attack	9	rnbqkb1r/ppp2ppp/3p4/8/4n3/3B1N2/PPPP1PPP/RNBQK2R b KQkq	1. e4 e5 2. Nf3 Nf6 3. Nxe5 d6 4. Nf3 Nxe4 5. Bd3
C42	Petrov's Defense: Moody Gambit	7	r1bqkb1r/pppp1ppp/2n2n2/4p3/3PP3/5N2/PPP1QPPP/RNB1KB1R b KQkq	1. e4 e5 2. Nf3 Nf6 3. Qe2 Nc6 4. d4
C42	Petrov's Defense: Nimzowitsch Attack	9	rnbqkb1r/ppp2ppp/3p4/8/4n3/2N2N2/PPPP1PPP/R1BQKB1R b KQkq	1. e4 e5 2. Nf3 Nf6 3. Nxe5 d6 4. Nf3 Nxe4 5. Nc3
C42	Petrov's Defense: Paulsen Attack	7	rnbqkb1r/ppp2ppp/3p1n2/8/2N1P3/8/PPPP1PPP/RNBQKB1R b KQkq	1. e4 e5 2. Nf3 Nf6 3. Nxe5 d6 4. Nc4
C42	Petrov's Defense: Stafford Gambit	6	r1bqkb1r/pppp1ppp/2n2n2/4N3/4P3/8/PPPP1PPP/RNBQKB1R w KQkq	1. e4 e5 2. Nf3 Nf6 3. Nxe5 Nc6
C42	Petrov's Defense: Stafford Gambit Accepted	8	r1bqkb1r/ppp2ppp/2p2n2/8/4P3/8/PPPP1PPP/RNBQKB1R w KQkq	1. e4 e5 2. Nf3 Nf6 3. Nxe5 Nc6 4. Nxc6 dxc6
C42	Petrov's Defense: Stafford Gambit Accepted	10	r1bqk2r/ppp2ppp/2p2n2/2b5/4P3/2N5/PPPP1PPP/R1BQKB1R w KQkq	1. e4 e5 2. Nf3 Nf6 3. Nxe5 Nc6 4. Nxc6 dxc6 5. Nc3 Bc5
C42	Petrov's Defense: Stafford Gambit Accepted	10	r1bqk2r/ppp2ppp/2p2n2/2b5/4P3/3P4/PPP2PPP/RNBQKB1R w KQkq	1. e4 e5 2. Nf3 Nf6 3. Nxe5 Nc6 4. Nxc6 dxc6 5. d3 Bc5
C42	Petrov's Defense: Three Knights Game	5	rnbqkb1r/pppp1ppp/5n2/4p3/4P3/2N2N2/PPPP1PPP/R1BQKB1R b KQkq	1. e4 e5 2. Nf3 Nf6 3. Nc3
C43	Bishop's Opening: Urusov Gambit	7	rnbqkb1r/pppp1ppp/5n2/8/2BpP3/5N2/PPP2PPP/RNBQK2R b KQkq	1. e4 e5 2. Bc4 Nf6 3. d4 exd4 4. Nf3
C43	Bishop's Opening: Urusov Gambit, Keidansky Gambit	9	rnbqkb1r/pppp1ppp/8/8/2BQn3/5N2/PPP2PPP/RNB1K2R b KQkq	1. e4 e5 2. Bc4 Nf6 3. d4 exd4 4. Nf3 Nxe4 5. Qxd4
C43	Petrov's Defense: Modern Attack	5	rnbqkb1r/pppp1ppp/5n2/4p3/3PP3/5N2/PPP2PPP/RNBQKB1R b KQkq	1. e4 e5 2. Nf3 Nf6 3. d4
C43	Petrov's Defense: Modern Attack	6	rnbqkb1r/pppp1ppp/5n2/8/3pP3/5N2/PPP2PPP/RNBQKB1R w KQkq	1. e4 e5 2. Nf3 Nf6 3. d4 exd4
C43	Petrov's Defense: Modern Attack, Bardeleben Variation	12	r1bqkb1r/pppp1ppp/2n5/2n1P3/3N4/8/PPP1QPPP/RNB1KB1R w KQkq	1. e4 e5 2. Nf3 Nf6 3. d4 exd4 4. e5 Ne4 5. Qe2 Nc5 6. Nxd4 Nc6
C43	Petrov's Defense: Modern Attack, Center Attack	9	rnbqkb1r/pppp1ppp/8/4P3/3Qn3/5N2/PPP2PPP/RNB1KB1R b KQkq	1. e4 e5 2. Nf3 Nf6 3. d4 exd4 4. e5 Ne4 5. Qxd4
C43	Petrov's Defense: Modern Attack, Center Variation	7	rnbqkb1r/pppp1ppp/8/4p3/3Pn3/3B1N2/PPP2PPP/RNBQK2R b KQkq	1. e4 e5 2. Nf3 Nf6 3. d4 Nxe4 4. Bd3
C43	Petrov's Defense: Modern Attack, Murrey Variation	8	r1bqkb1r/pppp1ppp/2n5/4p3/3Pn3/3B1N2/PPP2PPP/RNBQK2R w KQkq	1. e4 e5 2. Nf3 Nf6 3. d4 Nxe4 4. Bd3 Nc6
C43	Petrov's Defense: Modern Attack, Steinitz Variation	9	rnbqkb1r/pppp1ppp/8/4P3/3pn3/5N2/PPP1QPPP/RNB1KB1R b KQkq	1. e4 e5 2. Nf3 Nf6 3. d4 exd4 4. e5 Ne4 5. Qe2
C43	Petrov's Defense: Modern Attack, Symmetrical Variation	6	rnbqkb1r/ppp2ppp/5n2/3pp3/3PP3/5N2/PPP2PPP/RNBQKB1R w KQkq	1. e4 e5 2. Nf3 Nf6 3. d4 d5
C43	Petrov's Defense: Modern Attack, Tal Gambit	9	rnbqkb1r/pppp1ppp/8/1B2P3/3pn3/5N2/PPP2PPP/RNBQK2R b KQkq	1. e4 e5 2. Nf3 Nf6 3. d4 exd4 4. e5 Ne4 5. Bb5
C43	Petrov's Defense: Modern Attack, Trifunovic Variation	14	rnbq1rk1/ppp2ppp/8/3pb3/2PPn3/3B4/PP3PPP/RNBQ1RK1 w -	1. e4 e5 2. Nf3 Nf6 3. d4 Nxe4 4. Bd3 d5 5. Nxe5 Bd6 6. O-O O-O 7. c4 Bxe5
C44	Dresden Opening: The Goblin	7	r1bqkb1r/pppp1ppp/2n2n2/4N3/2P1P3/8/PP1P1PPP/RNBQKB1R b KQkq	1. e4 e5 2. Nf3 Nc6 3. c4 Nf6 4. Nxe5
C44	Irish Gambit	5	r1bqkbnr/pppp1ppp/2n5/4N3/4P3/8/PPPP1PPP/RNBQKB1R b KQkq	1. e4 e5 2. Nf3 Nc6 3. Nxe5
C44	King's Knight Opening: Konstantinopolsky	5	r1bqkbnr/pppp1ppp/2n5/4p3/4P3/5NP1/PPPP1P1P/RNBQKB1R b KQkq	1. e4 e5 2. Nf3 Nc6 3. g3
C44	King's Knight Opening: Normal Variation	4	r1bqkbnr/pppp1ppp/2n5/4p3/4P3/5N2/PPPP1PPP/RNBQKB1R w KQkq	1. e4 e5 2. Nf3 Nc6
C44	King's Pawn Game: Dresden Opening	5	r1bqkbnr/pppp1ppp/2n5/4p3/2P1P3/5N2/PP1P1PPP/RNBQKB1R b KQkq	1. e4 e5 2. Nf3 Nc6 3. c4
C44	King's Pawn Game: Pachman Wing Gambit	5	r1bqkbnr/pppp1ppp/2n5/4p3/1P2P3/5N2/P1PP1PPP/RNBQKB1R b KQkq	1. e4 e5 2. Nf3 Nc6 3. b4
C44	King's Pawn Game: Schulze-Müller Gambit	7	r1bqkbnr/pppp1ppp/8/4n3/3PP3/8/PPP2PPP/RNBQKB1R b KQkq	1. e4 e5 2. Nf3 Nc6 3. Nxe5 Nxe5 4. d4
C44	King's Pawn Game: Tayler Opening	5	r1bqkbnr/pppp1ppp/2n5/4p3/4P3/5N2/PPPPBPPP/RNBQK2R b KQkq	1. e4 e5 2. Nf3 Nc6 3. Be2
C44	King's Pawn Game: Tayler Opening	7	r1bqkb1r/pppp1ppp/2n2n2/4p3/3PP3/5N2/PPP1BPPP/RNBQK2R b KQkq	1. e4 e5 2. Nf3 Nc6 3. Be2 Nf6 4. d4
C44	King's Pawn Game: Tayler Opening, Basman Gambit	9	r1bqkb1r/pppp1ppp/2n2n2/4P3/3p4/5N2/PPP1BPPP/RNBQK2R b KQkq	1. e4 e5 2. Nf3 Nc6 3. Be2 Nf6 4. d4 exd4 5. e5
C44	King's Pawn Game: Tayler Opening, Inverted Hanham	9	r1bqkb1r/ppp2ppp/2n2n2/3pp3/4P3/3P1N2/PPPNBPPP/R1BQK2R b KQkq	1. e4 e5 2. Nf3 Nc6 3. Be2 Nf6 4. d3 d5 5. Nbd2
C44	Latvian Gambit: Clam Gambit	7	r1bqkbnr/pppp2pp/2n5/4pP2/8/3P1N2/PPP2PPP/RNBQKB1R b KQkq	1. e4 e5 2. Nf3 Nc6 3. d3 f5 4. exf5
C44	Ponziani Opening	5	r1bqkbnr/pppp1ppp/2n5/4p3/4P3/2P2N2/PP1P1PPP/RNBQKB1R b KQkq	1. e4 e5 2. Nf3 Nc6 3. c3
C44	Ponziani Opening: Caro Gambit	8	r2qkbnr/pppb1ppp/2n5/3pp3/Q3P3/2P2N2/PP1P1PPP/RNB1KB1R w KQkq	1. e4 e5 2. Nf3 Nc6 3. c3 d5 4. Qa4 Bd7
C44	Ponziani Opening: Jaenisch Counterattack	6	r1bqkb1r/pppp1ppp/2n2n2/4p3/4P3/2P2N2/PP1P1PPP/RNBQKB1R w KQkq	1. e4 e5 2. Nf3 Nc6 3. c3 Nf6
C44	Ponziani Opening: Jaenisch Counterattack	7	r1bqkb1r/pppp1ppp/2n2n2/4p3/4P3/2PP1N2/PP3PPP/RNBQKB1R b KQkq	1. e4 e5 2. Nf3 Nc6 3. c3 Nf6 4. d3
C44	Ponziani Opening: Jaenisch Counterattack	8	r1bqkb1r/ppp2ppp/2n2n2/3pp3/4P3/2PP1N2/PP3PPP/RNBQKB1R w KQkq	1. e4 e5 2. Nf3 Nc6 3. c3 Nf6 4. d3 d5
C44	Ponziani Opening: Jaenisch Counterattack	9	r1bqkb1r/ppp2ppp/2n2n2/3pp3/4P3/2PP1N2/PP1N1PPP/R1BQKB1R b KQkq	1. e4 e5 2. Nf3 Nc6 3. c3 Nf6 4. d3 d5 5. Nbd2
C44	Ponziani Opening: Leonhardt Variation	8	r1bqkb1r/ppp2ppp/2n2n2/3pp3/Q3P3/2P2N2/PP1P1PPP/RNB1KB1R w KQkq	1. e4 e5 2. Nf3 Nc6 3. c3 d5 4. Qa4 Nf6
C44	Ponziani Opening: Neumann Gambit	7	r1bqkb1r/pppp1ppp/2n2n2/4p3/2B1P3/2P2N2/PP1P1PPP/RNBQK2R b KQkq	1. e4 e5 2. Nf3 Nc6 3. c3 Nf6 4. Bc4
C44	Ponziani Opening: Ponziani Countergambit	6	r1bqkbnr/pppp2pp/2n5/4pp2/4P3/2P2N2/PP1P1PPP/RNBQKB1R w KQkq	1. e4 e5 2. Nf3 Nc6 3. c3 f5
C44	Ponziani Opening: Ponziani Countergambit, Schmidt Attack	9	r1bqkbnr/ppp3pp/2np4/3Ppp2/4P3/2P2N2/PP3PPP/RNBQKB1R b KQkq	1. e4 e5 2. Nf3 Nc6 3. c3 f5 4. d4 d6 5. d5
C44	Ponziani Opening: Romanishin Variation	6	r1bqk1nr/ppppbppp/2n5/4p3/4P3/2P2N2/PP1P1PPP/RNBQKB1R w KQkq	1. e4 e5 2. Nf3 Nc6 3. c3 Be7
C44	Ponziani Opening: Réti Variation	6	r1bqkb1r/ppppnppp/2n5/4p3/4P3/2P2N2/PP1P1PPP/RNBQKB1R w KQkq	1. e4 e5 2. Nf3 Nc6 3. c3 Nge7
C44	Ponziani Opening: Spanish Variation	7	r1bqkbnr/ppp2ppp/2n5/1B1pp3/4P3/2P2N2/PP1P1PPP/RNBQK2R b KQkq	1. e4 e5 2. Nf3 Nc6 3. c3 d5 4. Bb5
C44	Ponziani Opening: Spanish Variation, Harrwitz Attack, Nikitin Gambit	11	r1b1kbnr/ppp2ppp/2n5/1B1qN3/Q3p3/2P5/PP1P1PPP/RNB1K2R b KQkq	1. e4 e5 2. Nf3 Nc6 3. c3 d5 4. Bb5 dxe4 5. Nxe5 Qd5 6. Qa4
C44	Ponziani Opening: Steinitz Variation	8	r1bqkbnr/ppp3pp/2n2p2/3pp3/Q3P3/2P2N2/PP1P1PPP/RNB1KB1R w KQkq	1. e4 e5 2. Nf3 Nc6 3. c3 d5 4. Qa4 f6
C44	Ponziani Opening: Vukovic Gambit	10	r1bqk2r/pppp1ppp/2n5/2bPp3/4n3/2P2N2/PP3PPP/RNBQKB1R w KQkq	1. e4 e5 2. Nf3 Nc6 3. c3 Nf6 4. d4 Nxe4 5. d5 Bc5
C44	Scotch Game	5	r1bqkbnr/pppp1ppp/2n5/4p3/3PP3/5N2/PPP2PPP/RNBQKB1R b KQkq	1. e4 e5 2. Nf3 Nc6 3. d4
C44	Scotch Game	6	r1bqkbnr/pppp1ppp/2n5/8/3pP3/5N2/PPP2PPP/RNBQKB1R w KQkq	1. e4 e5 2. Nf3 Nc6 3. d4 exd4
C44	Scotch Game: Benima Defense	8	r1bqk1nr/ppppbppp/2n5/8/2BpP3/5N2/PPP2PPP/RNBQK2R w KQkq	1. e4 e5 2. Nf3 Nc6 3. Bc4 Be7 4. d4 exd4
C44	Scotch Game: Cochrane Variation	13	r1bqk1nr/pppp1ppp/2n5/b3P3/2B5/2P2N2/P4PPP/RNBQK2R b KQkq	1. e4 e5 2. Nf3 Nc6 3. d4 exd4 4. Bc4 Bb4+ 5. c3 dxc3 6. bxc3 Ba5 7. e5
C44	Scotch Game: Cochrane-Shumov Defense	18	r1bq3r/ppp2k1p/2n3p1/2Qp4/3pP3/8/PPP2PPP/RNB1K2R w KQ	1. e4 e5 2. Nf3 Nc6 3. d4 exd4 4. Bc4 Bc5 5. Ng5 Nh6 6. Nxf7 Nxf7 7. Bxf7+ Kxf7 8. Qh5+ g6 9. Qxc5 d5
C44	Scotch Game: Göring Gambit	7	r1bqkbnr/pppp1ppp/2n5/8/3pP3/2P2N2/PP3PPP/RNBQKB1R b KQkq	1. e4 e5 2. Nf3 Nc6 3. d4 exd4 4. c3
C44	Scotch Game: Göring Gambit, Bardeleben Variation	12	r1bqk2r/pppp1ppp/2n2n2/8/1bB1P3/2N2N2/PP3PPP/R1BQK2R w KQkq	1. e4 e5 2. Nf3 Nc6 3. d4 exd4 4. c3 dxc3 5. Bc4 Nf6 6. Nxc3 Bb4
C44	Scotch Game: Göring Gambit, Double Pawn Sacrifice	9	r1bqkbnr/pppp1ppp/2n5/8/2B1P3/2p2N2/PP3PPP/RNBQK2R b KQkq	1. e4 e5 2. Nf3 Nc6 3. d4 exd4 4. c3 dxc3 5. Bc4
C44	Scotch Game: Göring Gambit, Main Line	10	r1bqk1nr/pppp1ppp/2n5/8/1b2P3/2N2N2/PP3PPP/R1BQKB1R w KQkq	1. e4 e5 2. Nf3 Nc6 3. d4 exd4 4. c3 dxc3 5. Nxc3 Bb4
C44	Scotch Game: Hanneken Variation	18	r1bq1rk1/pppp1ppp/5n2/4n1N1/1bB5/8/PB3PPP/RN1Q1RK1 w -	1. e4 e5 2. Nf3 Nc6 3. d4 exd4 4. Bc4 Bb4+ 5. c3 dxc3 6. O-O cxb2 7. Bxb2 Nf6 8. Ng5 O-O 9. e5 Nxe5
C44	Scotch Game: Haxo Gambit	8	r1bqk1nr/pppp1ppp/2n5/2b5/2BpP3/5N2/PPP2PPP/RNBQK2R w KQkq	1. e4 e5 2. Nf3 Nc6 3. d4 exd4 4. Bc4 Bc5
C44	Scotch Game: Lolli Variation	6	r1bqkbnr/pppp1ppp/8/4p3/3nP3/5N2/PPP2PPP/RNBQKB1R w KQkq	1. e4 e5 2. Nf3 Nc6 3. d4 Nxd4
C44	Scotch Game: Lolli Variation	9	r1bqkbnr/pppp1ppp/8/8/3QP3/8/PPP2PPP/RNB1KB1R b KQkq	1. e4 e5 2. Nf3 Nc6 3. d4 Nxd4 4. Nxd4 exd4 5. Qxd4
C44	Scotch Game: Napoleon Gambit	9	r1bqkbnr/pppp1ppp/8/8/2BpP3/8/PPP2PPP/RNBQK2R b KQkq	1. e4 e5 2. Nf3 Nc6 3. d4 Nxd4 4. Nxd4 exd4 5. Bc4
C44	Scotch Game: Relfsson Gambit	7	r1bqkbnr/pppp1ppp/2n5/1B6/3pP3/5N2/PPP2PPP/RNBQK2R b KQkq	1. e4 e5 2. Nf3 Nc6 3. d4 exd4 4. Bb5
C44	Scotch Game: Scotch Gambit	7	r1bqkbnr/pppp1ppp/2n5/8/2BpP3/5N2/PPP2PPP/RNBQK2R b KQkq	1. e4 e5 2. Nf3 Nc6 3. d4 exd4 4. Bc4
C44	Scotch Game: Scotch Gambit, Advance Variation	9	r1bqkb1r/pppp1ppp/2n2n2/4P3/2Bp4/5N2/PPP2PPP/RNBQK2R b KQkq	1. e4 e5 2. Nf3 Nc6 3. d4 exd4 4. Bc4 Nf6 5. e5
C44	Scotch Game: Scotch Gambit, Cochrane-Anderssen Variation	12	r2qk1nr/ppp2ppp/2np4/2b5/2BpP1b1/2P2N2/PP3PPP/RNBQ1RK1 w kq	1. e4 e5 2. Nf3 Nc6 3. d4 exd4 4. Bc4 Bc5 5. O-O d6 6. c3 Bg4
C44	Scotch Game: Scotch Gambit, Dubois Réti Defense	8	r1bqkb1r/pppp1ppp/2n2n2/8/2BpP3/5N2/PPP2PPP/RNBQK2R w KQkq	1. e4 e5 2. Nf3 Nc6 3. Bc4 Nf6 4. d4 exd4
C44	Scotch Game: Scotch Gambit, Göring Gambit Declined	8	r1bqkbnr/ppp2ppp/2n5/3p4/3pP3/2P2N2/PP3PPP/RNBQKB1R w KQkq	1. e4 e5 2. Nf3 Nc6 3. d4 exd4 4. c3 d5
C44	Scotch Game: Scotch Gambit, Kingside Variation	10	r1bqkb1r/pppp1ppp/2n5/4P3/2Bp2n1/5N2/PPP2PPP/RNBQK2R w KQkq	1. e4 e5 2. Nf3 Nc6 3. Bc4 Nf6 4. d4 exd4 5. e5 Ng4
C44	Scotch Game: Scotch Gambit, London Defense	8	r1bqk1nr/pppp1ppp/2n5/8/1bBpP3/5N2/PPP2PPP/RNBQK2R w KQkq	1. e4 e5 2. Nf3 Nc6 3. d4 exd4 4. Bc4 Bb4+
C44	Scotch Game: Scotch Gambit, Sarratt Variation	9	r1bqk1nr/pppp1ppp/2n5/2b3N1/2BpP3/8/PPP2PPP/RNBQK2R b KQkq	1. e4 e5 2. Nf3 Nc6 3. d4 exd4 4. Bc4 Bc5 5. Ng5
C44	Scotch Game: Sea-Cadet Mate	19	r2q1bnr/ppp1kBpp/3p4/3NN3/4P3/8/PP3PPP/R1Bb1RK1 b -	1. e4 e5 2. Nf3 Nc6 3. d4 exd4 4. c3 dxc3 5. Nxc3 d6 6. Bc4 Bg4 7. O-O Ne5 8. Nxe5 Bxd1 9. Bxf7+ Ke7 10. Nd5#
C44	Scotch Game: Vitzthum Attack	11	r1bqk2r/pppp1ppp/2n4n/2b3NQ/2BpP3/8/PPP2PPP/RNB1K2R b KQkq	1. e4 e5 2. Nf3 Nc6 3. d4 exd4 4. Bc4 Bc5 5. Ng5 Nh6 6. Qh5
C45	Scotch Game	7	r1bqkbnr/pppp1ppp/2n5/8/3NP3/8/PPP2PPP/RNBQKB1R b KQkq	1. e4 e5 2. Nf3 Nc6 3. d4 exd4 4. Nxd4
C45	Scotch Game	11	r1b1k1nr/pppp1ppp/2n5/1N6/1b2P2q/8/PPPB1PPP/RN1QKB1R b KQkq	1. e4 e5 2. Nf3 Nc6 3. d4 exd4 4. Nxd4 Qh4 5. Nb5 Bb4+ 6. Bd2
C45	Scotch Game: Alekhine Gambit	9	r1bqkb1r/pppp1ppp/2n2n2/4P3/3N4/8/PPP2PPP/RNBQKB1R b KQkq	1. e4 e5 2. Nf3 Nc6 3. d4 exd4 4. Nxd4 Nf6 5. e5
C45	Scotch Game: Blumenfeld Attack	11	r1b1k1nr/pppp1ppp/2n2q2/1Nb5/4P3/4B3/PPP2PPP/RN1QKB1R b KQkq	1. e4 e5 2. Nf3 Nc6 3. d4 exd4 4. Nxd4 Bc5 5. Be3 Qf6 6. Nb5
C45	Scotch Game: Braune Variation	9	r1b1kbnr/pppp1ppp/2n5/8/3NP2q/4B3/PPP2PPP/RN1QKB1R b KQkq	1. e4 e5 2. Nf3 Nc6 3. d4 exd4 4. Nxd4 Qh4 5. Be3
C45	Scotch Game: Classical Variation	8	r1bqk1nr/pppp1ppp/2n5/2b5/3NP3/8/PPP2PPP/RNBQKB1R w KQkq	1. e4 e5 2. Nf3 Nc6 3. d4 exd4 4. Nxd4 Bc5
C45	Scotch Game: Classical Variation, Blackburne Attack	13	r1b1k2r/ppppnppp/2n2q2/2b5/3NP3/2P1B3/PP1Q1PPP/RN2KB1R b KQkq	1. e4 e5 2. Nf3 Nc6 3. d4 exd4 4. Nxd4 Bc5 5. Be3 Qf6 6. c3 Nge7 7. Qd2
C45	Scotch Game: Classical Variation, Intermezzo Variation	10	r1b1k1nr/pppp1ppp/2N2q2/2b5/4P3/8/PPP2PPP/RNBQKB1R w KQkq	1. e4 e5 2. Nf3 Nc6 3. d4 exd4 4. Nxd4 Bc5 5. Nxc6 Qf6
C45	Scotch Game: Classical Variation, Millennium Variation	12	r1b1k1nr/pppp1ppp/2n3q1/2b5/3NP3/2P1B3/PP3PPP/RN1QKB1R w KQkq	1. e4 e5 2. Nf3 Nc6 3. d4 exd4 4. Nxd4 Bc5 5. Be3 Qf6 6. c3 Qg6
C45	Scotch Game: Fraser Variation	9	r1b1kbnr/pppp1ppp/2n5/8/4P2q/5N2/PPP2PPP/RNBQKB1R b KQkq	1. e4 e5 2. Nf3 Nc6 3. d4 exd4 4. Nxd4 Qh4 5. Nf3
C45	Scotch Game: Ghulam-Kassim Variation	11	r1bqkbnr/ppp2ppp/3p4/8/3QP3/3B4/PPP2PPP/RNB1K2R b KQkq	1. e4 e5 2. Nf3 Nc6 3. d4 exd4 4. Nxd4 Nxd4 5. Qxd4 d6 6. Bd3
C45	Scotch Game: Gottschall Variation	24	1rb2rk1/pp3ppp/5q2/3P4/1n6/2P1Q3/PP3PPP/RN2KB1R w KQ	1. e4 e5 2. Nf3 Nc6 3. d4 exd4 4. Nxd4 Bc5 5. Be3 Qf6 6. c3 Nge7 7. Qd2 d5 8. Nb5 Bxe3 9. Qxe3 O-O 10. Nxc7 Rb8 11. Nxd5 Nxd5 12. exd5 Nb4
C45	Scotch Game: Horwitz Attack	9	r1b1kbnr/pppp1ppp/2n5/1N6/4P2q/8/PPP2PPP/RNBQKB1R b KQkq	1. e4 e5 2. Nf3 Nc6 3. d4 exd4 4. Nxd4 Qh4 5. Nb5
C45	Scotch Game: Horwitz Attack, Blackburne Variation	17	r1bk2nr/pppp1ppp/2n5/1N6/4q3/8/PPPQBPPP/RN3RK1 b -	1. e4 e5 2. Nf3 Nc6 3. d4 exd4 4. Nxd4 Qh4 5. Nb5 Bb4+ 6. Bd2 Qxe4+ 7. Be2 Kd8 8. O-O Bxd2 9. Qxd2
C45	Scotch Game: Malaniuk Variation	8	r1bqk1nr/pppp1ppp/2n5/8/1b1NP3/8/PPP2PPP/RNBQKB1R w KQkq	1. e4 e5 2. Nf3 Nc6 3. d4 exd4 4. Nxd4 Bb4+
C45	Scotch Game: Meitner Variation	13	r1b1k2r/ppppnppp/2n2q2/2b5/4P3/2P1B3/PPN2PPP/RN1QKB1R b KQkq	1. e4 e5 2. Nf3 Nc6 3. d4 exd4 4. Nxd4 Bc5 5. Be3 Qf6 6. c3 Nge7 7. Nc2
C45	Scotch Game: Mieses Variation	11	r1bqkb1r/p1pp1ppp/2p2n2/4P3/8/8/PPP2PPP/RNBQKB1R b KQkq	1. e4 e5 2. Nf3 Nc6 3. d4 exd4 4. Nxd4 Nf6 5. Nxc6 bxc6 6. e5
C45	Scotch Game: Modern Defense	10	r1b1k1nr/pppp1ppp/2n5/8/1b1NP2q/2N5/PPP2PPP/R1BQKB1R w KQkq	1. e4 e5 2. Nf3 Nc6 3. d4 exd4 4. Nxd4 Qh4 5. Nc3 Bb4
C45	Scotch Game: Paulsen Attack	13	r1b1k2r/ppppnppp/2n2q2/1Bb5/3NP3/2P1B3/PP3PPP/RN1QK2R b KQkq	1. e4 e5 2. Nf3 Nc6 3. d4 exd4 4. Nxd4 Bc5 5. Be3 Qf6 6. c3 Nge7 7. Bb5
C45	Scotch Game: Paulsen Variation	9	r1b1kbnr/pppp1ppp/2n5/5N2/4P2q/8/PPP2PPP/RNBQKB1R b KQkq	1. e4 e5 2. Nf3 Nc6 3. d4 exd4 4. Nxd4 Qh4 5. Nf5
C45	Scotch Game: Paulsen, Gunsberg Defense	14	r1bnk2r/ppppnppp/5q2/1Bb5/3NP3/2P1B3/PP3PPP/RN1QK2R w KQkq	1. e4 e5 2. Nf3 Nc6 3. d4 exd4 4. Nxd4 Bc5 5. Be3 Qf6 6. c3 Nge7 7. Bb5 Nd8
C45	Scotch Game: Potter Variation	9	r1bqk1nr/pppp1ppp/2n5/2b5/4P3/1N6/PPP2PPP/RNBQKB1R b KQkq	1. e4 e5 2. Nf3 Nc6 3. d4 exd4 4. Nxd4 Bc5 5. Nb3
C45	Scotch Game: Romanishin Variation	10	r1bqk1nr/pppp1ppp/2n5/8/1b2P3/1N6/PPP2PPP/RNBQKB1R w KQkq	1. e4 e5 2. Nf3 Nc6 3. d4 exd4 4. Nxd4 Bc5 5. Nb3 Bb4+
C45	Scotch Game: Rosenthal Variation	18	r1bk2nr/pppp1ppp/2n3q1/1N6/8/8/PPPNBPPP/R2Q1RK1 w -	1. e4 e5 2. Nf3 Nc6 3. d4 exd4 4. Nxd4 Qh4 5. Nb5 Bb4+ 6. Bd2 Qxe4+ 7. Be2 Kd8 8. O-O Bxd2 9. Nxd2 Qg6
C45	Scotch Game: Schmidt Variation	8	r1bqkb1r/pppp1ppp/2n2n2/8/3NP3/8/PPP2PPP/RNBQKB1R w KQkq	1. e4 e5 2. Nf3 Nc6 3. d4 exd4 4. Nxd4 Nf6
C45	Scotch Game: Steinitz Variation	8	r1b1kbnr/pppp1ppp/2n5/8/3NP2q/8/PPP2PPP/RNBQKB1R w KQkq	1. e4 e5 2. Nf3 Nc6 3. d4 exd4 4. Nxd4 Qh4
C45	Scotch Game: Steinitz Variation	9	r1b1kbnr/pppp1ppp/2n5/8/3NP2q/2N5/PPP2PPP/R1BQKB1R b KQkq	1. e4 e5 2. Nf3 Nc6 3. d4 exd4 4. Nxd4 Qh4 5. Nc3
C45	Scotch Game: Tartakower Variation	11	r1bqkb1r/p1pp1ppp/2p2n2/8/4P3/8/PPPN1PPP/R1BQKB1R b KQkq	1. e4 e5 2. Nf3 Nc6 3. d4 exd4 4. Nxd4 Nf6 5. Nxc6 bxc6 6. Nd2
C46	Three Knights Opening	5	r1bqkbnr/pppp1ppp/2n5/4p3/4P3/2N2N2/PPPP1PPP/R1BQKB1R b KQkq	1. e4 e5 2. Nf3 Nc6 3. Nc3
C46	Three Knights Opening	6	r1bqk1nr/pppp1ppp/2n5/4p3/1b2P3/2N2N2/PPPP1PPP/R1BQKB1R w KQkq	1. e4 e5 2. Nf3 Nc6 3. Nc3 Bb4
C46	Three Knights Opening: Schlechter Variation	8	r1bqk2r/pppp1ppp/2n2n2/3Np3/1b2P3/5N2/PPPP1PPP/R1BQKB1R w KQkq	1. e4 e5 2. Nf3 Nc6 3. Nc3 Bb4 4. Nd5 Nf6
C46	Three Knights Opening: Steinitz Defense	6	r1bqkbnr/pppp1p1p/2n3p1/4p3/4P3/2N2N2/PPPP1PPP/R1BQKB1R w KQkq	1. e4 e5 2. Nf3 Nc6 3. Nc3 g6
C46	Three Knights Opening: Steinitz-Rosenthal Variation	9	r1bqkbnr/pppp1p1p/2n3p1/3N4/3pP3/5N2/PPP2PPP/R1BQKB1R b KQkq	1. e4 e5 2. Nf3 Nc6 3. Nc3 g6 4. d4 exd4 5. Nd5
C46	Three Knights Opening: Winawer Defense	6	r1bqkbnr/pppp2pp/2n5/4pp2/4P3/2N2N2/PPPP1PPP/R1BQKB1R w KQkq	1. e4 e5 2. Nf3 Nc6 3. Nc3 f5
C47	Four Knights Game	6	r1bqkb1r/pppp1ppp/2n2n2/4p3/4P3/2N2N2/PPPP1PPP/R1BQKB1R w KQkq	1. e4 e5 2. Nf3 Nc6 3. Nc3 Nf6
C47	Four Knights Game: Glek System	7	r1bqkb1r/pppp1ppp/2n2n2/4p3/4P3/2N2NP1/PPPP1P1P/R1BQKB1R b KQkq	1. e4 e5 2. Nf3 Nc6 3. Nc3 Nf6 4. g3
C47	Four Knights Game: Glek System	13	r1bqkb1r/ppp2ppp/2n5/4p3/8/2P2NP1/P1PP1PBP/R1BQK2R b KQkq	1. e4 e5 2. Nf3 Nc6 3. Nc3 Nf6 4. g3 d5 5. exd5 Nxd5 6. Bg2 Nxc3 7. bxc3
C47	Four Knights Game: Gunsberg Variation	7	r1bqkb1r/pppp1ppp/2n2n2/4p3/4P3/P1N2N2/1PPP1PPP/R1BQKB1R b KQkq	1. e4 e5 2. Nf3 Nc6 3. Nc3 Nf6 4. a3
C47	Four Knights Game: Gunsberg Variation, Provincial Opening	9	r1bqkb1r/ppp2ppp/2np1n2/4p3/4P3/P1N2N1P/1PPP1PP1/R1BQKB1R b KQkq	1. e4 e5 2. Nf3 Nc6 3. Nc3 Nf6 4. a3 d6 5. h3
C47	Four Knights Game: Halloween Gambit	7	r1bqkb1r/pppp1ppp/2n2n2/4N3/4P3/2N5/PPPP1PPP/R1BQKB1R b KQkq	1. e4 e5 2. Nf3 Nc6 3. Nc3 Nf6 4. Nxe5
C47	Four Knights Game: Halloween Gambit, Oldtimer Variation	16	r1bqk1nr/pppp2pp/6n1/4Pp2/1bBP4/2N2Q2/PPP2PPP/R1B1K2R w KQkq	1. e4 e5 2. Nf3 Nc6 3. Nc3 Nf6 4. Nxe5 Nxe5 5. d4 Ng6 6. e5 Ng8 7. Bc4 Bb4 8. Qf3 f5
C47	Four Knights Game: Halloween Gambit, Plasma Variation	22	1rb1kbnr/pp1p1ppp/3P1qn1/1N6/5P2/8/PPP3PP/R1BQKB1R w KQk	1. e4 e5 2. Nf3 Nc6 3. Nc3 Nf6 4. Nxe5 Nxe5 5. d4 Nc6 6. d5 Ne5 7. f4 Ng6 8. e5 Ng8 9. d6 cxd6 10. exd6 Qf6 11. Nb5 Rb8
C47	Four Knights Game: Italian Variation	7	r1bqkb1r/pppp1ppp/2n2n2/4p3/2B1P3/2N2N2/PPPP1PPP/R1BQK2R b KQkq	1. e4 e5 2. Nf3 Nc6 3. Bc4 Nf6 4. Nc3
C47	Four Knights Game: Italian Variation, Noa Gambit	9	r1bqkb1r/pppp1Bpp/2n5/4p3/4n3/2N2N2/PPPP1PPP/R1BQK2R b KQkq	1. e4 e5 2. Nf3 Nc6 3. Bc4 Nf6 4. Nc3 Nxe4 5. Bxf7+
C47	Four Knights Game: Naroditsky Variation	7	r1bqkb1r/pppp1ppp/2n2n2/3Np3/4P3/5N2/PPPP1PPP/R1BQKB1R b KQkq	1. e4 e5 2. Nf3 Nc6 3. Nc3 Nf6 4. Nd5
C47	Four Knights Game: Scotch Variation	7	r1bqkb1r/pppp1ppp/2n2n2/4p3/3PP3/2N2N2/PPP2PPP/R1BQKB1R b KQkq	1. e4 e5 2. Nf3 Nc6 3. Nc3 Nf6 4. d4
C47	Four Knights Game: Scotch Variation Accepted	8	r1bqkb1r/pppp1ppp/2n2n2/8/3pP3/2N2N2/PPP2PPP/R1BQKB1R w KQkq	1. e4 e5 2. Nf3 Nc6 3. Nc3 Nf6 4. d4 exd4
C47	Four Knights Game: Scotch Variation Accepted, Main Line	17	r1bq1rk1/p1p2ppp/2p2n2/3P4/1b6/2NB4/PPP2PPP/R1BQ1RK1 b -	1. e4 e5 2. Nf3 Nc6 3. Nc3 Nf6 4. d4 exd4 5. Nxd4 Bb4 6. Nxc6 bxc6 7. Bd3 d5 8. exd5 O-O 9. O-O
C47	Four Knights Game: Scotch Variation, Belgrade Gambit	9	r1bqkb1r/pppp1ppp/2n2n2/3N4/3pP3/5N2/PPP2PPP/R1BQKB1R b KQkq	1. e4 e5 2. Nf3 Nc6 3. Nc3 Nf6 4. d4 exd4 5. Nd5
C47	Four Knights Game: Scotch Variation, Belgrade Gambit, Modern Defense	12	r1bqkb1r/pppp2pp/2n5/3N1p2/3pn3/5N2/PPP1QPPP/R1B1KB1R w KQkq	1. e4 e5 2. Nf3 Nc6 3. Nc3 Nf6 4. d4 exd4 5. Nd5 Nxe4 6. Qe2 f5
C47	Four Knights Game: Scotch Variation, Krause Gambit	9	r1bqk2r/pppp1ppp/2n2n2/4N3/1b1PP3/2N5/PPP2PPP/R1BQKB1R b KQkq	1. e4 e5 2. Nf3 Nc6 3. Nc3 Nf6 4. d4 Bb4 5. Nxe5
C47	Four Knights Game: Scotch Variation, Krause Gambit, Leonhardt Defense	10	r1b1k2r/ppppqppp/2n2n2/4N3/1b1PP3/2N5/PPP2PPP/R1BQKB1R w KQkq	1. e4 e5 2. Nf3 Nc6 3. Nc3 Nf6 4. d4 Bb4 5. Nxe5 Qe7
C47	Four Knights Game: Scotch Variation, Oxford Gambit	10	r1bqk2r/pppp1ppp/5n2/3Pp3/1b1nP3/2N2N2/PPP2PPP/R1BQKB1R w KQkq	1. e4 e5 2. Nf3 Nc6 3. Nc3 Nf6 4. d4 Bb4 5. d5 Nd4
C47	Four Knights Game: Scotch Variation, Schmid Defense	10	r1bqkb1r/pppp1ppp/2n5/8/3Nn3/2N5/PPP2PPP/R1BQKB1R w KQkq	1. e4 e5 2. Nf3 Nc6 3. Nc3 Nf6 4. d4 exd4 5. Nxd4 Nxe4
C48	Four Knights Game: Spanish Variation	7	r1bqkb1r/pppp1ppp/2n2n2/1B2p3/4P3/2N2N2/PPPP1PPP/R1BQK2R b KQkq	1. e4 e5 2. Nf3 Nc6 3. Nc3 Nf6 4. Bb5
C48	Four Knights Game: Spanish Variation, Bardeleben Variation	18	r1bq1rk1/pppp1ppp/2n2n2/1B2P3/1b1P1P2/2N5/PPP3PP/R1BQ1RK1 w -	1. e4 e5 2. Nf3 Nc6 3. Nc3 Nf6 4. Bb5 Bc5 5. O-O O-O 6. Nxe5 Nxe5 7. d4 Bd6 8. f4 Nc6 9. e5 Bb4
C48	Four Knights Game: Spanish Variation, Classical Variation	8	r1bqk2r/pppp1ppp/2n2n2/1Bb1p3/4P3/2N2N2/PPPP1PPP/R1BQK2R w KQkq	1. e4 e5 2. Nf3 Nc6 3. Nc3 Nf6 4. Bb5 Bc5
C48	Four Knights Game: Spanish Variation, Ranken Variation	9	r1bqkb1r/1ppp1ppp/p1B2n2/4p3/4P3/2N2N2/PPPP1PPP/R1BQK2R b KQkq	1. e4 e5 2. Nf3 Nc6 3. Nc3 Nf6 4. Bb5 a6 5. Bxc6
C48	Four Knights Game: Spanish Variation, Rubinstein Variation	8	r1bqkb1r/pppp1ppp/5n2/1B2p3/3nP3/2N2N2/PPPP1PPP/R1BQK2R w KQkq	1. e4 e5 2. Nf3 Nc6 3. Nc3 Nf6 4. Bb5 Nd4
C48	Four Knights Game: Spanish Variation, Rubinstein Variation	9	r1bqkb1r/pppp1ppp/5n2/4p3/3nP3/2N2N2/PPPPBPPP/R1BQK2R b KQkq	1. e4 e5 2. Nf3 Nc6 3. Nc3 Nf6 4. Bb5 Nd4 5. Be2
C48	Four Knights Game: Spanish Variation, Rubinstein Variation	11	r1b1kb1r/ppppqppp/5n2/1B2N3/3nPP2/2N5/PPPP2PP/R1BQK2R b KQkq	1. e4 e5 2. Nf3 Nf6 3. Nc3 Nc6 4. Bb5 Nd4 5. Nxe5 Qe7 6. f4
C48	Four Knights Game: Spanish Variation, Rubinstein Variation Accepted	9	r1bqkb1r/pppp1ppp/5n2/1B2p3/3NP3/2N5/PPPP1PPP/R1BQK2R b KQkq	1. e4 e5 2. Nf3 Nc6 3. Nc3 Nf6 4. Bb5 Nd4 5. Nxd4
C48	Four Knights Game: Spanish Variation, Rubinstein Variation, Henneberger Variation	9	r1bqkb1r/pppp1ppp/5n2/1B2p3/3nP3/2N2N2/PPPP1PPP/R1BQ1RK1 b kq	1. e4 e5 2. Nf3 Nf6 3. Nc3 Nc6 4. Bb5 Nd4 5. O-O
C48	Four Knights Game: Spanish Variation, Rubinstein Variation, Marshall Gambit	12	r1bq1rk1/pppp1ppp/5n2/2b1N3/B2nP3/2N5/PPPP1PPP/R1BQK2R w KQ	1. e4 e5 2. Nf3 Nc6 3. Nc3 Nf6 4. Bb5 Nd4 5. Ba4 Bc5 6. Nxe5 O-O
C48	Four Knights Game: Spanish Variation, Rubinstein Variation, Marshall Variation	12	r1bq1rk1/pppp1ppp/5n2/1Bb1N3/3nP3/2N5/PPPP1PPP/R1BQ1RK1 w -	1. e4 e5 2. Nf3 Nc6 3. Nc3 Nf6 4. Bb5 Nd4 5. Nxe5 Bc5 6. O-O O-O
C48	Four Knights Game: Spanish Variation, Rubinstein Variation, Maróczy Variation	18	r1bq1rk1/ppp2ppp/1b1p1n2/4p3/N3P3/3P1B2/PPP2PPP/R1BQ1RK1 w -	1. e4 e5 2. Nf3 Nc6 3. Nc3 Nf6 4. Bb5 Nd4 5. Be2 Nxf3+ 6. Bxf3 Bc5 7. O-O O-O 8. d3 d6 9. Na4 Bb6
C48	Four Knights Game: Spanish Variation, Spielmann Variation	20	r3kb1r/1pp2ppp/p1p1b3/3q4/3PN3/8/PPP2PPP/R1BQR1K1 w kq	1. e4 e5 2. Nf3 Nc6 3. Nc3 Nf6 4. Bb5 a6 5. Bxc6 dxc6 6. Nxe5 Nxe4 7. Nxe4 Qd4 8. O-O Qxe5 9. Re1 Be6 10. d4 Qd5
C49	Four Knights Game: Spanish Variation	12	r1bq1rk1/pppp1ppp/2n2n2/1B2p3/4P3/2bP1N2/PPP2PPP/R1BQ1RK1 w -	1. e4 e5 2. Nf3 Nc6 3. Nc3 Nf6 4. Bb5 Bb4 5. O-O O-O 6. d3 Bxc3
C49	Four Knights Game: Spanish Variation, Alatortsev Variation	14	r1b2rk1/ppp1qppp/2n2n2/1B1pp3/1b2P3/3P1N2/PPP1NPPP/R1BQ1RK1 w -	1. e4 e5 2. Nf3 Nc6 3. Nc3 Nf6 4. Bb5 Bb4 5. O-O O-O 6. d3 Qe7 7. Ne2 d5
C49	Four Knights Game: Spanish Variation, Double Spanish	8	r1bqk2r/pppp1ppp/2n2n2/1B2p3/1b2P3/2N2N2/PPPP1PPP/R1BQK2R w KQkq	1. e4 e5 2. Nf3 Nc6 3. Nc3 Nf6 4. Bb5 Bb4
C49	Four Knights Game: Spanish Variation, Double Spanish	11	r1bq1rk1/pppp1ppp/2n2n2/1B2p3/1b2P3/2NP1N2/PPP2PPP/R1BQ1RK1 b -	1. e4 e5 2. Nf3 Nc6 3. Nc3 Nf6 4. Bb5 Bb4 5. O-O O-O 6. d3
C49	Four Knights Game: Spanish Variation, Gunsberg Counterattack	14	r1bq1rk1/pppp1ppp/2n5/1B1P4/1b2p3/5N2/PPPP1PPP/R1BQ1RK1 w -	1. e4 e5 2. Nf3 Nf6 3. Nc3 Nc6 4. Bb5 Bb4 5. O-O O-O 6. Nd5 Nxd5 7. exd5 e4
C49	Four Knights Game: Spanish Variation, Janowski Variation	15	r1bq1rk1/ppp2ppp/2np1n2/1B2p3/4P3/2PP1N2/P1P2PPP/R1BQR1K1 b -	1. e4 e5 2. Nf3 Nc6 3. Nc3 Nf6 4. Bb5 Bb4 5. O-O O-O 6. d3 Bxc3 7. bxc3 d6 8. Re1
C49	Four Knights Game: Spanish Variation, Nimzowitsch Variation	11	r1bq1rk1/pppp1ppp/2B2n2/4p3/1b2P3/2N2N2/PPPP1PPP/R1BQ1RK1 b -	1. e4 e5 2. Nf3 Nc6 3. Nc3 Nf6 4. Bb5 Bb4 5. O-O O-O 6. Bxc6
C49	Four Knights Game: Spanish Variation, Svenonius Variation	14	r1bq1rk1/ppp2ppp/2n2n2/1B1pp3/4P3/2PP1N2/P1P2PPP/R1BQ1RK1 w -	1. e4 e5 2. Nf3 Nc6 3. Nc3 Nf6 4. Bb5 Bb4 5. O-O O-O 6. d3 Bxc3 7. bxc3 d5
C49	Four Knights Game: Spanish Variation, Symmetrical Variation	12	r1bq1rk1/ppp2ppp/2np1n2/1B2p3/1b2P3/2NP1N2/PPP2PPP/R1BQ1RK1 w -	1. e4 e5 2. Nf3 Nc6 3. Nc3 Nf6 4. Bb5 Bb4 5. O-O O-O 6. d3 d6
C49	Four Knights Game: Spanish Variation, Symmetrical Variation	20	r2n1rk1/ppp1qppp/3p1n2/1B2p1B1/3PP1b1/2P2N2/P1P2PPP/R2QR1K1 w -	1. e4 e5 2. Nf3 Nc6 3. Nc3 Nf6 4. Bb5 Bb4 5. O-O O-O 6. d3 d6 7. Bg5 Bxc3 8. bxc3 Qe7 9. Re1 Nd8 10. d4 Bg4
C49	Four Knights Game: Spanish Variation, Symmetrical Variation	14	r1bq1rk1/ppp1nppp/3p1n2/1B2p1B1/1b2P3/2NP1N2/PPP2PPP/R2Q1RK1 w -	1. e4 e5 2. Nf3 Nc6 3. Nc3 Nf6 4. Bb5 Bb4 5. O-O O-O 6. d3 d6 7. Bg5 Ne7
C49	Four Knights Game: Spanish Variation, Symmetrical Variation	13	r1bq1rk1/ppp2ppp/2np1n2/1B2p3/1b2P3/3P1N2/PPP1NPPP/R1BQ1RK1 b -	1. e4 e5 2. Nf3 Nc6 3. Nc3 Nf6 4. Bb5 Bb4 5. O-O O-O 6. d3 d6 7. Ne2
C49	Four Knights Game: Spanish Variation, Symmetrical Variation, Blake Variation	20	r1b2rk1/pp2nppp/2pq1n2/3pp1B1/1b2P2N/1BNP4/PPP2PPP/R2Q1RK1 w -	1. e4 e5 2. Nf3 Nc6 3. Nc3 Nf6 4. Bb5 Bb4 5. O-O O-O 6. d3 d6 7. Bg5 Ne7 8. Nh4 c6 9. Bc4 d5 10. Bb3 Qd6
C49	Four Knights Game: Spanish Variation, Symmetrical Variation, Metger Unpin	16	r1b2rk1/ppp1qppp/2np1n2/1B2p1B1/4P3/2PP1N2/P1P2PPP/R2Q1RK1 w -	1. e4 e5 2. Nf3 Nc6 3. Nc3 Nf6 4. Bb5 Bb4 5. O-O O-O 6. d3 d6 7. Bg5 Bxc3 8. bxc3 Qe7
C49	Four Knights Game: Spanish Variation, Symmetrical Variation, Tarrasch Variation	14	r2q1rk1/ppp2ppp/2npbn2/1B2p1B1/1b2P3/2NP1N2/PPP2PPP/R2Q1RK1 w -	1. e4 e5 2. Nf3 Nf6 3. Nc3 Nc6 4. Bb5 Bb4 5. O-O O-O 6. d3 d6 7. Bg5 Be6
C50	Four Knights Game: Italian Variation	8	r1bqk2r/pppp1ppp/2n2n2/2b1p3/2B1P3/2N2N2/PPPP1PPP/R1BQK2R w KQkq	1. e4 e5 2. Nf3 Nc6 3. Bc4 Bc5 4. Nc3 Nf6
C50	Italian Game	5	r1bqkbnr/pppp1ppp/2n5/4p3/2B1P3/5N2/PPPP1PPP/RNBQK2R b KQkq	1. e4 e5 2. Nf3 Nc6 3. Bc4
C50	Italian Game: Anti-Fried Liver Defense	6	r1bqkbnr/pppp1pp1/2n4p/4p3/2B1P3/5N2/PPPP1PPP/RNBQK2R w KQkq	1. e4 e5 2. Nf3 Nc6 3. Bc4 h6
C50	Italian Game: Blackburne-Kostić Gambit	6	r1bqkbnr/pppp1ppp/8/4p3/2BnP3/5N2/PPPP1PPP/RNBQK2R w KQkq	1. e4 e5 2. Nf3 Nc6 3. Bc4 Nd4
C50	Italian Game: Classical Variation, Albin Gambit	9	r1bqk2r/pppp1ppp/2n2n2/2b1p3/2B1P3/2P2N2/PP1P1PPP/RNBQ1RK1 b kq	1. e4 e5 2. Nf3 Nc6 3. Bc4 Bc5 4. O-O Nf6 5. c3
C50	Italian Game: Deutz Gambit	9	r1bqk2r/pppp1ppp/2n2n2/2b1p3/2BPP3/5N2/PPP2PPP/RNBQ1RK1 b kq	1. e4 e5 2. Nf3 Nc6 3. Bc4 Bc5 4. O-O Nf6 5. d4
C50	Italian Game: Giuoco Pianissimo	7	r1bqk1nr/pppp1ppp/2n5/2b1p3/2B1P3/3P1N2/PPP2PPP/RNBQK2R b KQkq	1. e4 e5 2. Nf3 Nc6 3. Bc4 Bc5 4. d3
C50	Italian Game: Giuoco Pianissimo	11	r1bqk2r/ppp2ppp/2np1n2/2b1p3/2B1P3/2NP1N2/PPP2PPP/R1BQ1RK1 b kq	1. e4 e5 2. Nf3 Nc6 3. Bc4 Nf6 4. O-O Bc5 5. Nc3 d6 6. d3
C50	Italian Game: Giuoco Pianissimo	10	r1bq1rk1/pppp1ppp/2n2n2/2b1p3/2B1P3/2N2N2/PPPP1PPP/R1BQ1RK1 w -	1. e4 e5 2. Nf3 Nc6 3. Bc4 Bc5 4. Nc3 Nf6 5. O-O O-O
C50	Italian Game: Giuoco Pianissimo	11	r1bq1rk1/pppp1ppp/2n2n2/2b1p3/2B1P3/2NP1N2/PPP2PPP/R1BQ1RK1 b -	1. e4 e5 2. Nf3 Nc6 3. Bc4 Bc5 4. Nc3 Nf6 5. O-O O-O 6. d3
C50	Italian Game: Giuoco Pianissimo, Canal Variation	11	r1bqk2r/ppp2ppp/2np1n2/2b1p1B1/2B1P3/2NP1N2/PPP2PPP/R2QK2R b KQkq	1. e4 e5 2. Nf3 Nc6 3. Bc4 Bc5 4. d3 Nf6 5. Nc3 d6 6. Bg5
C50	Italian Game: Giuoco Pianissimo, Dubois Variation	10	r1bqk1nr/pppp2pp/2n5/2b1p1N1/2B1Pp2/3P4/PPP2PPP/RNBQK2R w KQkq	1. e4 e5 2. Nf3 Nc6 3. Bc4 Bc5 4. d3 f5 5. Ng5 f4
C50	Italian Game: Giuoco Pianissimo, Italian Four Knights Variation	9	r1bqk2r/pppp1ppp/2n2n2/2b1p3/2B1P3/2NP1N2/PPP2PPP/R1BQK2R b KQkq	1. e4 e5 2. Nf3 Nc6 3. Bc4 Bc5 4. d3 Nf6 5. Nc3
C50	Italian Game: Giuoco Pianissimo, Lucchini Gambit	8	r1bqk1nr/pppp2pp/2n5/2b1pp2/2B1P3/3P1N2/PPP2PPP/RNBQK2R w KQkq	1. e4 e5 2. Nf3 Nc6 3. Bc4 Bc5 4. d3 f5
C50	Italian Game: Giuoco Pianissimo, Normal	8	r1bqk2r/pppp1ppp/2n2n2/2b1p3/2B1P3/3P1N2/PPP2PPP/RNBQK2R w KQkq	1. e4 e5 2. Nf3 Nc6 3. Bc4 Nf6 4. d3 Bc5
C50	Italian Game: Giuoco Piano	6	r1bqk1nr/pppp1ppp/2n5/2b1p3/2B1P3/5N2/PPPP1PPP/RNBQK2R w KQkq	1. e4 e5 2. Nf3 Nc6 3. Bc4 Bc5
C50	Italian Game: Hungarian Defense	6	r1bqk1nr/ppppbppp/2n5/4p3/2B1P3/5N2/PPPP1PPP/RNBQK2R w KQkq	1. e4 e5 2. Nf3 Nc6 3. Bc4 Be7
C50	Italian Game: Hungarian Defense, Tartakower Variation	12	r1bqk2r/ppppbppp/2n5/4P3/2Bpn3/2P2N2/PP3PPP/RNBQK2R w KQkq	1. e4 e5 2. Nf3 Nc6 3. Bc4 Be7 4. d4 exd4 5. c3 Nf6 6. e5 Ne4
C50	Italian Game: Jerome Gambit	7	r1bqk1nr/pppp1Bpp/2n5/2b1p3/4P3/5N2/PPPP1PPP/RNBQK2R b KQkq	1. e4 e5 2. Nf3 Nc6 3. Bc4 Bc5 4. Bxf7+
C50	Italian Game: Paris Defense	6	r1bqkbnr/ppp2ppp/2np4/4p3/2B1P3/5N2/PPPP1PPP/RNBQK2R w KQkq	1. e4 e5 2. Nf3 Nc6 3. Bc4 d6
C50	Italian Game: Rosentreter Gambit	7	r1bqk1nr/pppp1ppp/2n5/2b1p3/2BPP3/5N2/PPP2PPP/RNBQK2R b KQkq	1. e4 e5 2. Nf3 Nc6 3. Bc4 Bc5 4. d4
C50	Italian Game: Rousseau Gambit	6	r1bqkbnr/pppp2pp/2n5/4pp2/2B1P3/5N2/PPPP1PPP/RNBQK2R w KQkq	1. e4 e5 2. Nf3 Nc6 3. Bc4 f5
C51	Italian Game: Evans Gambit	7	r1bqk1nr/pppp1ppp/2n5/2b1p3/1PB1P3/5N2/P1PP1PPP/RNBQK2R b KQkq	1. e4 e5 2. Nf3 Nc6 3. Bc4 Bc5 4. b4
C51	Italian Game: Evans Gambit	18	r2qk1nr/ppp2ppp/1bnp4/8/2BPP1b1/2N2N2/P4PPP/R1BQ1RK1 w kq	1. e4 e5 2. Nf3 Nc6 3. Bc4 Bc5 4. b4 Bxb4 5. c3 Bc5 6. d4 exd4 7. O-O d6 8. cxd4 Bb6 9. Nc3 Bg4
C51	Italian Game: Evans Gambit Accepted	8	r1bqk1nr/pppp1ppp/2n5/4p3/1bB1P3/5N2/P1PP1PPP/RNBQK2R w KQkq	1. e4 e5 2. Nf3 Nc6 3. Bc4 Bc5 4. b4 Bxb4
C51	Italian Game: Evans Gambit Declined	8	r1bqk1nr/pppp1ppp/1bn5/4p3/1PB1P3/5N2/P1PP1PPP/RNBQK2R w KQkq	1. e4 e5 2. Nf3 Nc6 3. Bc4 Bc5 4. b4 Bb6
C51	Italian Game: Evans Gambit Declined	9	r1bqk1nr/pppp1ppp/1bn5/4p3/PPB1P3/5N2/2PP1PPP/RNBQK2R b KQkq	1. e4 e5 2. Nf3 Nc6 3. Bc4 Bc5 4. b4 Bb6 5. a4
C51	Italian Game: Evans Gambit Declined, Cordel Variation	9	r1bqk1nr/pppp1ppp/1bn5/4p3/1PB1P3/5N2/PBPP1PPP/RN1QK2R b KQkq	1. e4 e5 2. Nf3 Nc6 3. Bc4 Bc5 4. b4 Bb6 5. Bb2
C51	Italian Game: Evans Gambit Declined, Hicken Variation	17	r1bk2nr/pppp1Qpp/1b6/nP2q3/2B1P3/8/PBPP1PPP/RN2K2R b KQ	1. e4 e5 2. Nf3 Nc6 3. Bc4 Bc5 4. b4 Bb6 5. b5 Na5 6. Nxe5 Qg5 7. Qf3 Qxe5 8. Qxf7+ Kd8 9. Bb2
C51	Italian Game: Evans Gambit Declined, Hirschbach Variation	12	r1b1k1nr/pppp1ppp/1b6/nP2N1q1/2B1P3/8/P1PP1PPP/RNBQK2R w KQkq	1. e4 e5 2. Nf3 Nc6 3. Bc4 Bc5 4. b4 Bb6 5. b5 Na5 6. Nxe5 Qg5
C51	Italian Game: Evans Gambit Declined, Lange Variation	12	r1bqk2r/pppp1ppp/1b5n/nP2N3/2B1P3/8/P1PP1PPP/RNBQK2R w KQkq	1. e4 e5 2. Nf3 Nc6 3. Bc4 Bc5 4. b4 Bb6 5. b5 Na5 6. Nxe5 Nh6
C51	Italian Game: Evans Gambit Declined, Pavlov Variation	23	r1b3r1/ppp2k1p/1b6/nP2B1q1/3PP3/8/P1PN1PPP/R2QK2R b KQ	1. e4 e5 2. Nf3 Nc6 3. Bc4 Bc5 4. b4 Bb6 5. b5 Na5 6. Nxe5 Nh6 7. d4 d6 8. Bxh6 dxe5 9. Bxg7 Rg8 10. Bxf7+ Kxf7 11. Bxe5 Qg5 12. Nd2
C51	Italian Game: Evans Gambit Declined, Showalter Variation	11	r1bqk1nr/1ppp1ppp/pbn5/4p3/PPB1P3/2N2N2/2PP1PPP/R1BQK2R b KQkq	1. e4 e5 2. Nf3 Nc6 3. Bc4 Bc5 4. b4 Bb6 5. a4 a6 6. Nc3
C51	Italian Game: Evans Gambit Declined, Vasquez Variation	15	r1b3nr/ppppkBpp/1b6/nP2N1qQ/4P3/8/P1PP1PPP/RNB1K2R b KQ	1. e4 e5 2. Nf3 Nc6 3. Bc4 Bc5 4. b4 Bb6 5. b5 Na5 6. Nxe5 Qg5 7. Bxf7+ Ke7 8. Qh5
C51	Italian Game: Evans Gambit, Anderssen Variation	10	r1bqk1nr/ppppbppp/2n5/4p3/2B1P3/2P2N2/P2P1PPP/RNBQK2R w KQkq	1. e4 e5 2. Nf3 Nc6 3. Bc4 Bc5 4. b4 Bxb4 5. c3 Be7
C51	Italian Game: Evans Gambit, Anderssen Variation, Cordel Line	12	r1bqk1nr/ppppbppp/8/n3p3/2BPP3/2P2N2/P4PPP/RNBQK2R w KQkq	1. e4 e5 2. Nf3 Nc6 3. Bc4 Bc5 4. b4 Bxb4 5. c3 Be7 6. d4 Na5
C51	Italian Game: Evans Gambit, Fontaine Countergambit	8	r1bqk1nr/p1pp1ppp/2n5/1pb1p3/1PB1P3/5N2/P1PP1PPP/RNBQK2R w KQkq	1. e4 e5 2. Nf3 Nc6 3. Bc4 Bc5 4. b4 b5
C51	Italian Game: Evans Gambit, Fraser Attack	19	r2qk1nr/ppp2ppp/1bnp4/8/Q1BPP1b1/2N2N2/P4PPP/R1B2RK1 b kq	1. e4 e5 2. Nf3 Nc6 3. Bc4 Bc5 4. b4 Bxb4 5. c3 Bc5 6. d4 exd4 7. O-O d6 8. cxd4 Bb6 9. Nc3 Bg4 10. Qa4
C51	Italian Game: Evans Gambit, Fraser-Mortimer Attack	25	r2q1knr/pppb1Bpp/1b1p4/n7/3PP3/2N2N2/P1Q2PPP/R1B2RK1 b -	1. e4 e5 2. Nf3 Nc6 3. Bc4 Bc5 4. b4 Bxb4 5. c3 Bc5 6. d4 exd4 7. O-O d6 8. cxd4 Bb6 9. Nc3 Bg4 10. Qa4 Bd7 11. Qb3 Na5 12. Bxf7+ Kf8 13. Qc2
C51	Italian Game: Evans Gambit, Göring Attack	19	r1bqk1nr/ppp2ppp/1b1p4/n5B1/2BPP3/2N2N2/P4PPP/R2Q1RK1 b kq	1. e4 e5 2. Nf3 Nc6 3. Bc4 Bc5 4. b4 Bxb4 5. c3 Bc5 6. d4 exd4 7. O-O d6 8. cxd4 Bb6 9. Nc3 Na5 10. Bg5
C51	Italian Game: Evans Gambit, Harding Variation	15	r1bqk1nr/pppp1ppp/2n5/8/1bBPP3/5N2/P2B1PPP/RN1QK2R b KQkq	1. e4 e5 2. Nf3 Nc6 3. Bc4 Bc5 4. b4 Bxb4 5. c3 Bc5 6. d4 exd4 7. cxd4 Bb4+ 8. Bd2
C51	Italian Game: Evans Gambit, Hein Countergambit	8	r1bqk1nr/ppp2ppp/2n5/2bpp3/1PB1P3/5N2/P1PP1PPP/RNBQK2R w KQkq	1. e4 e5 2. Nf3 Nc6 3. Bc4 Bc5 4. b4 d5
C51	Italian Game: Evans Gambit, Mayet Defense	10	r1bqkbnr/pppp1ppp/2n5/4p3/2B1P3/2P2N2/P2P1PPP/RNBQK2R w KQkq	1. e4 e5 2. Nf3 Nc6 3. Bc4 Bc5 4. b4 Bxb4 5. c3 Bf8
C51	Italian Game: Evans Gambit, McDonnell Defense	10	r1bqk1nr/pppp1ppp/2n5/2b1p3/2B1P3/2P2N2/P2P1PPP/RNBQK2R w KQkq	1. e4 e5 2. Nf3 Nc6 3. Bc4 Bc5 4. b4 Bxb4 5. c3 Bc5
C51	Italian Game: Evans Gambit, McDonnell Defense, Main Line	16	r1bqk1nr/ppp2ppp/1bnp4/8/2BPP3/5N2/P4PPP/RNBQ1RK1 w kq	1. e4 e5 2. Nf3 Nc6 3. Bc4 Bc5 4. b4 Bxb4 5. c3 Bc5 6. d4 exd4 7. O-O d6 8. cxd4 Bb6
C51	Italian Game: Evans Gambit, Morphy Attack	17	r1bqk1nr/ppp2ppp/1bnp4/8/2BPP3/2N2N2/P4PPP/R1BQ1RK1 b kq	1. e4 e5 2. Nf3 Nc6 3. Bc4 Bc5 4. b4 Bxb4 5. c3 Ba5 6. d4 exd4 7. O-O d6 8. cxd4 Bb6 9. Nc3
C51	Italian Game: Evans Gambit, Mortimer-Evans Gambit	26	r2q2nr/pppb1kpp/1b1p4/n7/3PP3/2N2N2/P1Q2PPP/R1B2RK1 w -	1. e4 e5 2. Nf3 Nc6 3. Bc4 Bc5 4. b4 Bxb4 5. c3 Bc5 6. d4 exd4 7. O-O d6 8. cxd4 Bb6 9. Nc3 Bg4 10. Qa4 Bd7 11. Qb3 Na5 12. Bxf7+ Kf8 13. Qc2 Kxf7
C51	Italian Game: Evans Gambit, Paulsen Variation	20	r1bqk2r/ppp1nppp/1b1p4/n2P4/2B1P3/5N2/PB3PPP/RN1Q1RK1 w kq	1. e4 e5 2. Nf3 Nc6 3. Bc4 Bc5 4. b4 Bxb4 5. c3 Bc5 6. d4 exd4 7. O-O d6 8. cxd4 Bb6 9. d5 Na5 10. Bb2 Ne7
C51	Italian Game: Evans Gambit, Steinitz Variation	21	r1bqk1nr/ppp3pp/1b1p1p2/n7/2BPP3/2N1BN2/P4PPP/R2Q1RK1 b kq	1. e4 e5 2. Nf3 Nc6 3. Bc4 Bc5 4. b4 Bxb4 5. c3 Bc5 6. d4 exd4 7. O-O d6 8. cxd4 Bb6 9. Nc3 Na5 10. Bg5 f6 11. Be3
C51	Italian Game: Evans Gambit, Stone-Ware Variation	10	r1bqk1nr/pppp1ppp/2nb4/4p3/2B1P3/2P2N2/P2P1PPP/RNBQK2R w KQkq	1. e4 e5 2. Nf3 Nc6 3. Bc4 Bc5 4. b4 Bxb4 5. c3 Bd6
C51	Italian Game: Evans Gambit, Ulvestad Variation	19	r1bqk1nr/ppp2ppp/1b1p4/n2P4/2B1P3/5N2/PB3PPP/RN1Q1RK1 b kq	1. e4 e5 2. Nf3 Nc6 3. Bc4 Bc5 4. b4 Bxb4 5. c3 Bc5 6. d4 exd4 7. O-O d6 8. cxd4 Bb6 9. d5 Na5 10. Bb2
C52	Italian Game: Evans Gambit	12	r1bqk1nr/ppp2ppp/2np4/b3p3/2B1P3/2P2N2/P2P1PPP/RNBQ1RK1 w kq	1. e4 e5 2. Nf3 Nc6 3. Bc4 Bc5 4. b4 Bxb4 5. c3 Ba5 6. O-O d6
C52	Italian Game: Evans Gambit, Alapin-Steinitz Variation	14	r2qk1nr/ppp2ppp/2np4/b3p3/2BPP1b1/2P2N2/P4PPP/RNBQ1RK1 w kq	1. e4 e5 2. Nf3 Nc6 3. Bc4 Bc5 4. b4 Bxb4 5. c3 Ba5 6. O-O d6 7. d4 Bg4
C52	Italian Game: Evans Gambit, Anderssen Defense	14	r1bqk2r/pppp1ppp/2n2n2/b7/2BpP3/2P2N2/P4PPP/RNBQ1RK1 w kq	1. e4 e5 2. Nf3 Nc6 3. Bc4 Bc5 4. b4 Bxb4 5. c3 Ba5 6. O-O Nf6 7. d4 exd4
C52	Italian Game: Evans Gambit, Bronstein Defense	12	r1bqk1nr/ppp2ppp/2np4/b3p3/2BPP3/2P2N2/P4PPP/RNBQK2R w KQkq	1. e4 e5 2. Nf3 Nc6 3. Bc4 Bc5 4. b4 Bxb4 5. c3 Ba5 6. d4 d6
C52	Italian Game: Evans Gambit, Compromised Defense	14	r1bqk1nr/pppp1ppp/2n5/b7/2B1P3/2p2N2/P4PPP/RNBQ1RK1 w kq	1. e4 e5 2. Nf3 Nc6 3. Bc4 Bc5 4. b4 Bxb4 5. c3 Ba5 6. d4 exd4 7. O-O dxc3
C52	Italian Game: Evans Gambit, Compromised Defense, Main Line	21	r1b1k2r/ppppnppp/2n3q1/b3P3/2B5/BQN2N2/P4PPP/R4RK1 b kq	1. e4 e5 2. Nf3 Nc6 3. Bc4 Bc5 4. b4 Bxb4 5. c3 Ba5 6. d4 exd4 7. O-O dxc3 8. Qb3 Qf6 9. e5 Qg6 10. Nxc3 Nge7 11. Ba3
C52	Italian Game: Evans Gambit, Compromised Defense, Potter Variation	21	r1b1k2r/ppppnppp/2n3q1/b3P3/2B5/1QN2N2/P4PPP/R1BR2K1 b kq	1. e4 e5 2. Nf3 Nc6 3. Bc4 Bc5 4. b4 Bxb4 5. c3 Ba5 6. d4 exd4 7. O-O dxc3 8. Qb3 Qf6 9. e5 Qg6 10. Nxc3 Nge7 11. Rd1
C52	Italian Game: Evans Gambit, Dufresne Defense	14	r1bqk1nr/pppp1ppp/2n5/b7/2B1P3/2Pp1N2/P4PPP/RNBQ1RK1 w kq	1. e4 e5 2. Nf3 Nc6 3. Bc4 Bc5 4. b4 Bxb4 5. c3 Ba5 6. d4 exd4 7. O-O d3
C52	Italian Game: Evans Gambit, Johner Defense	14	r1bqk1nr/p1pp1ppp/2n5/bp6/2BpP3/2P2N2/P4PPP/RNBQ1RK1 w kq	1. e4 e5 2. Nf3 Nc6 3. Bc4 Bc5 4. b4 Bxb4 5. c3 Ba5 6. d4 exd4 7. O-O b5
C52	Italian Game: Evans Gambit, Laroche Variation	12	r1bqk2r/pppp1ppp/2n2n2/b3p3/2BPP3/2P2N2/P4PPP/RNBQK2R w KQkq	1. e4 e5 2. Nf3 Nc6 3. Bc4 Bc5 4. b4 Bxb4 5. c3 Ba5 6. d4 Nf6
C52	Italian Game: Evans Gambit, Lasker Defense	14	r1bqk1nr/ppp2ppp/1bnp4/4p3/2BPP3/2P2N2/P4PPP/RNBQ1RK1 w kq	1. e4 e5 2. Nf3 Nc6 3. Bc4 Bc5 4. b4 Bxb4 5. c3 Ba5 6. O-O d6 7. d4 Bb6
C52	Italian Game: Evans Gambit, Leonhardt Countergambit	12	r1bqk1nr/p1pp1ppp/2n5/bp2p3/2BPP3/2P2N2/P4PPP/RNBQK2R w KQkq	1. e4 e5 2. Nf3 Nc6 3. Bc4 Bc5 4. b4 Bxb4 5. c3 Ba5 6. d4 b5
C52	Italian Game: Evans Gambit, Levenfish Variation	21	r1b1k1nr/pppq1ppp/1b6/n3N3/2B1P3/BQP5/P4PPP/RN3RK1 b kq	1. e4 e5 2. Nf3 Nc6 3. Bc4 Bc5 4. b4 Bxb4 5. c3 Ba5 6. d4 d6 7. Qb3 Qd7 8. dxe5 dxe5 9. O-O Bb6 10. Ba3 Na5 11. Nxe5
C52	Italian Game: Evans Gambit, Main Line	10	r1bqk1nr/pppp1ppp/2n5/b3p3/2B1P3/2P2N2/P2P1PPP/RNBQK2R w KQkq	1. e4 e5 2. Nf3 Nc6 3. Bc4 Bc5 4. b4 Bxb4 5. c3 Ba5
C52	Italian Game: Evans Gambit, Mieses Defense	14	r1bqk2r/ppppnppp/2n5/b7/2BpP3/2P2N2/P4PPP/RNBQ1RK1 w kq	1. e4 e5 2. Nf3 Nc6 3. Bc4 Bc5 4. b4 Bxb4 5. c3 Ba5 6. d4 exd4 7. O-O Nge7
C52	Italian Game: Evans Gambit, Pierce Defense	12	r1bqk1nr/pppp1ppp/2n5/b7/2BpP3/2P2N2/P4PPP/RNBQK2R w KQkq	1. e4 e5 2. Nf3 Nc6 3. Bc4 Bc5 4. b4 Bxb4 5. c3 Ba5 6. d4 exd4
C52	Italian Game: Evans Gambit, Richardson Attack	15	r1bq1rk1/pppp1ppp/2n2n2/b3N3/2BPP3/2P5/P4PPP/RNBQ1RK1 b -	1. e4 e5 2. Nf3 Nc6 3. Bc4 Bc5 4. b4 Bxb4 5. c3 Ba5 6. O-O Nf6 7. d4 O-O 8. Nxe5
C52	Italian Game: Evans Gambit, Sanders-Alapin Variation	14	r2qk1nr/pppb1ppp/2np4/b3p3/2BPP3/2P2N2/P4PPP/RNBQ1RK1 w kq	1. e4 e5 2. Nf3 Nc6 3. Bc4 Bc5 4. b4 Bxb4 5. c3 Ba5 6. O-O d6 7. d4 Bd7
C52	Italian Game: Evans Gambit, Slow Variation	11	r1bqk1nr/pppp1ppp/2n5/b3p3/2B1P3/2P2N2/P2P1PPP/RNBQ1RK1 b kq	1. e4 e5 2. Nf3 Nc6 3. Bc4 Bc5 4. b4 Bxb4 5. c3 Ba5 6. O-O
C52	Italian Game: Evans Gambit, Sokolsky Variation	13	r1bqk1nr/ppp2ppp/2np4/b3p1B1/2BPP3/2P2N2/P4PPP/RN1QK2R b KQkq	1. e4 e5 2. Nf3 Nc6 3. Bc4 Bc5 4. b4 Bxb4 5. c3 Ba5 6. d4 d6 7. Bg5
C52	Italian Game: Evans Gambit, Tartakower Attack	13	r1bqk1nr/ppp2ppp/2np4/b3p3/2BPP3/1QP2N2/P4PPP/RNB1K2R b KQkq	1. e4 e5 2. Nf3 Nc6 3. Bc4 Bc5 4. b4 Bxb4 5. c3 Ba5 6. d4 d6 7. Qb3
C52	Italian Game: Evans Gambit, Waller Attack	15	r1bqk1nr/ppp2ppp/2np4/b7/2BpP3/1QP2N2/P4PPP/RNB2RK1 b kq	1. e4 e5 2. Nf3 Nc6 3. Bc4 Bc5 4. b4 Bxb4 5. c3 Ba5 6. d4 exd4 7. O-O d6 8. Qb3
C53	Italian Game: Bird's Attack	9	r1bqk2r/pppp1ppp/2n2n2/2b1p3/1PB1P3/2P2N2/P2P1PPP/RNBQK2R b KQkq	1. e4 e5 2. Nf3 Nc6 3. Bc4 Bc5 4. c3 Nf6 5. b4
C53	Italian Game: Classical Variation	7	r1bqk1nr/pppp1ppp/2n5/2b1p3/2B1P3/2P2N2/PP1P1PPP/RNBQK2R b KQkq	1. e4 e5 2. Nf3 Nc6 3. Bc4 Bc5 4. c3
C53	Italian Game: Classical Variation, Center Holding Variation	10	r1b1k1nr/ppppqppp/1bn5/4p3/2BPP3/2P2N2/PP3PPP/RNBQK2R w KQkq	1. e4 e5 2. Nf3 Nc6 3. Bc4 Bc5 4. c3 Qe7 5. d4 Bb6
C53	Italian Game: Classical Variation, Closed Variation	8	r1b1k1nr/ppppqppp/2n5/2b1p3/2B1P3/2P2N2/PP1P1PPP/RNBQK2R w KQkq	1. e4 e5 2. Nf3 Nc6 3. Bc4 Bc5 4. c3 Qe7
C53	Italian Game: Classical Variation, Eisinger Variation	13	rnb1k1nr/ppppqppp/1b1P4/4p3/2B1P3/2P2N2/PP3PPP/RNBQK2R b KQkq	1. e4 e5 2. Nf3 Nc6 3. Bc4 Bc5 4. c3 Qe7 5. d4 Bb6 6. d5 Nb8 7. d6
C53	Italian Game: Classical Variation, La Bourdonnais Variation	12	r1bqk1nr/ppp2ppp/1bnp4/8/2BPP3/5N2/PP3PPP/RNBQK2R w KQkq	1. e4 e5 2. Nf3 Nc6 3. Bc4 Bc5 4. c3 d6 5. d4 exd4 6. cxd4 Bb6
C53	Italian Game: Classical Variation, Mestel Variation	11	r1b1k1nr/ppppqppp/1bn5/4p1B1/2BPP3/2P2N2/PP3PPP/RN1QK2R b KQkq	1. e4 e5 2. Nf3 Nc6 3. Bc4 Bc5 4. c3 Qe7 5. d4 Bb6 6. Bg5
C53	Italian Game: Classical Variation, Tarrasch Variation	17	r1b1k2r/1pp1qppp/pbnp1n2/4p3/P1BPP3/2P2N1P/1P3PP1/RNBQR1K1 b kq	1. e4 e5 2. Nf3 Nc6 3. Bc4 Bc5 4. c3 Qe7 5. d4 Bb6 6. O-O d6 7. a4 a6 8. h3 Nf6 9. Re1
C54	Italian Game: Classical Variation	8	r1bqk2r/pppp1ppp/2n2n2/2b1p3/2B1P3/2P2N2/PP1P1PPP/RNBQK2R w KQkq	1. e4 e5 2. Nf3 Nc6 3. Bc4 Bc5 4. c3 Nf6
C54	Italian Game: Classical Variation, Center Attack	9	r1bqk2r/pppp1ppp/2n2n2/2b1p3/2BPP3/2P2N2/PP3PPP/RNBQK2R b KQkq	1. e4 e5 2. Nf3 Nc6 3. Bc4 Bc5 4. c3 Nf6 5. d4
C54	Italian Game: Classical Variation, Ghulam-Kassim Variation	17	r1bqk2r/pppp1ppp/2n5/2bBP3/8/2p2NK1/PP4PP/RNBQ3R b kq	1. e4 e5 2. Nf3 Nc6 3. Bc4 Bc5 4. c3 Nf6 5. d4 exd4 6. e5 Ne4 7. Bd5 Nxf2 8. Kxf2 dxc3+ 9. Kg3
C54	Italian Game: Classical Variation, Giuoco Pianissimo	9	r1bqk2r/pppp1ppp/2n2n2/2b1p3/2B1P3/2PP1N2/PP3PPP/RNBQK2R b KQkq	1. e4 e5 2. Nf3 Nc6 3. Bc4 Bc5 4. c3 Nf6 5. d3
C54	Italian Game: Classical Variation, Giuoco Pianissimo	10	r1bqk2r/ppp2ppp/2np1n2/2b1p3/2B1P3/2PP1N2/PP3PPP/RNBQK2R w KQkq	1. e4 e5 2. Nf3 Nc6 3. Bc4 Bc5 4. c3 Nf6 5. d3 d6
C54	Italian Game: Classical Variation, Giuoco Pianissimo	13	r1bq1rk1/ppp2ppp/2np1n2/2b1p3/2B1P3/2PP1N2/PP1N1PPP/R1BQ1RK1 b -	1. e4 e5 2. Nf3 Nc6 3. Bc4 Bc5 4. c3 Nf6 5. d3 d6 6. Nbd2 O-O 7. O-O
C54	Italian Game: Classical Variation, Giuoco Pianissimo	11	r1bqk2r/pppp1pp1/2n2n1p/2b1p3/2B1P3/2PP1N2/PP3PPP/RNBQ1RK1 b kq	1. e4 e5 2. Nf3 Nc6 3. Bc4 Bc5 4. O-O Nf6 5. d3 h6 6. c3
C54	Italian Game: Classical Variation, Giuoco Pianissimo	11	r1bqk2r/ppp2ppp/2np1n2/2b1p3/2B1P3/2PP1N2/PP3PPP/RNBQ1RK1 b kq	1. e4 e5 2. Nf3 Nc6 3. Bc4 Bc5 4. O-O Nf6 5. d3 d6 6. c3
C54	Italian Game: Classical Variation, Giuoco Pianissimo	12	r1bqk2r/1pp2ppp/2np1n2/p1b1p3/2B1P3/2PP1N2/PP3PPP/RNBQ1RK1 w kq	1. e4 e5 2. Nf3 Nc6 3. Bc4 Bc5 4. O-O Nf6 5. d3 d6 6. c3 a5
C54	Italian Game: Classical Variation, Giuoco Pianissimo	12	r1bqk2r/1pp2ppp/p1np1n2/2b1p3/2B1P3/2PP1N2/PP3PPP/RNBQ1RK1 w kq	1. e4 e5 2. Nf3 Nc6 3. Bc4 Bc5 4. O-O Nf6 5. d3 d6 6. c3 a6
C54	Italian Game: Classical Variation, Giuoco Pianissimo	12	r1bqk2r/ppp2ppp/1bnp1n2/4p3/2B1P3/2PP1N2/PP3PPP/RNBQ1RK1 w kq	1. e4 e5 2. Nf3 Nc6 3. Bc4 Bc5 4. O-O Nf6 5. d3 d6 6. c3 Bb6
C54	Italian Game: Classical Variation, Giuoco Pianissimo	12	r1bq1rk1/ppp2ppp/2np1n2/2b1p3/2B1P3/2PP1N2/PP3PPP/RNBQ1RK1 w -	1. e4 e5 2. Nf3 Nc6 3. Bc4 Bc5 4. O-O Nf6 5. d3 d6 6. c3 O-O
C54	Italian Game: Classical Variation, Giuoco Pianissimo	13	r1bqk2r/1pp2ppp/p1np1n2/2b1p3/P1B1P3/2PP1N2/1P3PPP/RNBQ1RK1 b kq	1. e4 e5 2. Nf3 Nc6 3. Bc4 Bc5 4. O-O Nf6 5. d3 d6 6. c3 a6 7. a4
C54	Italian Game: Classical Variation, Giuoco Pianissimo	14	r1bqk2r/bpp2ppp/p1np1n2/4p3/P1B1P3/2PP1N2/1P3PPP/RNBQ1RK1 w kq	1. e4 e5 2. Nf3 Nc6 3. Bc4 Bc5 4. O-O Nf6 5. d3 d6 6. c3 a6 7. a4 Ba7
C54	Italian Game: Classical Variation, Giuoco Pianissimo	14	r1bq1rk1/1pp2ppp/p1np1n2/2b1p3/P1B1P3/2PP1N2/1P3PPP/RNBQ1RK1 w -	1. e4 e5 2. Nf3 Nc6 3. Bc4 Bc5 4. O-O Nf6 5. d3 d6 6. c3 a6 7. a4 O-O
C54	Italian Game: Classical Variation, Giuoco Pianissimo	13	r1bqk2r/1pp2ppp/p1np1n2/2b1p3/2B1P3/2PP1N2/PP3PPP/RNBQR1K1 b kq	1. e4 e5 2. Nf3 Nc6 3. Bc4 Bc5 4. O-O Nf6 5. d3 d6 6. c3 a6 7. Re1
C54	Italian Game: Classical Variation, Giuoco Pianissimo	14	r1bqk2r/bpp2ppp/p1np1n2/4p3/2B1P3/2PP1N2/PP3PPP/RNBQR1K1 w kq	1. e4 e5 2. Nf3 Nc6 3. Bc4 Bc5 4. O-O Nf6 5. d3 d6 6. c3 a6 7. Re1 Ba7
C54	Italian Game: Classical Variation, Giuoco Pianissimo	13	r1bqk2r/ppp2pp1/2np1n1p/2b1p3/2B1P3/2PP1N2/PP3PPP/RNBQR1K1 b kq	1. e4 e5 2. Nf3 Nc6 3. Bc4 Bc5 4. O-O Nf6 5. d3 d6 6. c3 h6 7. Re1
C54	Italian Game: Classical Variation, Giuoco Pianissimo	13	r1bqk2r/ppp2pp1/2np1n1p/2b1p3/2B1P3/2PP1N2/PP1N1PPP/R1BQ1RK1 b kq	1. e4 e5 2. Nf3 Nc6 3. Bc4 Bc5 4. O-O Nf6 5. d3 d6 6. c3 h6 7. Nbd2
C54	Italian Game: Classical Variation, Giuoco Pianissimo	12	r1bq1rk1/ppp2ppp/2n2n2/2bpp3/2B1P3/2PP1N2/PP3PPP/RNBQ1RK1 w -	1. e4 e5 2. Nf3 Nc6 3. Bc4 Bc5 4. O-O Nf6 5. d3 O-O 6. c3 d5
C54	Italian Game: Classical Variation, Giuoco Pianissimo, Albin Variation	11	r1bqk2r/ppp2ppp/2np1n2/2b1p3/1PB1P3/2PP1N2/P4PPP/RNBQK2R b KQkq	1. e4 e5 2. Nf3 Nc6 3. Bc4 Bc5 4. c3 Nf6 5. d3 d6 6. b4
C54	Italian Game: Classical Variation, Giuoco Pianissimo, Main Line	17	r1bq1rk1/bpp2ppp/p1np1n2/4p3/4P3/1BPP1N1P/PP3PP1/RNBQR1K1 b -	1. e4 e5 2. Nf3 Nc6 3. Bc4 Bc5 4. c3 Nf6 5. d3 d6 6. O-O O-O 7. Re1 a6 8. Bb3 Ba7 9. h3
C54	Italian Game: Classical Variation, Giuoco Pianissimo, with a4 a5	14	r1bq1rk1/1pp2ppp/2np1n2/p1b1p3/P1B1P3/2PP1N2/1P3PPP/RNBQ1RK1 w -	1. e4 e5 2. Nf3 Nc6 3. Bc4 Bc5 4. c3 Nf6 5. d3 d6 6. O-O O-O 7. a4 a5
C54	Italian Game: Classical Variation, Giuoco Pianissimo, with a5	11	r1bqk2r/1ppp1ppp/2n2n2/p1b1p3/2B1P3/2PP1N2/PP3PPP/RNBQ1RK1 b kq	1. e4 e5 2. Nf3 Nc6 3. Bc4 Bc5 4. O-O Nf6 5. d3 a5 6. c3
C54	Italian Game: Classical Variation, Giuoco Pianissimo, with a6	10	r1bqk2r/1ppp1ppp/p1n2n2/2b1p3/2B1P3/2PP1N2/PP3PPP/RNBQK2R w KQkq	1. e4 e5 2. Nf3 Nc6 3. Bc4 Bc5 4. c3 Nf6 5. d3 a6
C54	Italian Game: Classical Variation, Giuoco Pianissimo, with a6	12	r1bqk2r/1pp2ppp/p1np1n2/2b1p3/2B1P3/2PP1N2/PP1N1PPP/R1BQK2R w KQkq	1. e4 e5 2. Nf3 Nc6 3. Bc4 Bc5 4. c3 Nf6 5. d3 d6 6. Nbd2 a6
C54	Italian Game: Classical Variation, Giuoco Pianissimo, with h6	12	r1bqk2r/ppp2pp1/2np1n1p/2b1p3/2B1P3/2PP1N2/PP3PPP/RNBQ1RK1 w kq	1. e4 e5 2. Nf3 Nc6 3. Bc4 Bc5 4. O-O Nf6 5. d3 d6 6. c3 h6
C54	Italian Game: Classical Variation, Greco Gambit, Anderssen Variation	16	r1bqk2r/ppp2ppp/2n5/1B1pP3/1b1Pn3/5N2/PP3PPP/RNBQK2R w KQkq	1. e4 e5 2. Nf3 Nc6 3. Bc4 Bc5 4. c3 Nf6 5. d4 exd4 6. e5 d5 7. Bb5 Ne4 8. cxd4 Bb4+
C54	Italian Game: Classical Variation, Greco Gambit, Dubov Italian	11	r1bqk2r/pppp1ppp/2n2n2/2b5/1PBpP3/2P2N2/P4PPP/RNBQK2R b KQkq	1. e4 e5 2. Nf3 Nc6 3. Bc4 Bc5 4. c3 Nf6 5. d4 exd4 6. b4
C54	Italian Game: Classical Variation, Greco Gambit, Greco Variation	16	r1bqk2r/pppp1ppp/2n5/8/1bBP4/2n2N2/PP3PPP/R1BQ1RK1 w kq	1. e4 e5 2. Nf3 Nc6 3. Bc4 Bc5 4. c3 Nf6 5. d4 exd4 6. cxd4 Bb4+ 7. Nc3 Nxe4 8. O-O Nxc3
C54	Italian Game: Classical Variation, Greco Gambit, Main Line	16	r1bqk2r/pppp1ppp/2n5/8/2BPn3/2b2N2/PP3PPP/R1BQ1RK1 w kq	1. e4 e5 2. Nf3 Nc6 3. Bc4 Bc5 4. c3 Nf6 5. d4 exd4 6. cxd4 Bb4+ 7. Nc3 Nxe4 8. O-O Bxc3
C54	Italian Game: Classical Variation, Greco Gambit, Modern Line	11	r1bqk2r/pppp1ppp/2n2n2/2b1P3/2Bp4/2P2N2/PP3PPP/RNBQK2R b KQkq	1. e4 e5 2. Nf3 Nc6 3. Bc4 Bc5 4. c3 Nf6 5. d4 exd4 6. e5
C54	Italian Game: Classical Variation, Greco Gambit, Modern Line	12	r1bqk2r/ppp2ppp/2n2n2/2bpP3/2Bp4/2P2N2/PP3PPP/RNBQK2R w KQkq	1. e4 e5 2. Nf3 Nc6 3. Bc4 Bc5 4. c3 Nf6 5. d4 exd4 6. e5 d5
C54	Italian Game: Classical Variation, Greco Gambit, Moeller-Bayonet Attack	23	r1bqk2r/ppp1nppp/3p1b2/3P4/2B1R1P1/5N2/PP3P1P/R1BQ2K1 b kq	1. e4 e5 2. Nf3 Nc6 3. Bc4 Bc5 4. c3 Nf6 5. d4 exd4 6. cxd4 Bb4+ 7. Nc3 Nxe4 8. O-O Bxc3 9. d5 Bf6 10. Re1 Ne7 11. Rxe4 d6 12. g4
C54	Italian Game: Classical Variation, Greco Gambit, Moeller-Therkatz Attack	17	r1bqk2r/pppp1ppp/2n5/3P4/2B1n3/2b2N2/PP3PPP/R1BQ1RK1 b kq	1. e4 e5 2. Nf3 Nc6 3. Bc4 Bc5 4. c3 Nf6 5. d4 exd4 6. cxd4 Bb4+ 7. Nc3 Nxe4 8. O-O Bxc3 9. d5
C54	Italian Game: Classical Variation, Greco Gambit, Traditional Line	11	r1bqk2r/pppp1ppp/2n2n2/2b5/2BPP3/5N2/PP3PPP/RNBQK2R b KQkq	1. e4 e5 2. Nf3 Nc6 3. Bc4 Bc5 4. c3 Nf6 5. d4 exd4 6. cxd4
C54	Italian Game: Classical Variation, with d5	10	r1bqk2r/ppp2ppp/2n2n2/2bpp3/2B1P3/2PP1N2/PP3PPP/RNBQK2R w KQkq	1. e4 e5 2. Nf3 Nc6 3. Bc4 Bc5 4. c3 Nf6 5. d3 d5
C54	Italian Game: Giuoco Piano, Aitken Variation	19	r1bqk2r/pppp1ppp/2n5/8/2BP4/B1b2N2/P4PPP/R2Q1RK1 b kq	1. e4 e5 2. Nf3 Nc6 3. Bc4 Bc5 4. c3 Nf6 5. d4 exd4 6. cxd4 Bb4+ 7. Nc3 Nxe4 8. O-O Nxc3 9. bxc3 Bxc3 10. Ba3
C54	Italian Game: Giuoco Piano, Bernstein Variation	20	r1bqk2r/ppp2ppp/2n5/3p4/2BP4/1Qb2N2/P4PPP/R1B2RK1 w kq	1. e4 e5 2. Nf3 Nc6 3. Bc4 Bc5 4. c3 Nf6 5. d4 exd4 6. cxd4 Bb4+ 7. Nc3 Nxe4 8. O-O Nxc3 9. bxc3 Bxc3 10. Qb3 d5
C54	Italian Game: Giuoco Piano, Cracow Variation	13	r1bqk2r/pppp1ppp/2n2n2/8/1bBPP3/5N2/PP3PPP/RNBQ1K1R b kq	1. e4 e5 2. Nf3 Nc6 3. Bc4 Bc5 4. c3 Nf6 5. d4 exd4 6. cxd4 Bb4+ 7. Kf1
C54	Italian Game: Giuoco Piano, Greco's Attack	13	r1bqk2r/pppp1ppp/2n2n2/8/1bBPP3/2N2N2/PP3PPP/R1BQK2R b KQkq	1. e4 e5 2. Nf3 Nc6 3. Bc4 Bc5 4. c3 Nf6 5. d4 exd4 6. cxd4 Bb4+ 7. Nc3
C54	Italian Game: Giuoco Piano, Holzhausen Attack	19	r1b1k2r/ppp1qppp/5n2/4p1B1/2BnP3/2N5/PPP3PP/R2Q1RK1 b kq	1. e4 e5 2. Nf3 Nc6 3. Bc4 Nf6 4. O-O Bc5 5. d4 Bxd4 6. Nxd4 Nxd4 7. Bg5 d6 8. f4 Qe7 9. fxe5 dxe5 10. Nc3
C54	Italian Game: Giuoco Piano, Krause Variation	23	r1bq3r/ppp3pp/5k2/3pN3/1n1Pn3/1Q3P2/PP4PP/RN2K2R b KQ	1. e4 e5 2. Nf3 Nc6 3. Bc4 Bc5 4. c3 Nf6 5. d4 exd4 6. cxd4 Bb4+ 7. Bd2 Nxe4 8. Bxb4 Nxb4 9. Bxf7+ Kxf7 10. Qb3+ d5 11. Ne5+ Kf6 12. f3
C54	Italian Game: Giuoco Piano, Rosentreter Variation	17	r1bqk2r/pppp1p2/5n1p/4p1p1/2BnPP1B/8/PPP3PP/RN1Q1RK1 b kq	1. e4 e5 2. Nf3 Nc6 3. Bc4 Nf6 4. O-O Bc5 5. d4 Bxd4 6. Nxd4 Nxd4 7. Bg5 h6 8. Bh4 g5 9. f4
C54	Italian Game: Giuoco Piano, Steinitz Variation	19	r1bqk2r/ppp2ppp/2n5/3p4/2BPn3/B1P2N2/P4PPP/R2Q1RK1 b kq	1. e4 e5 2. Nf3 Nc6 3. Bc4 Bc5 4. c3 Nf6 5. d4 exd4 6. cxd4 Bb4+ 7. Nc3 Nxe4 8. O-O Bxc3 9. bxc3 d5 10. Ba3
C54	Italian Game: Giuoco Piano, Therkatz-Herzog Variation	27	r1bq1rk1/ppp1nppN/3p4/3P4/2B1R3/8/PP3PPP/R2Q2K1 b -	1. e4 e5 2. Nf3 Nc6 3. Bc4 Bc5 4. c3 Nf6 5. d4 exd4 6. cxd4 Bb4+ 7. Nc3 Nxe4 8. O-O Bxc3 9. d5 Bf6 10. Re1 Ne7 11. Rxe4 d6 12. Bg5 Bxg5 13. Nxg5 O-O 14. Nxh7
C55	Italian Game: Two Knights Defense	6	r1bqkb1r/pppp1ppp/2n2n2/4p3/2B1P3/5N2/PPPP1PPP/RNBQK2R w KQkq	1. e4 e5 2. Nf3 Nc6 3. Bc4 Nf6
C55	Italian Game: Two Knights Defense	14	r1bqk2r/ppp2ppp/3p1n2/4p1B1/2BnP3/8/PPP2PPP/RN1Q1RK1 w kq	1. e4 e5 2. Nf3 Nc6 3. Bc4 Nf6 4. O-O Bc5 5. d4 Bxd4 6. Nxd4 Nxd4 7. Bg5 d6
C55	Italian Game: Two Knights Defense	10	r1bqkb1r/ppp2ppp/2n5/3pp3/2B1N3/5N2/PPPP1PPP/R1BQK2R w KQkq	1. e4 e5 2. Nf3 Nc6 3. Bc4 Nf6 4. Nc3 Nxe4 5. Nxe4 d5
C55	Italian Game: Two Knights Defense, Modern Bishop's Opening	7	r1bqkb1r/pppp1ppp/2n2n2/4p3/2B1P3/3P1N2/PPP2PPP/RNBQK2R b KQkq	1. e4 e5 2. Nf3 Nc6 3. Bc4 Nf6 4. d3
C55	Italian Game: Two Knights Defense, Modern Bishop's Opening	8	r1bqk2r/ppppbppp/2n2n2/4p3/2B1P3/3P1N2/PPP2PPP/RNBQK2R w KQkq	1. e4 e5 2. Nf3 Nc6 3. Bc4 Nf6 4. d3 Be7
C55	Italian Game: Two Knights Defense, Modern Bishop's Opening	10	r1bqkb1r/ppp2pp1/2np1n1p/4p3/2B1P3/3P1N2/PPP2PPP/RNBQ1RK1 w kq	1. e4 e5 2. Nf3 Nc6 3. Bc4 Nf6 4. d3 h6 5. O-O d6
C56	Italian Game: Scotch Gambit	9	r1bqkb1r/pppp1ppp/2n2n2/8/2BpP3/5N2/PPP2PPP/RNBQ1RK1 b kq	1. e4 e5 2. Nf3 Nc6 3. Bc4 Nf6 4. d4 exd4 5. O-O
C56	Italian Game: Scotch Gambit, Anderssen Attack	15	r1b1kb1r/ppp2ppp/2n5/3q4/3pn3/2N2N2/PPP2PPP/R1BQR1K1 b kq	1. e4 e5 2. Nf3 Nc6 3. Bc4 Nf6 4. d4 exd4 5. O-O Nxe4 6. Re1 d5 7. Bxd5 Qxd5 8. Nc3
C56	Italian Game: Scotch Gambit, Anderssen Attack, Main Line	21	r3kb1r/ppp2ppp/2n1b3/3q2B1/3pN3/5N2/PPP2PPP/R2QR1K1 b kq	1. e4 e5 2. Nf3 Nc6 3. Bc4 Nf6 4. d4 exd4 5. O-O Nxe4 6. Re1 d5 7. Bxd5 Qxd5 8. Nc3 Qa5 9. Nxe4 Be6 10. Bd2 Qd5 11. Bg5
C56	Italian Game: Scotch Gambit, Canal Variation	13	r1bqkb1r/ppp2ppp/2n5/3p4/2Bpn3/2N2N2/PPP2PPP/R1BQR1K1 b kq	1. e4 e5 2. Nf3 Nc6 3. d4 exd4 4. Bc4 Nf6 5. O-O Nxe4 6. Re1 d5 7. Nc3
C56	Italian Game: Scotch Gambit, Double Gambit Accepted	10	r1bqkb1r/pppp1ppp/2n5/8/2Bpn3/5N2/PPP2PPP/RNBQ1RK1 w kq	1. e4 e5 2. Nf3 Nc6 3. Bc4 Nf6 4. d4 exd4 5. O-O Nxe4
C56	Italian Game: Scotch Gambit, Janowski Defense	10	r1bqkb1r/ppp2ppp/2np1n2/8/2BpP3/5N2/PPP2PPP/RNBQ1RK1 w kq	1. e4 e5 2. Nf3 Nc6 3. d4 exd4 4. Bc4 Nf6 5. O-O d6
C56	Italian Game: Scotch Gambit, Max Lange Attack	10	r1bqk2r/pppp1ppp/2n2n2/2b5/2BpP3/5N2/PPP2PPP/RNBQ1RK1 w kq	1. e4 e5 2. Nf3 Nc6 3. d4 exd4 4. Bc4 Nf6 5. O-O Bc5
C56	Italian Game: Scotch Gambit, Max Lange Attack	12	r1bqkb1r/ppp2ppp/2n5/1B1pP3/3pn3/5N2/PPP2PPP/RNBQK2R w KQkq	1. e4 e5 2. Nf3 Nc6 3. Bc4 Nf6 4. d4 exd4 5. e5 d5 6. Bb5 Ne4
C56	Italian Game: Scotch Gambit, Max Lange Attack Accepted	17	r2qk2r/ppp2pPp/2n1b3/2b5/2pp4/5N2/PPP2PPP/RNBQR1K1 b kq	1. e4 e5 2. Nf3 Nc6 3. Bc4 Bc5 4. O-O Nf6 5. d4 exd4 6. e5 d5 7. exf6 dxc4 8. Re1+ Be6 9. fxg7
C56	Italian Game: Scotch Gambit, Max Lange Attack, Long Variation	21	r3k2r/ppp2ppp/2n1bP2/2b2qN1/2ppN3/8/PPP2PPP/R1BQR1K1 b kq	1. e4 e5 2. Nf3 Nc6 3. d4 exd4 4. Bc4 Nf6 5. O-O Bc5 6. e5 d5 7. exf6 dxc4 8. Re1+ Be6 9. Ng5 Qd5 10. Nc3 Qf5 11. Nce4
C56	Italian Game: Scotch Gambit, Max Lange Attack, Spielmann Defense	12	r1bqk2r/pppp1ppp/2n5/2b1P3/2Bp2n1/5N2/PPP2PPP/RNBQ1RK1 w kq	1. e4 e5 2. Nf3 Nc6 3. d4 exd4 4. Bc4 Nf6 5. O-O Bc5 6. e5 Ng4
C56	Italian Game: Scotch Gambit, Nakhmanson Gambit	11	r1bqkb1r/pppp1ppp/2n5/8/2Bpn3/2N2N2/PPP2PPP/R1BQ1RK1 b kq	1. e4 e5 2. Nf3 Nc6 3. Bc4 Nf6 4. d4 exd4 5. O-O Nxe4 6. Nc3
C56	Italian Game: Scotch Gambit, Walbrodt-Baird Gambit	11	r1bqk2r/pppp1ppp/2n2n2/2b5/2BpP3/2P2N2/PP3PPP/RNBQ1RK1 b kq	1. e4 e5 2. Nf3 Nc6 3. Bc4 Bc5 4. c3 Nf6 5. d4 exd4 6. O-O
C56	Italian Game: Scotch Gambit, de Riviere Defense	10	r1bqk2r/ppppbppp/2n2n2/8/2BpP3/5N2/PPP2PPP/RNBQ1RK1 w kq	1. e4 e5 2. Nf3 Nc6 3. d4 exd4 4. Bc4 Nf6 5. O-O Be7
C56	Italian Game: Scotch Invitation Declined	8	r1bqkb1r/ppp2ppp/2np1n2/4p3/2BPP3/5N2/PPP2PPP/RNBQK2R w KQkq	1. e4 e5 2. Nf3 Nc6 3. Bc4 Nf6 4. d4 d6
C56	Italian Game: Two Knights Defense, Keidansky Variation	18	r1b1k2r/ppp2ppp/2N5/1B1pP3/4n2q/8/PPP2bPP/RNBQ1K1R w kq	1. e4 e5 2. Nf3 Nc6 3. Bc4 Nf6 4. d4 exd4 5. e5 d5 6. Bb5 Ne4 7. Nxd4 Bc5 8. Nxc6 Bxf2+ 9. Kf1 Qh4
C56	Italian Game: Two Knights Defense, Max Lange Attack	11	r1bqk2r/pppp1ppp/2n2n2/2b1P3/2Bp4/5N2/PPP2PPP/RNBQ1RK1 b kq	1. e4 e5 2. Nf3 Nc6 3. d4 exd4 4. Bc4 Nf6 5. O-O Bc5 6. e5
C56	Italian Game: Two Knights Defense, Max Lange Attack, Berger Variation	26	2kr3r/ppp2ppp/1bn1bPq1/6N1/2ppNPP1/8/PPP4P/R1BQR1K1 w -	1. e4 e5 2. Nf3 Nc6 3. Bc4 Nf6 4. d4 exd4 5. O-O Bc5 6. e5 d5 7. exf6 dxc4 8. Re1+ Be6 9. Ng5 Qd5 10. Nc3 Qf5 11. g4 Qg6 12. Nce4 Bb6 13. f4 O-O-O
C56	Italian Game: Two Knights Defense, Max Lange Attack, Krause Variation	13	r1bqk2r/pppp1ppp/2n5/2b1P3/2Bp2n1/2P2N2/PP3PPP/RNBQ1RK1 b kq	1. e4 e5 2. Nf3 Nc6 3. Bc4 Nf6 4. d4 exd4 5. O-O Bc5 6. e5 Ng4 7. c3
C56	Italian Game: Two Knights Defense, Max Lange Attack, Loman Defense	18	r2qk2r/ppp2p1p/2n1bPp1/2b3N1/2pp4/8/PPP2PPP/RNBQR1K1 w kq	1. e4 e5 2. Nf3 Nc6 3. d4 exd4 4. Bc4 Bc5 5. O-O Nf6 6. e5 d5 7. exf6 dxc4 8. Re1+ Be6 9. Ng5 g6
C56	Italian Game: Two Knights Defense, Max Lange Attack, Rubinstein Variation	22	r3kb1r/ppp2ppp/2n1bP2/5qN1/2ppN3/8/PPP2PPP/R1BQR1K1 w kq	1. e4 e5 2. Nf3 Nc6 3. Bc4 Nf6 4. d4 exd4 5. O-O Bc5 6. e5 d5 7. exf6 dxc4 8. Re1+ Be6 9. Ng5 Qd5 10. Nc3 Qf5 11. Nce4 Bf8
C56	Italian Game: Two Knights Defense, Open Variation	7	r1bqkb1r/pppp1ppp/2n2n2/4p3/2BPP3/5N2/PPP2PPP/RNBQK2R b KQkq	1. e4 e5 2. Nf3 Nc6 3. Bc4 Nf6 4. d4
C56	Italian Game: Two Knights Defense, Perreux Variation	9	r1bqkb1r/pppp1ppp/2n2n2/6N1/2BpP3/8/PPP2PPP/RNBQK2R b KQkq	1. e4 e5 2. Nf3 Nc6 3. Bc4 Nf6 4. d4 exd4 5. Ng5
C56	Italian Game: Two Knights Defense, Yurdansky Attack	25	r4b1r/ppp1kp2/2n1bN1p/q5p1/1P1p3B/5N2/P1P2PPP/R2QR1K1 b -	1. e4 e5 2. Nf3 Nc6 3. d4 exd4 4. Bc4 Nf6 5. O-O Nxe4 6. Re1 d5 7. Bxd5 Qxd5 8. Nc3 Qa5 9. Nxe4 Be6 10. Bg5 h6 11. Bh4 g5 12. Nf6+ Ke7 13. b4
C57	Italian Game: Two Knights Defense, Fegatello Attack, Leonhardt Variation	22	r1bq1b1r/ppn3pp/2p1k3/3np3/2BPQ3/P1N5/1PP2PPP/R1B1K2R w KQ	1. e4 e5 2. Nf3 Nc6 3. Bc4 Nf6 4. Ng5 d5 5. exd5 Nxd5 6. Nxf7 Kxf7 7. Qf3+ Ke6 8. Nc3 Nb4 9. Qe4 c6 10. a3 Na6 11. d4 Nc7
C57	Italian Game: Two Knights Defense, Fried Liver Attack	11	r1bqkb1r/ppp2Npp/2n5/3np3/2B5/8/PPPP1PPP/RNBQK2R b KQkq	1. e4 e5 2. Nf3 Nc6 3. Bc4 Nf6 4. Ng5 d5 5. exd5 Nxd5 6. Nxf7
C57	Italian Game: Two Knights Defense, Fritz Variation	10	r1bqkb1r/ppp2ppp/5n2/3Pp1N1/2Bn4/8/PPPP1PPP/RNBQK2R w KQkq	1. e4 e5 2. Nf3 Nc6 3. Bc4 Nf6 4. Ng5 d5 5. exd5 Nd4
C57	Italian Game: Two Knights Defense, Fritz, Gruber Variation	15	r1bqkb1r/p1p2ppp/8/1p1np3/3nN3/2P5/PP1P1PPP/RNBQKB1R b KQkq	1. e4 e5 2. Nf3 Nc6 3. Bc4 Nf6 4. Ng5 d5 5. exd5 Nd4 6. c3 b5 7. Bf1 Nxd5 8. Ne4
C57	Italian Game: Two Knights Defense, Kloss Gambit	10	r1bqkb1r/ppp2ppp/5n2/3Pp1N1/1nB5/8/PPPP1PPP/RNBQK2R w KQkq	1. e4 e5 2. Nf3 Nc6 3. Bc4 Nf6 4. Ng5 d5 5. exd5 Nb4
C57	Italian Game: Two Knights Defense, Knight Attack	7	r1bqkb1r/pppp1ppp/2n2n2/4p1N1/2B1P3/8/PPPP1PPP/RNBQK2R b KQkq	1. e4 e5 2. Nf3 Nc6 3. Bc4 Nf6 4. Ng5
C57	Italian Game: Two Knights Defense, Knight Attack, Normal Variation	8	r1bqkb1r/ppp2ppp/2n2n2/3pp1N1/2B1P3/8/PPPP1PPP/RNBQK2R w KQkq	1. e4 e5 2. Nf3 Nc6 3. Bc4 Nf6 4. Ng5 d5
C57	Italian Game: Two Knights Defense, Lolli Attack	11	r1bqkb1r/ppp2ppp/2n5/3np1N1/2BP4/8/PPP2PPP/RNBQK2R b KQkq	1. e4 e5 2. Nf3 Nc6 3. Bc4 Nf6 4. Ng5 d5 5. exd5 Nxd5 6. d4
C57	Italian Game: Two Knights Defense, Pincus Variation	12	r1bqk2r/ppp2ppp/2n5/3np1N1/1bBP4/8/PPP2PPP/RNBQK2R w KQkq	1. e4 e5 2. Nf3 Nc6 3. Bc4 Nf6 4. Ng5 d5 5. exd5 Nxd5 6. d4 Bb4+
C57	Italian Game: Two Knights Defense, Ponziani-Steinitz Gambit	8	r1bqkb1r/pppp1ppp/2n5/4p1N1/2B1n3/8/PPPP1PPP/RNBQK2R w KQkq	1. e4 e5 2. Nf3 Nc6 3. Bc4 Nf6 4. Ng5 Nxe4
C57	Italian Game: Two Knights Defense, Traxler Counterattack	8	r1bqk2r/pppp1ppp/2n2n2/2b1p1N1/2B1P3/8/PPPP1PPP/RNBQK2R w KQkq	1. e4 e5 2. Nf3 Nc6 3. Bc4 Nf6 4. Ng5 Bc5
C57	Italian Game: Two Knights Defense, Traxler Counterattack, Bishop Sacrifice Line	9	r1bqk2r/pppp1Bpp/2n2n2/2b1p1N1/4P3/8/PPPP1PPP/RNBQK2R b KQkq	1. e4 e5 2. Nf3 Nc6 3. Bc4 Nf6 4. Ng5 Bc5 5. Bxf7+
C57	Italian Game: Two Knights Defense, Traxler Counterattack, King March Line	13	r1bqk2r/pppp1Npp/2n5/4p3/2B1n3/4K3/PPPP2PP/RNBQ3R b kq	1. e4 e5 2. Nf3 Nc6 3. Bc4 Nf6 4. Ng5 Bc5 5. Nxf7 Bxf2+ 6. Kxf2 Nxe4+ 7. Ke3
C57	Italian Game: Two Knights Defense, Traxler Counterattack, Knight Sacrifice Line	9	r1bqk2r/pppp1Npp/2n2n2/2b1p3/2B1P3/8/PPPP1PPP/RNBQK2R b KQkq	1. e4 e5 2. Nf3 Nc6 3. Bc4 Nf6 4. Ng5 Bc5 5. Nxf7
C57	Italian Game: Two Knights Defense, Traxler Variation, Trencianske-Teplice Gambit	11	r1bq3r/ppppkBpp/2n2n2/2b1p1N1/3PP3/8/PPP2PPP/RNBQK2R b KQ	1. e4 e5 2. Nf3 Nc6 3. Bc4 Nf6 4. Ng5 Bc5 5. Bxf7+ Ke7 6. d4
C57	Italian Game: Two Knights Defense, Ulvestad Variation	10	r1bqkb1r/p1p2ppp/2n2n2/1p1Pp1N1/2B5/8/PPPP1PPP/RNBQK2R w KQkq	1. e4 e5 2. Nf3 Nc6 3. Bc4 Nf6 4. Ng5 d5 5. exd5 b5
C57	Italian Game: Two Knights Defense, Ulvestad Variation, Kurkin Gambit	13	r1bqkb1r/p1p2Np1/2n2n1p/1p1Pp3/8/8/PPPP1PPP/RNBQKB1R b KQkq	1. e4 e5 2. Nf3 Nc6 3. Bc4 Nf6 4. Ng5 d5 5. exd5 b5 6. Bf1 h6 7. Nxf7
C58	Italian Game: Two Knights Defense	15	r1bqkb1r/p4ppp/2p2n2/n3p1N1/8/8/PPPPBPPP/RNBQK2R b KQkq	1. e4 e5 2. Nf3 Nc6 3. Bc4 Nf6 4. Ng5 d5 5. exd5 Na5 6. Bb5+ c6 7. dxc6 bxc6 8. Be2
C58	Italian Game: Two Knights Defense, Blackburne Variation	16	r1bqkb1r/p4ppp/5n2/np2p1N1/8/5Q2/PPPP1PPP/RNB1K2R w KQkq	1. e4 e5 2. Nf3 Nc6 3. Bc4 Nf6 4. Ng5 d5 5. exd5 Na5 6. Bb5+ c6 7. dxc6 bxc6 8. Qf3 cxb5
C58	Italian Game: Two Knights Defense, Colman Variation	16	1rbqkb1r/p4ppp/2p2n2/nB2p1N1/8/5Q2/PPPP1PPP/RNB1K2R w KQk	1. e4 e5 2. Nf3 Nc6 3. Bc4 Nf6 4. Ng5 d5 5. exd5 Na5 6. Bb5+ c6 7. dxc6 bxc6 8. Qf3 Rb8
C58	Italian Game: Two Knights Defense, Maróczy Variation	18	r1bqk2r/ppp1bpp1/5n1p/3P4/2P1p3/5N2/PPP1QPPP/RNB1K2R w KQkq	1. e4 e5 2. Nf3 Nc6 3. Bc4 Nf6 4. Ng5 d5 5. exd5 Na5 6. d3 h6 7. Nf3 e4 8. Qe2 Nxc4 9. dxc4 Be7
C58	Italian Game: Two Knights Defense, Paoli Variation	17	r1b1kb1r/p1q2ppp/2p2n2/n3p1N1/8/3B1Q2/PPPP1PPP/RNB1K2R b KQkq	1. e4 e5 2. Nf3 Nc6 3. Bc4 Nf6 4. Ng5 d5 5. exd5 Na5 6. Bb5+ c6 7. dxc6 bxc6 8. Qf3 Qc7 9. Bd3
C58	Italian Game: Two Knights Defense, Polerio Defense	10	r1bqkb1r/ppp2ppp/5n2/n2Pp1N1/2B5/8/PPPP1PPP/RNBQK2R w KQkq	1. e4 e5 2. Nf3 Nc6 3. Bc4 Nf6 4. Ng5 d5 5. exd5 Na5
C58	Italian Game: Two Knights Defense, Polerio Defense, Bishop Check Line	11	r1bqkb1r/ppp2ppp/5n2/nB1Pp1N1/8/8/PPPP1PPP/RNBQK2R b KQkq	1. e4 e5 2. Nf3 Nc6 3. Bc4 Nf6 4. Ng5 d5 5. exd5 Na5 6. Bb5+
C58	Italian Game: Two Knights Defense, Polerio Defense, Bogoljubow Variation	15	r1bqkb1r/p4ppp/2p2n2/nB2p1N1/8/5Q2/PPPP1PPP/RNB1K2R b KQkq	1. e4 e5 2. Nf3 Nc6 3. Bc4 Nf6 4. Ng5 d5 5. exd5 Na5 6. Bb5+ c6 7. dxc6 bxc6 8. Qf3
C58	Italian Game: Two Knights Defense, Polerio Defense, Kieseritzky Variation	11	r1bqkb1r/ppp2ppp/5n2/n2Pp1N1/2B5/3P4/PPP2PPP/RNBQK2R b KQkq	1. e4 e5 2. Nf3 Nc6 3. Bc4 Nf6 4. Ng5 d5 5. exd5 Na5 6. d3
C58	Italian Game: Two Knights Defense, Polerio Defense, Yankovich Variation	19	r1bqk2r/ppp2pp1/5n1p/2bP4/2P1p3/8/PPPNQPPP/RNB1K2R b KQkq	1. e4 e5 2. Nf3 Nc6 3. Bc4 Nf6 4. Ng5 d5 5. exd5 Na5 6. d3 h6 7. Nf3 e4 8. Qe2 Nxc4 9. dxc4 Bc5 10. Nfd2
C59	Italian Game: Two Knights Defense, Knorre Variation	23	r1b1k2r/p1q2pp1/2pb1n1p/n3N3/3Pp3/8/PPPBBPPP/RN1QK2R b KQkq	1. e4 e5 2. Nf3 Nc6 3. Bc4 Nf6 4. Ng5 d5 5. exd5 Na5 6. Bb5+ c6 7. dxc6 bxc6 8. Be2 h6 9. Nf3 e4 10. Ne5 Bd6 11. d4 Qc7 12. Bd2
C59	Italian Game: Two Knights Defense, Polerio Defense, Göring Variation	20	r1b1kb1r/p1q2pp1/2p2n1p/n3N3/4p3/8/PPPPBPPP/RNBQK2R w KQkq	1. e4 e5 2. Nf3 Nc6 3. Bc4 Nf6 4. Ng5 d5 5. exd5 Na5 6. Bb5+ c6 7. dxc6 bxc6 8. Be2 h6 9. Nf3 e4 10. Ne5 Qc7
C59	Italian Game: Two Knights Defense, Polerio Defense, Suhle Defense	16	r1bqkb1r/p4pp1/2p2n1p/n3p1N1/8/8/PPPPBPPP/RNBQK2R w KQkq	1. e4 e5 2. Nf3 Nc6 3. Bc4 Nf6 4. Ng5 d5 5. exd5 Na5 6. Bb5+ c6 7. dxc6 bxc6 8. Be2 h6
C59	Italian Game: Two Knights Defense, Steinitz Variation	17	r1bqkb1r/p4pp1/2p2n1p/n3p3/8/7N/PPPPBPPP/RNBQK2R b KQkq	1. e4 e5 2. Nf3 Nc6 3. Bc4 Nf6 4. Ng5 d5 5. exd5 Na5 6. Bb5+ c6 7. dxc6 bxc6 8. Be2 h6 9. Nh3
C60	Ruy Lopez	5	r1bqkbnr/pppp1ppp/2n5/1B2p3/4P3/5N2/PPPP1PPP/RNBQK2R b KQkq	1. e4 e5 2. Nf3 Nc6 3. Bb5
C60	Ruy Lopez: Alapin Defense	6	r1bqk1nr/pppp1ppp/2n5/1B2p3/1b2P3/5N2/PPPP1PPP/RNBQK2R w KQkq	1. e4 e5 2. Nf3 Nc6 3. Bb5 Bb4
C60	Ruy Lopez: Alapin Defense, Alapin Gambit	10	r1bqk1nr/ppp2ppp/2p5/b3p3/4P3/2P2N2/PP1P1PPP/RNBQK2R w KQkq	1. e4 e5 2. Nf3 Nc6 3. Bb5 Bb4 4. c3 Ba5 5. Bxc6 dxc6
C60	Ruy Lopez: Brentano Gambit	6	r1bqkbnr/pppp1p1p/2n5/1B2p1p1/4P3/5N2/PPPP1PPP/RNBQK2R w KQkq	1. e4 e5 2. Nf3 Nc6 3. Bb5 g5
C60	Ruy Lopez: Bulgarian Variation	6	r1bqkbnr/1ppp1ppp/2n5/pB2p3/4P3/5N2/PPPP1PPP/RNBQK2R w KQkq	1. e4 e5 2. Nf3 Nc6 3. Bb5 a5
C60	Ruy Lopez: Cozio Defense	6	r1bqkb1r/ppppnppp/2n5/1B2p3/4P3/5N2/PPPP1PPP/RNBQK2R w KQkq	1. e4 e5 2. Nf3 Nc6 3. Bb5 Nge7
C60	Ruy Lopez: Cozio Defense, Paulsen Variation	8	r1bqkb1r/ppppnp1p/2n3p1/1B2p3/4P3/2N2N2/PPPP1PPP/R1BQK2R w KQkq	1. e4 e5 2. Nf3 Nc6 3. Bb5 Nge7 4. Nc3 g6
C60	Ruy Lopez: Cozio Defense, Tartakower Gambit	16	r1bq1rk1/ppp1npbp/2n3p1/1B1p4/3NP3/2N1B3/PPPQ1PPP/R3K2R w KQ	1. e4 e5 2. Nf3 Nc6 3. Bb5 g6 4. d4 exd4 5. Nxd4 Bg7 6. Be3 Nge7 7. Nc3 O-O 8. Qd2 d5
C60	Ruy Lopez: Fianchetto Defense	6	r1bqkbnr/pppp1p1p/2n3p1/1B2p3/4P3/5N2/PPPP1PPP/RNBQK2R w KQkq	1. e4 e5 2. Nf3 Nc6 3. Bb5 g6
C60	Ruy Lopez: Fianchetto Defense, Kevitz Gambit	8	r1bqkbnr/pppp3p/2n3p1/1B2pp2/4P3/2P2N2/PP1P1PPP/RNBQK2R w KQkq	1. e4 e5 2. Nf3 Nc6 3. Bb5 g6 4. c3 f5
C60	Ruy Lopez: Lucena Variation	6	r1bqk1nr/ppppbppp/2n5/1B2p3/4P3/5N2/PPPP1PPP/RNBQK2R w KQkq	1. e4 e5 2. Nf3 Nc6 3. Bb5 Be7
C60	Ruy Lopez: Nürnberg Variation	6	r1bqkbnr/pppp2pp/2n2p2/1B2p3/4P3/5N2/PPPP1PPP/RNBQK2R w KQkq	1. e4 e5 2. Nf3 Nc6 3. Bb5 f6
C60	Ruy Lopez: Pollock Defense	6	r1bqkbnr/pppp1ppp/8/nB2p3/4P3/5N2/PPPP1PPP/RNBQK2R w KQkq	1. e4 e5 2. Nf3 Nc6 3. Bb5 Na5
C60	Ruy Lopez: Retreat Variation	6	rnbqkbnr/pppp1ppp/8/1B2p3/4P3/5N2/PPPP1PPP/RNBQK2R w KQkq	1. e4 e5 2. Nf3 Nc6 3. Bb5 Nb8
C60	Ruy Lopez: Rotary-Albany Gambit	6	r1bqkbnr/p1pp1ppp/1pn5/1B2p3/4P3/5N2/PPPP1PPP/RNBQK2R w KQkq	1. e4 e5 2. Nf3 Nc6 3. Bb5 b6
C60	Ruy Lopez: Spanish Countergambit	6	r1bqkbnr/ppp2ppp/2n5/1B1pp3/4P3/5N2/PPPP1PPP/RNBQK2R w KQkq	1. e4 e5 2. Nf3 Nc6 3. Bb5 d5
C60	Ruy Lopez: Spanish Countergambit, Harding Countergambit, Fricke Gambit	9	r1b1kbnr/ppp2ppp/2n5/1B1pN1q1/4P3/8/PPPP1PPP/RNBQ1RK1 b kq	1. e4 e5 2. Nf3 Nc6 3. Bb5 d5 4. Nxe5 Qg5 5. O-O
C60	Ruy Lopez: Spanish Countergambit, Harding Gambit	9	r1b1kbnr/ppp2ppp/2N5/1B1p2q1/4P3/8/PPPP1PPP/RNBQK2R b KQkq	1. e4 e5 2. Nf3 Nc6 3. Bb5 d5 4. Nxe5 Qg5 5. Nxc6
C60	Ruy Lopez: Vinogradov Variation	6	r1b1kbnr/ppppqppp/2n5/1B2p3/4P3/5N2/PPPP1PPP/RNBQK2R w KQkq	1. e4 e5 2. Nf3 Nc6 3. Bb5 Qe7
C61	Ruy Lopez: Bird Variation	6	r1bqkbnr/pppp1ppp/8/1B2p3/3nP3/5N2/PPPP1PPP/RNBQK2R w KQkq	1. e4 e5 2. Nf3 Nc6 3. Bb5 Nd4
C61	Ruy Lopez: Bird Variation, Paulsen Variation	10	r1bqkb1r/ppppnppp/8/1B6/3pP3/8/PPPP1PPP/RNBQ1RK1 w kq	1. e4 e5 2. Nf3 Nc6 3. Bb5 Nd4 4. Nxd4 exd4 5. O-O Ne7
C62	Ruy Lopez: Steinitz Defense	6	r1bqkbnr/ppp2ppp/2np4/1B2p3/4P3/5N2/PPPP1PPP/RNBQK2R w KQkq	1. e4 e5 2. Nf3 Nc6 3. Bb5 d6
C62	Ruy Lopez: Steinitz Defense	7	r1bqkbnr/ppp2ppp/2np4/1B2p3/3PP3/5N2/PPP2PPP/RNBQK2R b KQkq	1. e4 e5 2. Nf3 Nc6 3. Bb5 d6 4. d4
C62	Ruy Lopez: Steinitz Defense, Center Gambit	9	r1bqkbnr/ppp2ppp/2np4/1B6/3pP3/5N2/PPP2PPP/RNBQ1RK1 b kq	1. e4 e5 2. Nf3 Nc6 3. Bb5 d6 4. d4 exd4 5. O-O
C62	Ruy Lopez: Steinitz Defense, Nimzowitsch Attack	11	r2qkb1r/pppb1ppp/2Bp1n2/4p3/3PP3/2N2N2/PPP2PPP/R1BQK2R b KQkq	1. e4 e5 2. Nf3 Nc6 3. Bb5 d6 4. d4 Bd7 5. Nc3 Nf6 6. Bxc6
C62	Ruy Lopez: Steinitz Defense, Semi-Duras Variation	9	r2qkbnr/pppb1ppp/2np4/1B2p3/2PPP3/5N2/PP3PPP/RNBQK2R b KQkq	1. e4 e5 2. Nf3 Nc6 3. Bb5 d6 4. d4 Bd7 5. c4
C63	Ruy Lopez: Schliemann Defense	6	r1bqkbnr/pppp2pp/2n5/1B2pp2/4P3/5N2/PPPP1PPP/RNBQK2R w KQkq	1. e4 e5 2. Nf3 Nc6 3. Bb5 f5
C63	Ruy Lopez: Schliemann Defense, Classical Variation	14	r1b1kbnr/ppp3pp/2N5/1B4q1/4p3/8/PPPP1PPP/R1BQK2R w KQkq	1. e4 e5 2. Nf3 Nc6 3. Bb5 f5 4. Nc3 fxe4 5. Nxe4 d5 6. Nxe5 dxe4 7. Nxc6 Qg5
C63	Ruy Lopez: Schliemann Defense, Dyckhoff Variation	7	r1bqkbnr/pppp2pp/2n5/1B2pp2/4P3/2N2N2/PPPP1PPP/R1BQK2R b KQkq	1. e4 e5 2. Nf3 Nc6 3. Bb5 f5 4. Nc3
C63	Ruy Lopez: Schliemann Defense, Exchange Variation	7	r1bqkbnr/pppp2pp/2B5/4pp2/4P3/5N2/PPPP1PPP/RNBQK2R b KQkq	1. e4 e5 2. Nf3 Nc6 3. Bb5 f5 4. Bxc6
C63	Ruy Lopez: Schliemann Defense, Jaenisch Gambit Accepted	7	r1bqkbnr/pppp2pp/2n5/1B2pP2/8/5N2/PPPP1PPP/RNBQK2R b KQkq	1. e4 e5 2. Nf3 Nc6 3. Bb5 f5 4. exf5
C63	Ruy Lopez: Schliemann Defense, Kostić Defense	10	r1bqk1nr/ppppb1pp/2n5/1B2p3/4N3/5N2/PPPP1PPP/R1BQK2R w KQkq	1. e4 e5 2. Nf3 Nc6 3. Bb5 f5 4. Nc3 fxe4 5. Nxe4 Be7
C63	Ruy Lopez: Schliemann Defense, Möhring Variation	14	r1b1kbnr/ppp3pp/2N5/1B1q4/4p3/8/PPPP1PPP/R1BQK2R w KQkq	1. e4 e5 2. Nf3 Nc6 3. Bb5 f5 4. Nc3 fxe4 5. Nxe4 d5 6. Nxe5 dxe4 7. Nxc6 Qd5
C63	Ruy Lopez: Schliemann Defense, Schönemann Attack	7	r1bqkbnr/pppp2pp/2n5/1B2pp2/3PP3/5N2/PPP2PPP/RNBQK2R b KQkq	1. e4 e5 2. Nf3 Nc6 3. Bb5 f5 4. d4
C63	Ruy Lopez: Schliemann Defense, Tartakower Variation	10	r1bqkb1r/pppp2pp/2n2n2/1B2p3/4N3/5N2/PPPP1PPP/R1BQK2R w KQkq	1. e4 e5 2. Nf3 Nc6 3. Bb5 f5 4. Nc3 fxe4 5. Nxe4 Nf6
C64	Ruy Lopez: Classical Defense, Benelux Variation	12	r1bq1rk1/pppp1ppp/1bn2n2/1B2p3/3PP3/2P2N2/PP3PPP/RNBQ1RK1 w -	1. e4 e5 2. Nf3 Nc6 3. Bb5 Nf6 4. O-O Bc5 5. c3 O-O 6. d4 Bb6
C64	Ruy Lopez: Classical Defense, Boden Variation	8	r1b1k1nr/ppppqppp/2n5/1Bb1p3/4P3/2P2N2/PP1P1PPP/RNBQK2R w KQkq	1. e4 e5 2. Nf3 Nc6 3. Bb5 Bc5 4. c3 Qe7
C64	Ruy Lopez: Classical Defense, Zaitsev Variation	9	r1bqk1nr/pppp1ppp/8/1Bb1p3/1P1nP3/5N2/P1PP1PPP/RNBQ1RK1 b kq	1. e4 e5 2. Nf3 Nc6 3. Bb5 Bc5 4. O-O Nd4 5. b4
C64	Ruy Lopez: Classical Variation	6	r1bqk1nr/pppp1ppp/2n5/1Bb1p3/4P3/5N2/PPPP1PPP/RNBQK2R w KQkq	1. e4 e5 2. Nf3 Nc6 3. Bb5 Bc5
C64	Ruy Lopez: Classical Variation, Central Variation	7	r1bqk1nr/pppp1ppp/2n5/1Bb1p3/4P3/2P2N2/PP1P1PPP/RNBQK2R b KQkq	1. e4 e5 2. Nf3 Nc6 3. Bb5 Bc5 4. c3
C64	Ruy Lopez: Classical Variation, Charousek Variation	8	r1bqk1nr/pppp1ppp/1bn5/1B2p3/4P3/2P2N2/PP1P1PPP/RNBQK2R w KQkq	1. e4 e5 2. Nf3 Nc6 3. Bb5 Bc5 4. c3 Bb6
C64	Ruy Lopez: Classical Variation, Cordel Gambit	8	r1bqk1nr/pppp2pp/2n5/1Bb1pp2/4P3/2P2N2/PP1P1PPP/RNBQK2R w KQkq	1. e4 e5 2. Nf3 Nc6 3. Bb5 Bc5 4. c3 f5
C64	Ruy Lopez: Classical Variation, Konikowski Gambit	8	r1bqk1nr/ppp2ppp/2n5/1Bbpp3/4P3/2P2N2/PP1P1PPP/RNBQK2R w KQkq	1. e4 e5 2. Nf3 Nc6 3. Bb5 Bc5 4. c3 d5
C64	Ruy Lopez: Classical Variation, Modern Main Line	13	r1bq1rk1/pppp1ppp/1bn2n2/1B2p1B1/3PP3/2P2N2/PP3PPP/RN1Q1RK1 b -	1. e4 e5 2. Nf3 Nc6 3. Bb5 Nf6 4. O-O Bc5 5. c3 O-O 6. d4 Bb6 7. Bg5
C64	Ruy Lopez: Classical Variation, Spanish Wing Gambit	7	r1bqk1nr/pppp1ppp/2n5/1Bb1p3/1P2P3/5N2/P1PP1PPP/RNBQK2R b KQkq	1. e4 e5 2. Nf3 Nc6 3. Bb5 Bc5 4. b4
C65	Ruy Lopez: Berlin Defense	6	r1bqkb1r/pppp1ppp/2n2n2/1B2p3/4P3/5N2/PPPP1PPP/RNBQK2R w KQkq	1. e4 e5 2. Nf3 Nc6 3. Bb5 Nf6
C65	Ruy Lopez: Berlin Defense	7	r1bqkb1r/pppp1ppp/2n2n2/1B2p3/4P3/5N2/PPPP1PPP/RNBQ1RK1 b kq	1. e4 e5 2. Nf3 Nc6 3. Bb5 Nf6 4. O-O
C65	Ruy Lopez: Berlin Defense, Anti-Berlin Variation	7	r1bqkb1r/pppp1ppp/2n2n2/1B2p3/4P3/3P1N2/PPP2PPP/RNBQK2R b KQkq	1. e4 e5 2. Nf3 Nc6 3. Bb5 Nf6 4. d3
C65	Ruy Lopez: Berlin Defense, Anti-Berlin Variation, Anderssen Variation	9	r1bqkb1r/ppp2ppp/2Bp1n2/4p3/4P3/3P1N2/PPP2PPP/RNBQK2R b KQkq	1. e4 e5 2. Nf3 Nc6 3. Bb5 Nf6 4. d3 d6 5. Bxc6+
C65	Ruy Lopez: Berlin Defense, Anti-Berlin Variation, Duras Variation	9	r1bqkb1r/ppp2ppp/2np1n2/1B2p3/2P1P3/3P1N2/PP3PPP/RNBQK2R b KQkq	1. e4 e5 2. Nf3 Nc6 3. Bb5 Nf6 4. d3 d6 5. c4
C65	Ruy Lopez: Berlin Defense, Anti-Berlin Variation, Kaufmann Variation	9	r1bqk2r/pppp1ppp/2n2n2/1Bb1p3/4P3/3PBN2/PPP2PPP/RN1QK2R b KQkq	1. e4 e5 2. Nf3 Nc6 3. Bb5 Nf6 4. d3 Bc5 5. Be3
C65	Ruy Lopez: Berlin Defense, Anti-Berlin Variation, Mortimer Trap	10	r1bqkb1r/pp1pnppp/2p2n2/1B2N3/4P3/3P4/PPP2PPP/RNBQK2R w KQkq	1. e4 e5 2. Nf3 Nc6 3. Bb5 Nf6 4. d3 Ne7 5. Nxe5 c6
C65	Ruy Lopez: Berlin Defense, Anti-Berlin Variation, Mortimer Variation	8	r1bqkb1r/ppppnppp/5n2/1B2p3/4P3/3P1N2/PPP2PPP/RNBQK2R w KQkq	1. e4 e5 2. Nf3 Nc6 3. Bb5 Nf6 4. d3 Ne7
C65	Ruy Lopez: Berlin Defense, Beverwijk Variation	8	r1bqk2r/pppp1ppp/2n2n2/1Bb1p3/4P3/5N2/PPPP1PPP/RNBQ1RK1 w kq	1. e4 e5 2. Nf3 Nc6 3. Bb5 Nf6 4. O-O Bc5
C65	Ruy Lopez: Berlin Defense, Fishing Pole Variation	8	r1bqkb1r/pppp1ppp/2n5/1B2p3/4P1n1/5N2/PPPP1PPP/RNBQ1RK1 w kq	1. e4 e5 2. Nf3 Nc6 3. Bb5 Nf6 4. O-O Ng4
C65	Ruy Lopez: Berlin Defense, Nyholm Attack	9	r1bqkb1r/pppp1ppp/2n2n2/1B6/3pP3/5N2/PPP2PPP/RNBQ1RK1 b kq	1. e4 e5 2. Nf3 Nc6 3. Bb5 Nf6 4. d4 exd4 5. O-O
C65	Ruy Lopez: Classical Variation, Zukertort Gambit	9	r1bqk2r/pppp1ppp/2n2n2/1Bb1p3/4P3/2P2N2/PP1P1PPP/RNBQ1RK1 b kq	1. e4 e5 2. Nf3 Nc6 3. Bb5 Nf6 4. O-O Bc5 5. c3
C65	Ruy Lopez: Halloween Attack	7	r1bqkb1r/pppp1ppp/2n2n2/1B2N3/4P3/8/PPPP1PPP/RNBQK2R b KQkq	1. e4 e5 2. Nf3 Nc6 3. Bb5 Nf6 4. Nxe5
C66	Ruy Lopez: Berlin Defense, Closed Bernstein Variation	13	r2qk2r/pppbbppp/2np1n2/1B2p1B1/3PP3/2N2N2/PPP2PPP/R2Q1RK1 b kq	1. e4 e5 2. Nf3 Nc6 3. Bb5 Nf6 4. O-O d6 5. d4 Bd7 6. Nc3 Be7 7. Bg5
C66	Ruy Lopez: Berlin Defense, Closed Showalter Variation	13	r2qk2r/pppbbppp/2Bp1n2/4p3/3PP3/2N2N2/PPP2PPP/R1BQ1RK1 b kq	1. e4 e5 2. Nf3 Nc6 3. Bb5 Nf6 4. O-O d6 5. d4 Bd7 6. Nc3 Be7 7. Bxc6
C66	Ruy Lopez: Berlin Defense, Closed Wolf Variation	12	r2qkb1r/pppb1ppp/2np1n2/1B6/3pP3/2N2N2/PPP2PPP/R1BQ1RK1 w kq	1. e4 e5 2. Nf3 Nc6 3. Bb5 Nf6 4. O-O d6 5. d4 Bd7 6. Nc3 exd4
C66	Ruy Lopez: Berlin Defense, Hedgehog Variation	12	r2qk2r/pppbbppp/2np1n2/1B2p3/3PP3/2N2N2/PPP2PPP/R1BQ1RK1 w kq	1. e4 e5 2. Nf3 Nc6 3. Bb5 Nf6 4. O-O d6 5. d4 Bd7 6. Nc3 Be7
C66	Ruy Lopez: Berlin Defense, Improved Steinitz Defense	8	r1bqkb1r/ppp2ppp/2np1n2/1B2p3/4P3/5N2/PPPP1PPP/RNBQ1RK1 w kq	1. e4 e5 2. Nf3 Nc6 3. Bb5 Nf6 4. O-O d6
C66	Ruy Lopez: Berlin Defense, Tarrasch Trap	14	r2q1rk1/pppbbppp/2np1n2/1B2p3/3PP3/2N2N2/PPP2PPP/R1BQR1K1 w -	1. e4 e5 2. Nf3 Nc6 3. Bb5 d6 4. d4 Bd7 5. Nc3 Nf6 6. O-O Be7 7. Re1 O-O
C66	Ruy Lopez: Closed Berlin Defense, Chigorin Variation	10	r1bqkb1r/pppn1ppp/2np4/1B2p3/3PP3/5N2/PPP2PPP/RNBQ1RK1 w kq	1. e4 e5 2. Nf3 Nc6 3. Bb5 Nf6 4. O-O d6 5. d4 Nd7
C67	Ruy Lopez: Berlin Defense, Berlin Wall	18	r2k1b1r/pppb1ppp/2p5/4Pn2/8/2N2N2/PPP2PPP/R1B2RK1 w -	1. e4 e5 2. Nf3 Nc6 3. Bb5 Nf6 4. O-O Nxe4 5. d4 Nd6 6. Bxc6 dxc6 7. dxe5 Nf5 8. Qxd8+ Kxd8 9. Nc3 Bd7
C67	Ruy Lopez: Berlin Defense, Cordel Variation	16	r1bqk2r/p1ppbppp/2p5/4Pn2/8/5N2/PPP1QPPP/RNB2RK1 w kq	1. e4 e5 2. Nf3 Nc6 3. Bb5 Nf6 4. O-O Nxe4 5. d4 Be7 6. Qe2 Nd6 7. Bxc6 bxc6 8. dxe5 Nf5
C67	Ruy Lopez: Berlin Defense, Minckwitz Variation	11	r1bqk2r/ppppbppp/2n5/1B2P3/4n3/5N2/PPP2PPP/RNBQ1RK1 b kq	1. e4 e5 2. Nf3 Nc6 3. Bb5 Nf6 4. O-O Nxe4 5. d4 Be7 6. dxe5
C67	Ruy Lopez: Berlin Defense, Pillsbury Variation	17	r1bqk2r/pnppbppp/2p5/4P3/8/1P3N2/P1P1QPPP/RNB2RK1 b kq	1. e4 e5 2. Nf3 Nc6 3. Bb5 Nf6 4. O-O Nxe4 5. d4 Be7 6. Qe2 Nd6 7. Bxc6 bxc6 8. dxe5 Nb7 9. b3
C67	Ruy Lopez: Berlin Defense, Rio Gambit Accepted	8	r1bqkb1r/pppp1ppp/2n5/1B2p3/4n3/5N2/PPPP1PPP/RNBQ1RK1 w kq	1. e4 e5 2. Nf3 Nc6 3. Bb5 Nf6 4. O-O Nxe4
C67	Ruy Lopez: Berlin Defense, Rio de Janeiro Variation	10	r1bqk2r/ppppbppp/2n5/1B2p3/3Pn3/5N2/PPP2PPP/RNBQ1RK1 w kq	1. e4 e5 2. Nf3 Nc6 3. Bb5 Nf6 4. O-O Nxe4 5. d4 Be7
C67	Ruy Lopez: Berlin Defense, Rio de Janeiro Variation	26	r1bq1rk1/p1ppbppp/8/2p1P3/3B4/2N5/PPP1QPPP/R3R1K1 w -	1. e4 e5 2. Nf3 Nc6 3. Bb5 Nf6 4. O-O Nxe4 5. d4 Be7 6. Qe2 Nd6 7. Bxc6 bxc6 8. dxe5 Nb7 9. Nc3 O-O 10. Re1 Nc5 11. Nd4 Ne6 12. Be3 Nxd4 13. Bxd4 c5
C67	Ruy Lopez: Berlin Defense, Rosenthal Variation	10	r1bqkb1r/1ppp1ppp/p1n5/1B2p3/3Pn3/5N2/PPP2PPP/RNBQ1RK1 w kq	1. e4 e5 2. Nf3 Nc6 3. Bb5 Nf6 4. O-O Nxe4 5. d4 a6
C67	Ruy Lopez: Berlin Defense, Trifunovic Variation	12	r1bqk2r/ppp1bppp/2n5/1B1pp3/3Pn3/5N2/PPP1QPPP/RNB2RK1 w kq	1. e4 e5 2. Nf3 Nc6 3. Bb5 Nf6 4. O-O Nxe4 5. d4 Be7 6. Qe2 d5
C67	Ruy Lopez: Berlin Defense, Winawer Attack	17	r1bqk2r/pnppbppp/2p5/4P3/3N4/8/PPP1QPPP/RNB2RK1 b kq	1. e4 e5 2. Nf3 Nc6 3. Bb5 Nf6 4. O-O Nxe4 5. d4 Be7 6. Qe2 Nd6 7. Bxc6 bxc6 8. dxe5 Nb7 9. Nd4
C67	Ruy Lopez: Berlin Defense, Zukertort Variation	17	r1bqk2r/pnppbppp/2p5/4P3/2P5/5N2/PP2QPPP/RNB2RK1 b kq	1. e4 e5 2. Nf3 Nc6 3. Bb5 Nf6 4. O-O Nxe4 5. d4 Be7 6. Qe2 Nd6 7. Bxc6 bxc6 8. dxe5 Nb7 9. c4
C67	Ruy Lopez: Berlin Defense, l'Hermet Variation	10	r1bqkb1r/pppp1ppp/2nn4/1B2p3/3P4/5N2/PPP2PPP/RNBQ1RK1 w kq	1. e4 e5 2. Nf3 Nc6 3. Bb5 Nf6 4. O-O Nxe4 5. d4 Nd6
C67	Ruy Lopez: Berlin Defense, l'Hermet Variation, Berlin Wall Defense	16	r1bk1b1r/ppp2ppp/2p5/4Pn2/8/5N2/PPP2PPP/RNB2RK1 w -	1. e4 e5 2. Nf3 Nc6 3. Bb5 Nf6 4. O-O Nxe4 5. d4 Nd6 6. Bxc6 dxc6 7. dxe5 Nf5 8. Qxd8+ Kxd8
C67	Ruy Lopez: Berlin Defense, l'Hermet Variation, Westerinen Line	14	r1bqkb1r/ppp2ppp/2p5/4P3/4n3/5N2/PPP2PPP/RNBQ1RK1 w kq	1. e4 e5 2. Nf3 Nc6 3. Bb5 Nf6 4. O-O Nxe4 5. d4 Nd6 6. Bxc6 dxc6 7. dxe5 Ne4
C67	Ruy Lopez: Open Berlin Defense, Showalter Variation	11	r1bqkb1r/pppp1ppp/2nn4/4p3/B2P4/5N2/PPP2PPP/RNBQ1RK1 b kq	1. e4 e5 2. Nf3 Nc6 3. Bb5 Nf6 4. O-O Nxe4 5. d4 Nd6 6. Ba4
C67	Ruy Lopez: Open Berlin Defense, l'Hermet Variation	11	r1bqkb1r/pppp1ppp/2nn4/1B2P3/8/5N2/PPP2PPP/RNBQ1RK1 b kq	1. e4 e5 2. Nf3 Nc6 3. Bb5 Nf6 4. O-O Nxe4 5. d4 Nd6 6. dxe5
C68	Ruy Lopez: Exchange Variation	7	r1bqkbnr/1ppp1ppp/p1B5/4p3/4P3/5N2/PPPP1PPP/RNBQK2R b KQkq	1. e4 e5 2. Nf3 Nc6 3. Bb5 a6 4. Bxc6
C68	Ruy Lopez: Exchange Variation, Alekhine Variation	14	r1b1k1nr/1pp2ppp/p1pb4/8/3NP3/8/PPP2PPP/RNB1K2R w KQkq	1. e4 e5 2. Nf3 Nc6 3. Bb5 a6 4. Bxc6 dxc6 5. d4 exd4 6. Qxd4 Qxd4 7. Nxd4 Bd6
C68	Ruy Lopez: Exchange Variation, Keres Variation	9	r1bqkbnr/1pp2ppp/p1p5/4p3/4P3/2N2N2/PPPP1PPP/R1BQK2R b KQkq	1. e4 e5 2. Nf3 Nc6 3. Bb5 a6 4. Bxc6 dxc6 5. Nc3
C68	Ruy Lopez: Exchange Variation, Lutikov Variation	8	r1bqkbnr/2pp1ppp/p1p5/4p3/4P3/5N2/PPPP1PPP/RNBQK2R w KQkq	1. e4 e5 2. Nf3 Nc6 3. Bb5 a6 4. Bxc6 bxc6
C68	Ruy Lopez: Exchange Variation, Romanovsky Variation	11	r1bqkbnr/1pp3pp/p1p2p2/4p3/4P3/2NP1N2/PPP2PPP/R1BQK2R b KQkq	1. e4 e5 2. Nf3 Nc6 3. Bb5 a6 4. Bxc6 dxc6 5. Nc3 f6 6. d3
C68	Ruy Lopez: Exchange, Alekhine Variation	14	r3kbnr/1ppb1ppp/p1p5/8/3NP3/8/PPP2PPP/RNB1K2R w KQkq	1. e4 e5 2. Nf3 Nc6 3. Bb5 a6 4. Bxc6 dxc6 5. d4 exd4 6. Qxd4 Qxd4 7. Nxd4 Bd7
C69	Ruy Lopez: Exchange Variation, Alapin Gambit	12	r2qkbnr/1pp2pp1/p1p5/4p2p/4P1b1/5N1P/PPPP1PP1/RNBQ1RK1 w kq	1. e4 e5 2. Nf3 Nc6 3. Bb5 a6 4. Bxc6 dxc6 5. O-O Bg4 6. h3 h5
C69	Ruy Lopez: Exchange Variation, Bronstein Variation	10	r1b1kbnr/1pp2ppp/p1pq4/4p3/4P3/5N2/PPPP1PPP/RNBQ1RK1 w kq	1. e4 e5 2. Nf3 Nc6 3. Bb5 a6 4. Bxc6 dxc6 5. O-O Qd6
C69	Ruy Lopez: Exchange Variation, Gligoric Variation	10	r1bqkbnr/1pp3pp/p1p2p2/4p3/4P3/5N2/PPPP1PPP/RNBQ1RK1 w kq	1. e4 e5 2. Nf3 Nc6 3. Bb5 a6 4. Bxc6 dxc6 5. O-O f6
C69	Ruy Lopez: Exchange Variation, King's Bishop Variation	10	r1bqk1nr/1pp2ppp/p1pb4/4p3/4P3/5N2/PPPP1PPP/RNBQ1RK1 w kq	1. e4 e5 2. Nf3 Nc6 3. Bb5 a6 4. Bxc6 dxc6 5. O-O Bd6
C69	Ruy Lopez: Exchange Variation, Normal Variation	9	r1bqkbnr/1pp2ppp/p1p5/4p3/4P3/5N2/PPPP1PPP/RNBQ1RK1 b kq	1. e4 e5 2. Nf3 Nc6 3. Bb5 a6 4. Bxc6 dxc6 5. O-O
C70	Ruy Lopez: Bird's Defense Deferred	8	r1bqkbnr/1ppp1ppp/p7/4p3/B2nP3/5N2/PPPP1PPP/RNBQK2R w KQkq	1. e4 e5 2. Nf3 Nc6 3. Bb5 a6 4. Ba4 Nd4
C70	Ruy Lopez: Morphy Defense	6	r1bqkbnr/1ppp1ppp/p1n5/1B2p3/4P3/5N2/PPPP1PPP/RNBQK2R w KQkq	1. e4 e5 2. Nf3 Nc6 3. Bb5 a6
C70	Ruy Lopez: Morphy Defense, Alapin's Defense Deferred	8	r1bqk1nr/1ppp1ppp/p1n5/4p3/Bb2P3/5N2/PPPP1PPP/RNBQK2R w KQkq	1. e4 e5 2. Nf3 Nc6 3. Bb5 a6 4. Ba4 Bb4
C70	Ruy Lopez: Morphy Defense, Caro Variation	8	r1bqkbnr/2pp1ppp/p1n5/1p2p3/B3P3/5N2/PPPP1PPP/RNBQK2R w KQkq	1. e4 e5 2. Nf3 Nc6 3. Bb5 a6 4. Ba4 b5
C70	Ruy Lopez: Morphy Defense, Classical Defense Deferred	8	r1bqk1nr/1ppp1ppp/p1n5/2b1p3/B3P3/5N2/PPPP1PPP/RNBQK2R w KQkq	1. e4 e5 2. Nf3 Nc6 3. Bb5 a6 4. Ba4 Bc5
C70	Ruy Lopez: Morphy Defense, Cozio Defense	8	r1bqkb1r/1pppnppp/p1n5/4p3/B3P3/5N2/PPPP1PPP/RNBQK2R w KQkq	1. e4 e5 2. Nf3 Nc6 3. Bb5 a6 4. Ba4 Nge7
C70	Ruy Lopez: Morphy Defense, Fianchetto Defense Deferred	8	r1bqkbnr/1ppp1p1p/p1n3p1/4p3/B3P3/5N2/PPPP1PPP/RNBQK2R w KQkq	1. e4 e5 2. Nf3 Nc6 3. Bb5 a6 4. Ba4 g6
C70	Ruy Lopez: Morphy Defense, Graz Variation	10	r1bqk1nr/2pp1ppp/p1n5/1pb1p3/4P3/1B3N2/PPPP1PPP/RNBQK2R w KQkq	1. e4 e5 2. Nf3 Nc6 3. Bb5 a6 4. Ba4 b5 5. Bb3 Bc5
C70	Ruy Lopez: Morphy Defense, Norwegian Variation	10	r1bqkbnr/2pp1ppp/p7/np2p3/4P3/1B3N2/PPPP1PPP/RNBQK2R w KQkq	1. e4 e5 2. Nf3 Nc6 3. Bb5 a6 4. Ba4 b5 5. Bb3 Na5
C70	Ruy Lopez: Morphy Defense, Norwegian Variation, Nightingale Gambit	11	r1bqkbnr/2pp1Bpp/p7/np2p3/4P3/5N2/PPPP1PPP/RNBQK2R b KQkq	1. e4 e5 2. Nf3 Nc6 3. Bb5 a6 4. Ba4 b5 5. Bb3 Na5 6. Bxf7+
C70	Ruy Lopez: Morphy Defense, Schliemann Defense Deferred	8	r1bqkbnr/1ppp2pp/p1n5/4pp2/B3P3/5N2/PPPP1PPP/RNBQK2R w KQkq	1. e4 e5 2. Nf3 Nc6 3. Bb5 a6 4. Ba4 f5
C70	Ruy Lopez: Morphy Defense, Schliemann Defense Deferred, Jaenisch Gambit Deferred	9	r1bqkbnr/1ppp2pp/p1n5/4pP2/B7/5N2/PPPP1PPP/RNBQK2R b KQkq	1. e4 e5 2. Nf3 Nc6 3. Bb5 a6 4. Ba4 f5 5. exf5
C71	Ruy Lopez: Morphy Defense, Modern Steinitz Defense	8	r1bqkbnr/1pp2ppp/p1np4/4p3/B3P3/5N2/PPPP1PPP/RNBQK2R w KQkq	1. e4 e5 2. Nf3 Nc6 3. Bb5 a6 4. Ba4 d6
C71	Ruy Lopez: Morphy Defense, Modern Steinitz Defense	9	r1bqkbnr/1pp2ppp/p1np4/4p3/B3P3/2N2N2/PPPP1PPP/R1BQK2R b KQkq	1. e4 e5 2. Nf3 Nc6 3. Bb5 a6 4. Ba4 d6 5. Nc3
C71	Ruy Lopez: Morphy Defense, Modern Steinitz Defense	9	r1bqkbnr/1pp2ppp/p1np4/4p3/B1P1P3/5N2/PP1P1PPP/RNBQK2R b KQkq	1. e4 e5 2. Nf3 Nc6 3. Bb5 a6 4. Ba4 d6 5. c4
C71	Ruy Lopez: Noah's Ark Trap	16	r1bqkbnr/5ppp/p2p4/1pp5/3QP3/1B6/PPP2PPP/RNB1K2R w KQkq	1. e4 e5 2. Nf3 Nc6 3. Bb5 a6 4. Ba4 b5 5. Bb3 d6 6. d4 Nxd4 7. Nxd4 exd4 8. Qxd4 c5
C72	Ruy Lopez: Closed, Kecskemet Variation	18	r2qbrk1/1pp1bppp/p1np1n2/4p3/B2PP3/2P2N2/PP1N1PPP/R1BQR1K1 w -	1. e4 e5 2. Nf3 Nc6 3. Bb5 a6 4. Ba4 d6 5. O-O Bd7 6. c3 Nf6 7. d4 Be7 8. Nbd2 O-O 9. Re1 Be8
C72	Ruy Lopez: Morphy Defense, Modern Steinitz Defense	9	r1bqkbnr/1pp2ppp/p1np4/4p3/B3P3/5N2/PPPP1PPP/RNBQ1RK1 b kq	1. e4 e5 2. Nf3 Nc6 3. Bb5 a6 4. Ba4 d6 5. O-O
C73	Ruy Lopez: Morphy Defense, Modern Steinitz Defense	11	r1bqkbnr/2p2ppp/p1pp4/4p3/3PP3/5N2/PPP2PPP/RNBQK2R b KQkq	1. e4 e5 2. Nf3 Nc6 3. Bb5 a6 4. Ba4 d6 5. Bxc6+ bxc6 6. d4
C73	Ruy Lopez: Morphy Defense, Modern Steinitz Defense	12	r1bqkbnr/2p3pp/p1pp1p2/4p3/3PP3/5N2/PPP2PPP/RNBQK2R w KQkq	1. e4 e5 2. Nf3 Nc6 3. Bb5 a6 4. Ba4 d6 5. Bxc6+ bxc6 6. d4 f6
C74	Ruy Lopez: Morphy Defense, Modern Steinitz Defense	9	r1bqkbnr/1pp2ppp/p1np4/4p3/B3P3/2P2N2/PP1P1PPP/RNBQK2R b KQkq	1. e4 e5 2. Nf3 Nc6 3. Bb5 a6 4. Ba4 d6 5. c3
C74	Ruy Lopez: Morphy Defense, Modern Steinitz Defense	13	r2qkbnr/1pp3pp/p1np4/4pb2/B7/2P2N2/PP1P1PPP/RNBQ1RK1 b kq	1. e4 e5 2. Nf3 Nc6 3. Bb5 a6 4. Ba4 d6 5. c3 f5 6. exf5 Bxf5 7. O-O
C74	Ruy Lopez: Morphy Defense, Modern Steinitz Defense, Siesta Variation	10	r1bqkbnr/1pp3pp/p1np4/4pp2/B3P3/2P2N2/PP1P1PPP/RNBQK2R w KQkq	1. e4 e5 2. Nf3 Nc6 3. Bb5 a6 4. Ba4 d6 5. c3 f5
C75	Ruy Lopez: Morphy Defense, Modern Steinitz Defense	10	r2qkbnr/1ppb1ppp/p1np4/4p3/B3P3/2P2N2/PP1P1PPP/RNBQK2R w KQkq	1. e4 e5 2. Nf3 Nc6 3. Bb5 a6 4. Ba4 d6 5. c3 Bd7
C75	Ruy Lopez: Morphy Defense, Modern Steinitz Defense	12	r2qkb1r/1ppbnppp/p1np4/4p3/B2PP3/2P2N2/PP3PPP/RNBQK2R w KQkq	1. e4 e5 2. Nf3 Nc6 3. Bb5 a6 4. Ba4 d6 5. c3 Bd7 6. d4 Nge7
C76	Ruy Lopez: Morphy Defense, Modern Steinitz Defense, Fianchetto Variation	12	r2qkbnr/1ppb1p1p/p1np2p1/4p3/B2PP3/2P2N2/PP3PPP/RNBQK2R w KQkq	1. e4 e5 2. Nf3 Nc6 3. Bb5 g6 4. c3 a6 5. Ba4 d6 6. d4 Bd7
C77	Ruy Lopez: Morphy Defense, Anderssen Variation	9	r1bqkb1r/1ppp1ppp/p1n2n2/4p3/B3P3/3P1N2/PPP2PPP/RNBQK2R b KQkq	1. e4 e5 2. Nf3 Nc6 3. Bb5 a6 4. Ba4 Nf6 5. d3
C77	Ruy Lopez: Morphy Defense, Bayreuth Variation	9	r1bqkb1r/1ppp1ppp/p1B2n2/4p3/4P3/5N2/PPPP1PPP/RNBQK2R b KQkq	1. e4 e5 2. Nf3 Nc6 3. Bb5 a6 4. Ba4 Nf6 5. Bxc6
C77	Ruy Lopez: Morphy Defense, Duras Variation	11	r1bqkb1r/1pp2ppp/p1np1n2/4p3/B1P1P3/3P1N2/PP3PPP/RNBQK2R b KQkq	1. e4 e5 2. Nf3 Nc6 3. Bb5 a6 4. Ba4 Nf6 5. d3 d6 6. c4
C77	Ruy Lopez: Morphy Defense, Jaffe Gambit	9	r1bqkb1r/1ppp1ppp/p1n2n2/4p3/B3P3/2P2N2/PP1P1PPP/RNBQK2R b KQkq	1. e4 e5 2. Nf3 Nc6 3. Bb5 a6 4. Ba4 Nf6 5. c3
C77	Ruy Lopez: Morphy Defense, Mackenzie Variation	9	r1bqkb1r/1ppp1ppp/p1n2n2/4p3/B2PP3/5N2/PPP2PPP/RNBQK2R b KQkq	1. e4 e5 2. Nf3 Nc6 3. Bb5 a6 4. Ba4 Nf6 5. d4
C77	Ruy Lopez: Morphy Defense, Tarrasch Variation	9	r1bqkb1r/1ppp1ppp/p1n2n2/4p3/B3P3/2N2N2/PPPP1PPP/R1BQK2R b KQkq	1. e4 e5 2. Nf3 Nc6 3. Bb5 a6 4. Ba4 Nf6 5. Nc3
C77	Ruy Lopez: Morphy Defense, Wormald Attack	9	r1bqkb1r/1ppp1ppp/p1n2n2/4p3/B3P3/5N2/PPPPQPPP/RNB1K2R b KQkq	1. e4 e5 2. Nf3 Nc6 3. Bb5 a6 4. Ba4 Nf6 5. Qe2
C77	Ruy Lopez: Wormald Attack, Grünfeld Variation	16	r2qk2r/2p1bppp/p1np1n2/1p2p3/3PP1b1/1BP2N2/PP2QPPP/RNB1K2R w KQkq	1. e4 e5 2. Nf3 Nc6 3. Bb5 a6 4. Ba4 Nf6 5. Qe2 b5 6. Bb3 Be7 7. d4 d6 8. c3 Bg4
C78	Ruy Lopez: Brix Variation	10	r1bqkb1r/1ppp1p1p/p1n2np1/4p3/B3P3/5N2/PPPP1PPP/RNBQ1RK1 w kq	1. e4 e5 2. Nf3 Nc6 3. Bb5 a6 4. Ba4 Nf6 5. O-O g6
C78	Ruy Lopez: Central Countergambit	10	r1bqkb1r/1pp2ppp/p1n2n2/3pp3/B3P3/5N2/PPPP1PPP/RNBQ1RK1 w kq	1. e4 e5 2. Nf3 Nc6 3. Bb5 a6 4. Ba4 Nf6 5. O-O d5
C78	Ruy Lopez: Morphy Defense	9	r1bqkb1r/1ppp1ppp/p1n2n2/4p3/B3P3/5N2/PPPP1PPP/RNBQ1RK1 b kq	1. e4 e5 2. Nf3 Nc6 3. Bb5 a6 4. Ba4 Nf6 5. O-O
C78	Ruy Lopez: Morphy Defense	12	r1bqkb1r/2p2ppp/p1np1n2/1p2p3/4P3/1B3N2/PPPP1PPP/RNBQ1RK1 w kq	1. e4 e5 2. Nf3 Nc6 3. Bb5 a6 4. Ba4 Nf6 5. O-O b5 6. Bb3 d6
C78	Ruy Lopez: Morphy Defense, Arkhangelsk Variation	12	r2qkb1r/1bpp1ppp/p1n2n2/1p2p3/4P3/1B3N2/PPPP1PPP/RNBQ1RK1 w kq	1. e4 e5 2. Nf3 Nc6 3. Bb5 a6 4. Ba4 Nf6 5. O-O b5 6. Bb3 Bb7
C78	Ruy Lopez: Morphy Defense, Møller Variation	10	r1bqk2r/1ppp1ppp/p1n2n2/2b1p3/B3P3/5N2/PPPP1PPP/RNBQ1RK1 w kq	1. e4 e5 2. Nf3 Nc6 3. Bb5 a6 4. Ba4 Nf6 5. O-O Bc5
C78	Ruy Lopez: Morphy Defense, Neo-Arkhangelsk Variation	12	r1bqk2r/2pp1ppp/p1n2n2/1pb1p3/4P3/1B3N2/PPPP1PPP/RNBQ1RK1 w kq	1. e4 e5 2. Nf3 Nc6 3. Bb5 a6 4. Ba4 Nf6 5. O-O b5 6. Bb3 Bc5
C78	Ruy Lopez: Morphy Defense, Wing Attack	13	r1bqk2r/2ppbppp/p1n2n2/1p2p3/P3P3/1B3N2/1PPP1PPP/RNBQ1RK1 b kq	1. e4 e5 2. Nf3 Nc6 3. Bb5 a6 4. Ba4 Nf6 5. O-O b5 6. Bb3 Be7 7. a4
C78	Ruy Lopez: Rabinovich Variation	20	r1bq1k1r/2p2ppp/p4n2/1pbPR1N1/3n4/1B6/PPPP1PPP/RNBQ2K1 w -	1. e4 e5 2. Nf3 Nc6 3. Bb5 a6 4. Ba4 Nf6 5. O-O b5 6. Bb3 d6 7. Ng5 d5 8. exd5 Nd4 9. Re1 Bc5 10. Rxe5+ Kf8
C79	Ruy Lopez: Morphy Defense, Steinitz Deferred	10	r1bqkb1r/1pp2ppp/p1np1n2/4p3/B3P3/5N2/PPPP1PPP/RNBQ1RK1 w kq	1. e4 e5 2. Nf3 Nc6 3. Bb5 a6 4. Ba4 Nf6 5. O-O d6
C79	Ruy Lopez: Morphy Defense, Steinitz Deferred	14	r1bqkb1r/2p2ppp/p1pp4/4p3/3Pn3/5N2/PPP2PPP/RNBQ1RK1 w kq	1. e4 e5 2. Nf3 Nc6 3. Bb5 a6 4. Ba4 Nf6 5. O-O d6 6. Bxc6+ bxc6 7. d4 Nxe4
C79	Ruy Lopez: Steinitz Defense Deferred, Boleslavsky Variation	19	r1bqkb1r/2p3pp/p1p5/3pPp2/4n3/2N2N2/PPP2PPP/R1BQR1K1 b kq	1. e4 e5 2. Nf3 Nc6 3. Bb5 a6 4. Ba4 Nf6 5. O-O d6 6. Bxc6+ bxc6 7. d4 Nxe4 8. Re1 f5 9. dxe5 d5 10. Nc3
C79	Ruy Lopez: Steinitz Defense Deferred, Lipnitsky Variation	14	r2qkb1r/2p2ppp/p1pp1n2/4p3/3PP1b1/5N2/PPP2PPP/RNBQ1RK1 w kq	1. e4 e5 2. Nf3 Nc6 3. Bb5 a6 4. Ba4 Nf6 5. O-O d6 6. Bxc6+ bxc6 7. d4 Bg4
C80	Ruy Lopez: Morphy Defense, Tartakower Variation	11	r1bqkb1r/1ppp1ppp/p1n5/4p3/B3n3/5N2/PPPPQPPP/RNB2RK1 b kq	1. e4 e5 2. Nf3 Nc6 3. Bb5 a6 4. Ba4 Nf6 5. O-O Nxe4 6. Qe2
C80	Ruy Lopez: Open	10	r1bqkb1r/1ppp1ppp/p1n5/4p3/B3n3/5N2/PPPP1PPP/RNBQ1RK1 w kq	1. e4 e5 2. Nf3 Nc6 3. Bb5 a6 4. Ba4 Nf6 5. O-O Nxe4
C80	Ruy Lopez: Open	11	r1bqkb1r/1ppp1ppp/p1n5/4p3/B2Pn3/5N2/PPP2PPP/RNBQ1RK1 b kq	1. e4 e5 2. Nf3 Nc6 3. Bb5 a6 4. Ba4 Nf6 5. O-O Nxe4 6. d4
C80	Ruy Lopez: Open	13	r1bqkb1r/2pp1ppp/p1n5/1p2p3/3Pn3/1B3N2/PPP2PPP/RNBQ1RK1 b kq	1. e4 e5 2. Nf3 Nc6 3. Bb5 a6 4. Ba4 Nf6 5. O-O Nxe4 6. d4 b5 7. Bb3
C80	Ruy Lopez: Open	15	r1bqkb1r/2p2ppp/p1n5/1p1pP3/4n3/1B3N2/PPP2PPP/RNBQ1RK1 b kq	1. e4 e5 2. Nf3 Nc6 3. Bb5 a6 4. Ba4 Nf6 5. O-O Nxe4 6. d4 b5 7. Bb3 d5 8. dxe5
C80	Ruy Lopez: Open, Berger Variation	19	r1bqkb1r/2p2ppp/p7/1p1p4/P2pn3/1BN5/1PP2PPP/R1BQ1RK1 b kq	1. e4 e5 2. Nf3 Nc6 3. Bb5 a6 4. Ba4 Nf6 5. O-O Nxe4 6. d4 b5 7. Bb3 d5 8. a4 Nxd4 9. Nxd4 exd4 10. Nc3
C80	Ruy Lopez: Open, Bernstein Variation	17	r2qkb1r/2p2ppp/p1n1b3/1p1pP3/4n3/1B3N2/PPPN1PPP/R1BQ1RK1 b kq	1. e4 e5 2. Nf3 Nc6 3. Bb5 a6 4. Ba4 Nf6 5. O-O Nxe4 6. d4 b5 7. Bb3 d5 8. dxe5 Be6 9. Nbd2
C80	Ruy Lopez: Open, Bernstein Variation, Luther Line	19	r2qk2r/2p2ppp/p1n1b3/1pbpP3/4n3/1B3N2/PPPN1PPP/R1B1QRK1 b kq	1. e4 e5 2. Nf3 Nc6 3. Bb5 a6 4. Ba4 Nf6 5. O-O Nxe4 6. d4 b5 7. Bb3 d5 8. dxe5 Be6 9. Nbd2 Bc5 10. Qe1
C80	Ruy Lopez: Open, Friess Attack	13	r1bqkb1r/2pp1ppp/p1n5/1p2N3/B2Pn3/8/PPP2PPP/RNBQ1RK1 b kq	1. e4 e5 2. Nf3 Nc6 3. Bb5 a6 4. Ba4 Nf6 5. O-O Nxe4 6. d4 b5 7. Nxe5
C80	Ruy Lopez: Open, Harksen Gambit	15	r1bqkb1r/2p2ppp/p1n5/1p1pp3/2PPn3/1B3N2/PP3PPP/RNBQ1RK1 b kq	1. e4 e5 2. Nf3 Nc6 3. Bb5 a6 4. Ba4 Nf6 5. O-O Nxe4 6. d4 b5 7. Bb3 d5 8. c4
C80	Ruy Lopez: Open, Karpov Gambit	21	r2qkb1r/2p2ppp/p1n1b3/1pn1P1N1/3p4/1BP5/PP1N1PPP/R1BQ1RK1 b kq	1. e4 e5 2. Nf3 Nc6 3. Bb5 a6 4. Ba4 Nf6 5. O-O Nxe4 6. d4 b5 7. Bb3 d5 8. dxe5 Be6 9. Nbd2 Nc5 10. c3 d4 11. Ng5
C80	Ruy Lopez: Open, Knorre Variation	11	r1bqkb1r/1ppp1ppp/p1n5/4p3/B3n3/2N2N2/PPPP1PPP/R1BQ1RK1 b kq	1. e4 e5 2. Nf3 Nc6 3. Bb5 a6 4. Ba4 Nf6 5. O-O Nxe4 6. Nc3
C80	Ruy Lopez: Open, Main Line	16	r2qkb1r/2p2ppp/p1n1b3/1p1pP3/4n3/1B3N2/PPP2PPP/RNBQ1RK1 w kq	1. e4 e5 2. Nf3 Nc6 3. Bb5 a6 4. Ba4 Nf6 5. O-O Nxe4 6. d4 b5 7. Bb3 d5 8. dxe5 Be6
C80	Ruy Lopez: Open, Richter Variation	13	r1bqkb1r/2pp1ppp/p1n5/1p1Pp3/B3n3/5N2/PPP2PPP/RNBQ1RK1 b kq	1. e4 e5 2. Nf3 Nc6 3. Bb5 a6 4. Ba4 Nf6 5. O-O Nxe4 6. d4 b5 7. d5
C80	Ruy Lopez: Open, Riga Variation	12	r1bqkb1r/1ppp1ppp/p1n5/8/B2pn3/5N2/PPP2PPP/RNBQ1RK1 w kq	1. e4 e5 2. Nf3 Nc6 3. Bb5 a6 4. Ba4 Nf6 5. O-O Nxe4 6. d4 exd4
C80	Ruy Lopez: Open, Schlechter Defense	16	r1bqkb1r/2p2ppp/p7/1p1pp3/P2nn3/1B3N2/1PP2PPP/RNBQ1RK1 w kq	1. e4 e5 2. Nf3 Nc6 3. Bb5 a6 4. Ba4 Nf6 5. O-O Nxe4 6. d4 b5 7. Bb3 d5 8. a4 Nxd4
C80	Ruy Lopez: Open, Skipworth Gambit	12	r1bqkb1r/1pp2ppp/p1n5/3pp3/B3n3/5N2/PPPP1PPP/RNBQR1K1 w kq	1. e4 e5 2. Nf3 Nc6 3. Bb5 a6 4. Ba4 Nf6 5. O-O Nxe4 6. Re1 d5
C80	Ruy Lopez: Open, Zukertort Variation	16	r1bqkb1r/2p1nppp/p7/1p1pP3/4n3/1B3N2/PPP2PPP/RNBQ1RK1 w kq	1. e4 e5 2. Nf3 Nc6 3. Bb5 a6 4. Ba4 Nf6 5. O-O Nxe4 6. d4 b5 7. Bb3 d5 8. dxe5 Ne7
C81	Ruy Lopez: Open, Howell Attack	17	r2qkb1r/2p2ppp/p1n1b3/1p1pP3/4n3/1B3N2/PPP1QPPP/RNB2RK1 b kq	1. e4 e5 2. Nf3 Nc6 3. Bb5 a6 4. Ba4 Nf6 5. O-O Nxe4 6. d4 b5 7. Bb3 d5 8. dxe5 Be6 9. Qe2
C81	Ruy Lopez: Open, Howell Attack	19	r2qk2r/2p1bppp/p1n1b3/1p1pP3/2P1n3/1B3N2/PP2QPPP/RNB2RK1 b kq	1. e4 e5 2. Nf3 Nc6 3. Bb5 a6 4. Ba4 Nf6 5. O-O Nxe4 6. d4 b5 7. Bb3 d5 8. dxe5 Be6 9. Qe2 Be7 10. c4
C81	Ruy Lopez: Open, Howell Attack, Ekstrom Variation	24	r4rk1/2pqbppp/p1n1b3/3pP3/2B1n3/5N2/PP2QPPP/RNBR2K1 w -	1. e4 e5 2. Nf3 Nc6 3. Bb5 a6 4. Ba4 Nf6 5. O-O Nxe4 6. d4 b5 7. Bb3 d5 8. dxe5 Be6 9. Qe2 Be7 10. Rd1 O-O 11. c4 bxc4 12. Bxc4 Qd7
C82	Ruy Lopez: Open	17	r2qkb1r/2p2ppp/p1n1b3/1p1pP3/4n3/1BP2N2/PP3PPP/RNBQ1RK1 b kq	1. e4 e5 2. Nf3 Nc6 3. Bb5 a6 4. Ba4 Nf6 5. O-O Nxe4 6. d4 b5 7. Bb3 d5 8. dxe5 Be6 9. c3
C82	Ruy Lopez: Open, Berlin Variation	18	r2qkb1r/2p2ppp/p1n1b3/1pnpP3/8/1BP2N2/PP3PPP/RNBQ1RK1 w kq	1. e4 e5 2. Nf3 Nc6 3. Bb5 a6 4. Ba4 Nf6 5. O-O Nxe4 6. d4 b5 7. Bb3 d5 8. dxe5 Be6 9. c3 Nc5
C82	Ruy Lopez: Open, Dilworth Variation	22	r2q1rk1/2p2ppp/p1n1b3/1pbpP3/8/2P2N2/PPBN1nPP/R1BQ1RK1 w -	1. e4 e5 2. Nf3 Nc6 3. Bb5 a6 4. Ba4 Nf6 5. O-O Nxe4 6. d4 b5 7. Bb3 d5 8. dxe5 Be6 9. c3 Bc5 10. Nbd2 O-O 11. Bc2 Nxf2
C82	Ruy Lopez: Open, Italian Variation	18	r2qk2r/2p2ppp/p1n1b3/1pbpP3/4n3/1BP2N2/PP3PPP/RNBQ1RK1 w kq	1. e4 e5 2. Nf3 Nc6 3. Bb5 a6 4. Ba4 Nf6 5. O-O Nxe4 6. d4 b5 7. Bb3 d5 8. dxe5 Be6 9. c3 Bc5
C82	Ruy Lopez: Open, Motzko Attack	19	r2qk2r/2p2ppp/p1n1b3/1pbpP3/4n3/1BPQ1N2/PP3PPP/RNB2RK1 b kq	1. e4 e5 2. Nf3 Nc6 3. Bb5 a6 4. Ba4 Nf6 5. O-O Nxe4 6. d4 b5 7. Bb3 d5 8. dxe5 Be6 9. c3 Bc5 10. Qd3
C82	Ruy Lopez: Open, Motzko Attack, Nenarokov Variation	20	r2qk2r/2p1nppp/p3b3/1pbpP3/4n3/1BPQ1N2/PP3PPP/RNB2RK1 w kq	1. e4 e5 2. Nf3 Nc6 3. Bb5 a6 4. Ba4 Nf6 5. O-O Nxe4 6. d4 b5 7. Bb3 d5 8. dxe5 Be6 9. c3 Bc5 10. Qd3 Ne7
C82	Ruy Lopez: Open, St. Petersburg Variation	19	r2qk2r/2p2ppp/p1n1b3/1pbpP3/4n3/1BP2N2/PP1N1PPP/R1BQ1RK1 b kq	1. e4 e5 2. Nf3 Nc6 3. Bb5 a6 4. Ba4 Nf6 5. O-O Nxe4 6. d4 b5 7. Bb3 d5 8. dxe5 Be6 9. c3 Bc5 10. Nbd2
C83	Ruy Lopez: Open, Breslau Variation	22	r2q1rk1/2p1bppp/p3b3/1p1pn3/3Nn3/1BP5/PP3PPP/RNBQR1K1 w -	1. e4 e5 2. Nf3 Nc6 3. Bb5 a6 4. Ba4 Nf6 5. O-O Nxe4 6. d4 b5 7. Bb3 d5 8. dxe5 Be6 9. c3 Be7 10. Re1 O-O 11. Nd4 Nxe5
C83	Ruy Lopez: Open, Classical Defense	18	r2qk2r/2p1bppp/p1n1b3/1p1pP3/4n3/1BP2N2/PP3PPP/RNBQ1RK1 w kq	1. e4 e5 2. Nf3 Nc6 3. Bb5 a6 4. Ba4 Nf6 5. O-O Nxe4 6. d4 b5 7. Bb3 d5 8. dxe5 Be6 9. c3 Be7
C83	Ruy Lopez: Open, Classical Defense	20	r2qk2r/2p1bppp/p1n1b3/1pnpP3/8/1BP2N2/PP1N1PPP/R1BQ1RK1 w kq	1. e4 e5 2. Nf3 Nc6 3. Bb5 a6 4. Ba4 Nf6 5. O-O Nxe4 6. d4 b5 7. Bb3 d5 8. dxe5 Be6 9. Nbd2 Nc5 10. c3 Be7
C83	Ruy Lopez: Open, Classical Defense, Main Line	19	r2qk2r/2p1bppp/p1n1b3/1p1pP3/4n3/1BP2N2/PP3PPP/RNBQR1K1 b kq	1. e4 e5 2. Nf3 Nc6 3. Bb5 a6 4. Ba4 Nf6 5. O-O Nxe4 6. d4 Be7 7. Re1 b5 8. Bb3 d5 9. dxe5 Be6 10. c3
C83	Ruy Lopez: Open, Malkin Variation	21	r2q1rk1/2p1bppp/p1n1b3/1p1pP3/4n3/1BP2N2/PP1NQPPP/R1B2RK1 b -	1. e4 e5 2. Nf3 Nc6 3. Bb5 a6 4. Ba4 Nf6 5. O-O Nxe4 6. d4 b5 7. Bb3 d5 8. dxe5 Be6 9. c3 Be7 10. Nbd2 O-O 11. Qe2
C83	Ruy Lopez: Open, Tarrasch Trap	25	r4rk1/2pqb1pp/p1n1p3/1p1pP3/4R3/1BP5/PP3PPP/RNBQ2K1 b -	1. e4 e5 2. Nf3 Nc6 3. Bb5 a6 4. Ba4 Nf6 5. O-O Nxe4 6. d4 b5 7. Bb3 d5 8. dxe5 Be6 9. c3 Be7 10. Re1 O-O 11. Nd4 Qd7 12. Nxe6 fxe6 13. Rxe4
C84	Ruy Lopez: Closed	10	r1bqk2r/1pppbppp/p1n2n2/4p3/B3P3/5N2/PPPP1PPP/RNBQ1RK1 w kq	1. e4 e5 2. Nf3 Nc6 3. Bb5 a6 4. Ba4 Nf6 5. O-O Be7
C84	Ruy Lopez: Closed, Basque Gambit	15	r1bqk2r/1pppbppp/p1n5/4P3/B2pn3/2P2N2/PP3PPP/RNBQ1RK1 b kq	1. e4 e5 2. Nf3 Nc6 3. Bb5 a6 4. Ba4 Nf6 5. O-O Be7 6. d4 exd4 7. e5 Ne4 8. c3
C84	Ruy Lopez: Closed, Center Attack	11	r1bqk2r/1pppbppp/p1n2n2/4p3/B2PP3/5N2/PPP2PPP/RNBQ1RK1 b kq	1. e4 e5 2. Nf3 Nc6 3. Bb5 a6 4. Ba4 Nf6 5. O-O Be7 6. d4
C84	Ruy Lopez: Closed, Center Attack, Basque Gambit	16	r1bqk2r/1pppbppp/p1n5/4P3/B3n3/2p2N2/PP3PPP/RNBQ1RK1 w kq	1. e4 e5 2. Nf3 Nc6 3. Bb5 a6 4. Ba4 Nf6 5. O-O Be7 6. d4 exd4 7. e5 Ne4 8. c3 dxc3
C84	Ruy Lopez: Closed, Martinez Variation	11	r1bqk2r/1pppbppp/p1n2n2/4p3/B3P3/3P1N2/PPP2PPP/RNBQ1RK1 b kq	1. e4 e5 2. Nf3 Nc6 3. Bb5 a6 4. Ba4 Nf6 5. O-O Be7 6. d3
C84	Ruy Lopez: Closed, Morphy Attack	11	r1bqk2r/1pppbppp/p1n2n2/4p3/B3P3/2N2N2/PPPP1PPP/R1BQ1RK1 b kq	1. e4 e5 2. Nf3 Nc6 3. Bb5 a6 4. Ba4 Nf6 5. O-O Be7 6. Nc3
C85	Ruy Lopez: Closed, Delayed Exchange	11	r1bqk2r/1pppbppp/p1B2n2/4p3/4P3/5N2/PPPP1PPP/RNBQ1RK1 b kq	1. e4 e5 2. Nf3 Nc6 3. Bb5 a6 4. Ba4 Nf6 5. O-O Be7 6. Bxc6
C86	Ruy Lopez: Closed, Worrall Attack	11	r1bqk2r/1pppbppp/p1n2n2/4p3/B3P3/5N2/PPPPQPPP/RNB2RK1 b kq	1. e4 e5 2. Nf3 Nc6 3. Bb5 a6 4. Ba4 Nf6 5. O-O Be7 6. Qe2
C86	Ruy Lopez: Closed, Worrall Attack, Castling Line	14	r1bq1rk1/2ppbppp/p1n2n2/1p2p3/4P3/1B3N2/PPPPQPPP/RNB2RK1 w -	1. e4 e5 2. Nf3 Nc6 3. Bb5 a6 4. Ba4 Nf6 5. O-O Be7 6. Qe2 b5 7. Bb3 O-O
C86	Ruy Lopez: Closed, Worrall Attack, Castling Line	17	r1bq1rk1/2p1bppp/p1n2n2/1p1pp3/4P3/1BPP1N2/PP2QPPP/RNB2RK1 b -	1. e4 e5 2. Nf3 Nc6 3. Bb5 a6 4. Ba4 Nf6 5. Qe2 Be7 6. O-O b5 7. Bb3 O-O 8. c3 d5 9. d3
C86	Ruy Lopez: Closed, Worrall Attack, Delayed Castling Line	14	r1bqk2r/2p1bppp/p1np1n2/1p2p3/4P3/1B3N2/PPPPQPPP/RNB2RK1 w kq	1. e4 e5 2. Nf3 Nc6 3. Bb5 a6 4. Ba4 Nf6 5. O-O Be7 6. Qe2 b5 7. Bb3 d6
C87	Ruy Lopez: Closed, Averbakh Variation	12	r1bqk2r/1pp1bppp/p1np1n2/4p3/B3P3/5N2/PPPP1PPP/RNBQR1K1 w kq	1. e4 e5 2. Nf3 Nc6 3. Bb5 a6 4. Ba4 Nf6 5. O-O Be7 6. Re1 d6
C88	Ruy Lopez: Closed	13	r1bqk2r/2ppbppp/p1n2n2/1p2p3/4P3/1B3N2/PPPP1PPP/RNBQR1K1 b kq	1. e4 e5 2. Nf3 Nc6 3. Bb5 a6 4. Ba4 Nf6 5. O-O Be7 6. Re1 b5 7. Bb3
C88	Ruy Lopez: Closed	14	r1bq1rk1/2ppbppp/p1n2n2/1p2p3/4P3/1B3N2/PPPP1PPP/RNBQR1K1 w -	1. e4 e5 2. Nf3 Nc6 3. Bb5 a6 4. Ba4 Nf6 5. O-O Be7 6. Re1 b5 7. Bb3 O-O
C88	Ruy Lopez: Closed, Alekhine Gambit	27	r4rk1/2q1bppp/p2p1n2/npp1p3/3PP3/2P1NQ2/PPB2PPP/R1B1R1K1 b -	1. e4 e5 2. Nf3 Nc6 3. Bb5 a6 4. Ba4 Nf6 5. O-O Be7 6. Re1 b5 7. Bb3 d6 8. c3 Na5 9. Bc2 c5 10. d4 Qc7 11. Nbd2 O-O 12. Nf1 Bg4 13. Ne3 Bxf3 14. Qxf3
C88	Ruy Lopez: Closed, Anti-Marshall	15	r1bq1rk1/2ppbppp/p1n2n2/1p2p3/P3P3/1B3N2/1PPP1PPP/RNBQR1K1 b -	1. e4 e5 2. Nf3 Nc6 3. Bb5 a6 4. Ba4 Nf6 5. O-O Be7 6. Re1 b5 7. Bb3 O-O 8. a4
C88	Ruy Lopez: Closed, Balla Variation	21	r1b1k2r/2q1bppp/p2p1n2/npp1p3/P2PP3/2P2N2/1PB2PPP/RNBQR1K1 b kq	1. e4 e5 2. Nf3 Nc6 3. Bb5 a6 4. Ba4 Nf6 5. O-O Be7 6. Re1 b5 7. Bb3 d6 8. c3 Na5 9. Bc2 c5 10. d4 Qc7 11. a4
C88	Ruy Lopez: Closed, Leonhardt Variation	26	rnb1k2r/2q1bp1p/p2p1n2/1ppPp1p1/4P3/2P2N1P/PPBN1PP1/R1BQR1K1 w kq	1. e4 e5 2. Nf3 Nc6 3. Bb5 a6 4. Ba4 Nf6 5. O-O Be7 6. Re1 b5 7. Bb3 d6 8. c3 Na5 9. Bc2 c5 10. d4 Qc7 11. h3 Nc6 12. d5 Nb8 13. Nbd2 g5
C88	Ruy Lopez: Closed, Rosen Attack	15	r1bqk2r/2p1bppp/p1np1n2/1p2p3/3PP3/1B3N2/PPP2PPP/RNBQR1K1 b kq	1. e4 e5 2. Nf3 Nc6 3. Bb5 a6 4. Ba4 Nf6 5. O-O Be7 6. Re1 b5 7. Bb3 d6 8. d4
C88	Ruy Lopez: Closed, Trajkovic Counterattack	14	r2qk2r/1bppbppp/p1n2n2/1p2p3/4P3/1B3N2/PPPP1PPP/RNBQR1K1 w kq	1. e4 e5 2. Nf3 Nc6 3. Bb5 a6 4. Ba4 Nf6 5. O-O Be7 6. Re1 b5 7. Bb3 Bb7
C88	Ruy Lopez: Noah's Ark Trap	20	r1bqk2r/4bppp/p2p1n2/1pp5/3QP3/1B6/PPP2PPP/RNB1R1K1 w kq	1. e4 e5 2. Nf3 Nc6 3. Bb5 a6 4. Ba4 Nf6 5. O-O Be7 6. Re1 b5 7. Bb3 d6 8. d4 Nxd4 9. Nxd4 exd4 10. Qxd4 c5
C89	Ruy Lopez: Marshall Attack	16	r1bq1rk1/2p1bppp/p1n2n2/1p1pp3/4P3/1BP2N2/PP1P1PPP/RNBQR1K1 w -	1. e4 e5 2. Nf3 Nc6 3. Bb5 a6 4. Ba4 Nf6 5. O-O Be7 6. Re1 b5 7. Bb3 O-O 8. c3 d5
C89	Ruy Lopez: Marshall Attack	20	r2q1rk1/1bp1bppp/p1n5/1p1np3/P7/1BP2N2/1P1P1PPP/RNBQR1K1 w -	1. e4 e5 2. Nf3 Nc6 3. Bb5 a6 4. Ba4 Nf6 5. O-O Be7 6. Re1 b5 7. Bb3 O-O 8. c3 d5 9. exd5 Nxd5 10. a4 Bb7
C89	Ruy Lopez: Marshall Attack, Main Line	23	r1bq1rk1/4bppp/p1p5/1p1nR3/3P4/1BP5/PP3PPP/RNBQ2K1 b -	1. e4 e5 2. Nf3 Nc6 3. Bb5 a6 4. Ba4 Nf6 5. O-O Be7 6. Re1 b5 7. Bb3 O-O 8. c3 d5 9. exd5 Nxd5 10. Nxe5 Nxe5 11. Rxe5 c6 12. d4
C89	Ruy Lopez: Marshall Attack, Main Line, Spassky Variation	36	5rk1/5ppp/p1pbr3/1p1n3q/P2P2b1/1BPQB1P1/1P1N1P1P/R3R1K1 w -	1. e4 e5 2. Nf3 Nc6 3. Bb5 a6 4. Ba4 Nf6 5. O-O Be7 6. Re1 b5 7. Bb3 O-O 8. c3 d5 9. exd5 Nxd5 10. Nxe5 Nxe5 11. Rxe5 c6 12. d4 Bd6 13. Re1 Qh4 14. g3 Qh3 15. Be3 Bg4 16. Qd3 Rae8 17. Nd2 Re6 18. a4 Qh5
C89	Ruy Lopez: Marshall Attack, Modern Main Line	28	r1b2rk1/5ppp/p1pb4/1p1n4/3P4/1BP3Pq/PP3P1P/RNBQR1K1 w -	1. e4 e5 2. Nf3 Nc6 3. Bb5 a6 4. Ba4 Nf6 5. O-O Be7 6. Re1 b5 7. Bb3 O-O 8. c3 d5 9. exd5 Nxd5 10. Nxe5 Nxe5 11. Rxe5 c6 12. d4 Bd6 13. Re1 Qh4 14. g3 Qh3
C89	Ruy Lopez: Marshall Attack, Modern Variation	22	r1bq1rk1/4bppp/p1p5/1p1nR3/8/1BP5/PP1P1PPP/RNBQ2K1 w -	1. e4 e5 2. Nf3 Nc6 3. Bb5 a6 4. Ba4 Nf6 5. O-O Be7 6. Re1 b5 7. Bb3 O-O 8. c3 d5 9. exd5 Nxd5 10. Nxe5 Nxe5 11. Rxe5 c6
C89	Ruy Lopez: Marshall Attack, Original Marshall Attack	22	r1bq1rk1/2p1bppp/p4n2/1p2R3/8/1BP5/PP1P1PPP/RNBQ2K1 w -	1. e4 e5 2. Nf3 Nc6 3. Bb5 a6 4. Ba4 Nf6 5. O-O Be7 6. Re1 b5 7. Bb3 O-O 8. c3 d5 9. exd5 Nxd5 10. Nxe5 Nxe5 11. Rxe5 Nf6
C89	Ruy Lopez: Marshall Attack, Re3 Variation	27	r1bq1rk1/5ppp/p2b4/1p1p4/3P4/2P1R3/PP3PPP/RNBQ2K1 b -	1. e4 e5 2. Nf3 Nc6 3. Bb5 a6 4. Ba4 Nf6 5. O-O Be7 6. Re1 b5 7. Bb3 O-O 8. c3 d5 9. exd5 Nxd5 10. Nxe5 Nxe5 11. Rxe5 c6 12. Bxd5 cxd5 13. d4 Bd6 14. Re3
C89	Ruy Lopez: Marshall Attack, Steiner Variation	18	r1bq1rk1/2p1bppp/p1n2n2/1p1P4/4p3/1BP2N2/PP1P1PPP/RNBQR1K1 w -	1. e4 e5 2. Nf3 Nc6 3. Bb5 a6 4. Ba4 Nf6 5. O-O Be7 6. Re1 b5 7. Bb3 O-O 8. c3 d5 9. exd5 e4
C90	Ruy Lopez: Closed	16	r1bq1rk1/2p1bppp/p1np1n2/1p2p3/4P3/1BP2N2/PP1P1PPP/RNBQR1K1 w -	1. e4 e5 2. Nf3 Nc6 3. Bb5 a6 4. Ba4 Nf6 5. O-O Be7 6. Re1 b5 7. Bb3 d6 8. c3 O-O
C90	Ruy Lopez: Closed, Lutikov Variation	17	r1bq1rk1/2p1bppp/p1np1n2/1p2p3/4P3/2P2N2/PPBP1PPP/RNBQR1K1 b -	1. e4 e5 2. Nf3 Nc6 3. Bb5 a6 4. Ba4 Nf6 5. O-O Be7 6. Re1 b5 7. Bb3 d6 8. c3 O-O 9. Bc2
C90	Ruy Lopez: Closed, Pilnik Variation	17	r1bq1rk1/2p1bppp/p1np1n2/1p2p3/4P3/1BPP1N2/PP3PPP/RNBQR1K1 b -	1. e4 e5 2. Nf3 Nc6 3. Bb5 a6 4. Ba4 Nf6 5. O-O Be7 6. Re1 b5 7. Bb3 O-O 8. d3 d6 9. c3
C90	Ruy Lopez: Closed, Suetin Variation	17	r1bq1rk1/2p1bppp/p1np1n2/1p2p3/4P3/PBP2N2/1P1P1PPP/RNBQR1K1 b -	1. e4 e5 2. Nf3 Nc6 3. Bb5 a6 4. Ba4 Nf6 5. O-O Be7 6. Re1 b5 7. Bb3 d6 8. c3 O-O 9. a3
C91	Ruy Lopez: Closed, Bogoljubow Variation	18	r2q1rk1/2p1bppp/p1np1n2/1p2p3/3PP1b1/1BP2N2/PP3PPP/RNBQR1K1 w -	1. e4 e5 2. Nf3 Nc6 3. Bb5 a6 4. Ba4 Nf6 5. O-O Be7 6. Re1 b5 7. Bb3 d6 8. c3 O-O 9. d4 Bg4
C91	Ruy Lopez: Closed, Yates Variation	17	r1bq1rk1/2p1bppp/p1np1n2/1p2p3/3PP3/1BP2N2/PP3PPP/RNBQR1K1 b -	1. e4 e5 2. Nf3 Nc6 3. Bb5 a6 4. Ba4 Nf6 5. O-O Be7 6. Re1 b5 7. Bb3 d6 8. c3 O-O 9. d4
C91	Ruy Lopez: Closed, Yates Variation, Short Attack	19	r2q1rk1/2p1bppp/p1np1n2/1p2p3/P2PP1b1/1BP2N2/1P3PPP/RNBQR1K1 b -	1. e4 e5 2. Nf3 Nc6 3. Bb5 a6 4. Ba4 Nf6 5. O-O Be7 6. Re1 b5 7. Bb3 d6 8. c3 O-O 9. d4 Bg4 10. a4
C92	Ruy Lopez: Closed	17	r1bq1rk1/2p1bppp/p1np1n2/1p2p3/4P3/1BP2N1P/PP1P1PP1/RNBQR1K1 b -	1. e4 e5 2. Nf3 Nc6 3. Bb5 a6 4. Ba4 Nf6 5. O-O Be7 6. Re1 b5 7. Bb3 d6 8. c3 O-O 9. h3
C92	Ruy Lopez: Closed, Flohr System	18	r2q1rk1/1bp1bppp/p1np1n2/1p2p3/4P3/1BP2N1P/PP1P1PP1/RNBQR1K1 w -	1. e4 e5 2. Nf3 Nc6 3. Bb5 a6 4. Ba4 Nf6 5. O-O Be7 6. Re1 b5 7. Bb3 d6 8. c3 O-O 9. h3 Bb7
C92	Ruy Lopez: Closed, Karpov Variation	18	r1bq1rk1/2pnbppp/p1np4/1p2p3/4P3/1BP2N1P/PP1P1PP1/RNBQR1K1 w -	1. e4 e5 2. Nf3 Nc6 3. Bb5 a6 4. Ba4 Nf6 5. O-O Be7 6. Re1 b5 7. Bb3 d6 8. c3 O-O 9. h3 Nd7
C92	Ruy Lopez: Closed, Kholmov Variation	18	r2q1rk1/2p1bppp/p1npbn2/1p2p3/4P3/1BP2N1P/PP1P1PP1/RNBQR1K1 w -	1. e4 e5 2. Nf3 Nc6 3. Bb5 a6 4. Ba4 Nf6 5. O-O Be7 6. Re1 b5 7. Bb3 d6 8. c3 O-O 9. h3 Be6
C92	Ruy Lopez: Closed, Smyslov-Breyer-Zaitsev Hybrid	24	r2qrbk1/1bp2pp1/p1np1n1p/1p2p3/3PP3/PBP2N1P/1P1N1PP1/R1BQR1K1 w -	1. e4 e5 2. Nf3 Nc6 3. Bb5 a6 4. Ba4 Nf6 5. O-O Be7 6. Re1 b5 7. Bb3 d6 8. c3 O-O 9. h3 Bb7 10. d4 Re8 11. Nbd2 Bf8 12. a3 h6
C92	Ruy Lopez: Closed, Zaitsev System	18	r1bqr1k1/2p1bppp/p1np1n2/1p2p3/4P3/1BP2N1P/PP1P1PP1/RNBQR1K1 w -	1. e4 e5 2. Nf3 Nc6 3. Bb5 a6 4. Ba4 Nf6 5. O-O Be7 6. Re1 b5 7. Bb3 d6 8. c3 O-O 9. h3 Re8
C93	Ruy Lopez: Closed, Smyslov Defense	18	r1bq1rk1/2p1bpp1/p1np1n1p/1p2p3/4P3/1BP2N1P/PP1P1PP1/RNBQR1K1 w -	1. e4 e5 2. Nf3 Nc6 3. Bb5 a6 4. Ba4 Nf6 5. O-O Be7 6. Re1 b5 7. Bb3 d6 8. c3 O-O 9. h3 h6
C94	Ruy Lopez: Closed, Breyer Defense	18	rnbq1rk1/2p1bppp/p2p1n2/1p2p3/4P3/1BP2N1P/PP1P1PP1/RNBQR1K1 w -	1. e4 e5 2. Nf3 Nc6 3. Bb5 a6 4. Ba4 Nf6 5. O-O Be7 6. Re1 b5 7. Bb3 d6 8. c3 O-O 9. h3 Nb8
C94	Ruy Lopez: Closed, Breyer Defense, Quiet Variation	19	rnbq1rk1/2p1bppp/p2p1n2/1p2p3/4P3/1BPP1N1P/PP3PP1/RNBQR1K1 b -	1. e4 e5 2. Nf3 Nc6 3. Bb5 a6 4. Ba4 Nf6 5. O-O Be7 6. Re1 b5 7. Bb3 d6 8. c3 O-O 9. h3 Nb8 10. d3
C95	Ruy Lopez: Closed, Breyer	19	rnbq1rk1/2p1bppp/p2p1n2/1p2p3/3PP3/1BP2N1P/PP3PP1/RNBQR1K1 b -	1. e4 e5 2. Nf3 Nc6 3. Bb5 a6 4. Ba4 Nf6 5. O-O Be7 6. Re1 b5 7. Bb3 d6 8. c3 O-O 9. h3 Nb8 10. d4
C95	Ruy Lopez: Closed, Breyer Defense	24	r2q1rk1/1b1nbppp/p2p1n2/1pp1p3/3PP3/2P2N1P/PPBN1PP1/R1BQR1K1 w -	1. e4 e5 2. Nf3 Nc6 3. Bb5 a6 4. Ba4 Nf6 5. O-O Be7 6. Re1 b5 7. Bb3 d6 8. c3 O-O 9. h3 Nb8 10. d4 Nbd7 11. Nbd2 Bb7 12. Bc2 c5
C95	Ruy Lopez: Closed, Breyer Defense	21	r1bq1rk1/2pnbppp/p2p1n2/1p2p3/3PP2N/1BP4P/PP3PP1/RNBQR1K1 b -	1. e4 e5 2. Nf3 Nc6 3. Bb5 a6 4. Ba4 Nf6 5. O-O Be7 6. Re1 b5 7. Bb3 d6 8. c3 O-O 9. h3 Nb8 10. d4 Nbd7 11. Nh4
C95	Ruy Lopez: Closed, Breyer Defense, Zaitsev Hybrid	20	r1bq1rk1/2pnbppp/p2p1n2/1p2p3/3PP3/1BP2N1P/PP3PP1/RNBQR1K1 w -	1. e4 e5 2. Nf3 Nc6 3. Bb5 a6 4. Ba4 Nf6 5. O-O Be7 6. Re1 b5 7. Bb3 d6 8. c3 O-O 9. h3 Nb8 10. d4 Nbd7
C96	Ruy Lopez: Closed, Borisenko Variation	22	r1bq1rk1/4bppp/p1np1n2/1pp1p3/3PP3/2P2N1P/PPB2PP1/RNBQR1K1 w -	1. e4 e5 2. Nf3 Nc6 3. Bb5 a6 4. Ba4 Nf6 5. O-O Be7 6. Re1 b5 7. Bb3 d6 8. c3 O-O 9. h3 Na5 10. Bc2 c5 11. d4 Nc6
C96	Ruy Lopez: Closed, Chigorin Defense	19	r1bq1rk1/2p1bppp/p2p1n2/np2p3/4P3/2P2N1P/PPBP1PP1/RNBQR1K1 b -	1. e4 e5 2. Nf3 Nc6 3. Bb5 a6 4. Ba4 Nf6 5. O-O Be7 6. Re1 b5 7. Bb3 d6 8. c3 O-O 9. h3 Na5 10. Bc2
C96	Ruy Lopez: Closed, Chigorin Defense	20	r1bq1rk1/4bppp/p2p1n2/npp1p3/4P3/2P2N1P/PPBP1PP1/RNBQR1K1 w -	1. e4 e5 2. Nf3 Nc6 3. Bb5 a6 4. Ba4 Nf6 5. O-O Be7 6. Re1 b5 7. Bb3 d6 8. c3 O-O 9. h3 Na5 10. Bc2 c5
C96	Ruy Lopez: Closed, Chigorin Defense, Gajewski Gambit	20	r1bq1rk1/2p1bppp/p4n2/np1pp3/4P3/2P2N1P/PPBP1PP1/RNBQR1K1 w -	1. e4 e5 2. Nf3 Nc6 3. Bb5 a6 4. Ba4 Nf6 5. O-O Be7 6. Re1 b5 7. Bb3 d6 8. c3 O-O 9. h3 Na5 10. Bc2 d5
C96	Ruy Lopez: Closed, Keres Defense	22	r1bq1rk1/3nbppp/p2p4/npp1p3/3PP3/2P2N1P/PPB2PP1/RNBQR1K1 w -	1. e4 e5 2. Nf3 Nc6 3. Bb5 a6 4. Ba4 Nf6 5. O-O Be7 6. Re1 b5 7. Bb3 d6 8. c3 O-O 9. h3 Na5 10. Bc2 c5 11. d4 Nd7
C96	Ruy Lopez: Closed, Rossolimo Defense	22	r1b2rk1/2q1bppp/p1pp1n2/np2p3/3PP3/2P2N1P/PPB2PP1/RNBQR1K1 w -	1. e4 e5 2. Nf3 Nc6 3. Bb5 a6 4. Ba4 Nf6 5. O-O Be7 6. Re1 b5 7. Bb3 d6 8. c3 O-O 9. h3 Na5 10. Bc2 c6 11. d4 Qc7
C97	Ruy Lopez: Closed, Chigorin Defense	18	r1bq1rk1/2p1bppp/p2p1n2/np2p3/4P3/1BP2N1P/PP1P1PP1/RNBQR1K1 w -	1. e4 e5 2. Nf3 Nc6 3. Bb5 a6 4. Ba4 Nf6 5. O-O Be7 6. Re1 b5 7. Bb3 d6 8. c3 O-O 9. h3 Na5
C97	Ruy Lopez: Closed, Chigorin Defense	22	r1b2rk1/2q1bppp/p2p1n2/npp1p3/3PP3/2P2N1P/PPB2PP1/RNBQR1K1 w -	1. e4 e5 2. Nf3 Nc6 3. Bb5 a6 4. Ba4 Nf6 5. O-O Be7 6. Re1 b5 7. Bb3 d6 8. c3 O-O 9. h3 Na5 10. Bc2 c5 11. d4 Qc7
C97	Ruy Lopez: Closed, Chigorin, Yugoslav System	28	r3r1k1/2qbbp1p/p2p1np1/npp1p3/3PP3/2P1NN1P/PPB2PP1/R1BQR1K1 w -	1. e4 e5 2. Nf3 Nc6 3. Bb5 a6 4. Ba4 Nf6 5. O-O Be7 6. Re1 b5 7. Bb3 d6 8. c3 O-O 9. h3 Na5 10. Bc2 c5 11. d4 Qc7 12. Nbd2 Bd7 13. Nf1 Rfe8 14. Ne3 g6
C98	Ruy Lopez: Closed, Chigorin Defense	24	r1b2rk1/2q1bppp/p1np1n2/1pp1p3/3PP3/2P2N1P/PPBN1PP1/R1BQR1K1 w -	1. e4 e5 2. Nf3 Nc6 3. Bb5 a6 4. Ba4 Nf6 5. O-O Be7 6. Re1 b5 7. Bb3 d6 8. c3 O-O 9. h3 Na5 10. Bc2 c5 11. d4 Qc7 12. Nbd2 Nc6
C98	Ruy Lopez: Closed, Chigorin Defense	25	r1b2rk1/2q1bppp/p1np1n2/1pP1p3/4P3/2P2N1P/PPBN1PP1/R1BQR1K1 b -	1. e4 e5 2. Nf3 Nc6 3. Bb5 a6 4. Ba4 Nf6 5. O-O Be7 6. Re1 b5 7. Bb3 d6 8. c3 O-O 9. h3 Na5 10. Bc2 c5 11. d4 Qc7 12. Nbd2 Nc6 13. dxc5
C99	Ruy Lopez: Closed, Chigorin Defense, Panov System	25	r1b2rk1/2q1bppp/p2p1n2/np2p3/3PP3/5N1P/PPBN1PP1/R1BQR1K1 b -	1. e4 e5 2. Nf3 Nc6 3. Bb5 a6 4. Ba4 Nf6 5. O-O Be7 6. Re1 b5 7. Bb3 d6 8. c3 O-O 9. h3 Na5 10. Bc2 c5 11. d4 Qc7 12. Nbd2 cxd4 13. cxd4
D00	Amazon Attack	3	rnbqkbnr/ppp1pppp/8/3p4/3P4/3Q4/PPP1PPPP/RNB1KBNR b KQkq	1. d4 d5 2. Qd3
D00	Blackmar-Diemer Gambit	3	rnbqkbnr/ppp1pppp/8/3p4/3PP3/8/PPP2PPP/RNBQKBNR b KQkq	1. d4 d5 2. e4
D00	Blackmar-Diemer Gambit	6	rnbqkb1r/ppp1pppp/5n2/8/3Pp3/2N5/PPP2PPP/R1BQKBNR w KQkq	1. d4 d5 2. e4 dxe4 3. Nc3 Nf6
D00	Blackmar-Diemer Gambit Accepted	8	rnbqkb1r/ppp1pppp/5n2/8/3P4/2N2p2/PPP3PP/R1BQKBNR w KQkq	1. d4 d5 2. e4 dxe4 3. Nc3 Nf6 4. f3 exf3
D00	Blackmar-Diemer Gambit Accepted: Bogoljubow Defense	10	rnbqkb1r/ppp1pp1p/5np1/8/3P4/2N2N2/PPP3PP/R1BQKB1R w KQkq	1. d4 d5 2. e4 dxe4 3. Nc3 Nf6 4. f3 exf3 5. Nxf3 g6
D00	Blackmar-Diemer Gambit Accepted: Bogoljubow Defense, Kloss Attack	15	rnbq1rk1/ppp1ppbp/5np1/8/2BP4/2N2N2/PPP3PP/R1BQ1R1K b -	1. d4 d5 2. e4 dxe4 3. Nc3 Nf6 4. f3 exf3 5. Nxf3 g6 6. Bc4 Bg7 7. O-O O-O 8. Kh1
D00	Blackmar-Diemer Gambit Accepted: Bogoljubow Defense, Mad Dog Attack	13	rnbqk2r/ppp1ppbp/5np1/8/2BP3P/2N2N2/PPP3P1/R1BQK2R b KQkq	1. d4 d5 2. e4 dxe4 3. Nc3 Nf6 4. f3 exf3 5. Nxf3 g6 6. Bc4 Bg7 7. h4
D00	Blackmar-Diemer Gambit Accepted: Bogoljubow Defense, Nimzowitsch Attack	13	rnbqk2r/ppp1ppbp/5np1/4N3/2BP4/2N5/PPP3PP/R1BQK2R b KQkq	1. d4 d5 2. e4 dxe4 3. Nc3 Nf6 4. f3 exf3 5. Nxf3 g6 6. Bc4 Bg7 7. Ne5
D00	Blackmar-Diemer Gambit Accepted: Bogoljubow Defense, Studier Attack	15	rnbq1rk1/ppp1ppbp/5np1/8/2BP4/2N2N2/PPP3PP/R1B1QRK1 b -	1. d4 d5 2. e4 dxe4 3. Nc3 Nf6 4. f3 exf3 5. Nxf3 g6 6. Bc4 Bg7 7. O-O O-O 8. Qe1
D00	Blackmar-Diemer Gambit Accepted: Euwe Defense	10	rnbqkb1r/ppp2ppp/4pn2/8/3P4/2N2N2/PPP3PP/R1BQKB1R w KQkq	1. d4 d5 2. e4 dxe4 3. Nc3 Nf6 4. f3 exf3 5. Nxf3 e6
D00	Blackmar-Diemer Gambit Accepted: Euwe Defense, Duthilleul Gambit	11	rnbqkb1r/ppp2ppp/4pn2/8/3P4/2NB1N2/PPP3PP/R1BQK2R b KQkq	1. d4 d5 2. e4 dxe4 3. Nc3 Nf6 4. f3 exf3 5. Nxf3 e6 6. Bd3
D00	Blackmar-Diemer Gambit Accepted: Euwe Defense, Zilbermints Gambit	17	r1bqk2r/ppp1bppp/4pn2/6B1/3n4/2NB1N2/PPP3PP/R2Q1R1K b kq	1. d4 d5 2. e4 dxe4 3. Nc3 Nf6 4. f3 exf3 5. Nxf3 e6 6. Bg5 Be7 7. Bd3 Nc6 8. O-O Nxd4 9. Kh1
D00	Blackmar-Diemer Gambit Accepted: Gunderam Defense	10	rn1qkb1r/ppp1pppp/5n2/5b2/3P4/2N2N2/PPP3PP/R1BQKB1R w KQkq	1. d4 d5 2. e4 dxe4 3. Nc3 Nf6 4. f3 exf3 5. Nxf3 Bf5
D00	Blackmar-Diemer Gambit Accepted: Gunderam Defense, Stader Variation	14	rn1qkb1r/ppp2ppp/4pn2/4N3/3Pb1P1/2N5/PPP4P/R1BQKB1R w KQkq	1. d4 d5 2. e4 dxe4 3. Nc3 Nf6 4. f3 exf3 5. Nxf3 Bf5 6. Ne5 e6 7. g4 Be4
D00	Blackmar-Diemer Gambit Accepted: Holwell Defense	10	rnb1kb1r/ppp1pppp/3q1n2/8/3P4/2N2N2/PPP3PP/R1BQKB1R w KQkq	1. d4 d5 2. e4 dxe4 3. Nc3 Nf6 4. f3 exf3 5. Nxf3 Qd6
D00	Blackmar-Diemer Gambit Accepted: Kaulich Defense	10	rnbqkb1r/pp2pppp/5n2/2p5/3P4/2N2N2/PPP3PP/R1BQKB1R w KQkq	1. d4 d5 2. e4 dxe4 3. Nc3 Nf6 4. f3 exf3 5. Nxf3 c5
D00	Blackmar-Diemer Gambit Accepted: Pietrowsky Defense	10	r1bqkb1r/ppp1pppp/2n2n2/8/3P4/2N2N2/PPP3PP/R1BQKB1R w KQkq	1. d4 d5 2. e4 dxe4 3. Nc3 Nf6 4. f3 exf3 5. Nxf3 Nc6
D00	Blackmar-Diemer Gambit Accepted: Ritter Defense	10	rnbqkb1r/p1p1pppp/1p3n2/8/3P4/2N2N2/PPP3PP/R1BQKB1R w KQkq	1. d4 d5 2. e4 dxe4 3. Nc3 Nf6 4. f3 exf3 5. Nxf3 b6
D00	Blackmar-Diemer Gambit Accepted: Ryder Gambit	9	rnbqkb1r/ppp1pppp/5n2/8/3P4/2N2Q2/PPP3PP/R1B1KBNR b KQkq	1. d4 d5 2. e4 dxe4 3. Nc3 Nf6 4. f3 exf3 5. Qxf3
D00	Blackmar-Diemer Gambit Accepted: Schlutter Defense	10	r1bqkb1r/pppnpppp/5n2/8/3P4/2N2N2/PPP3PP/R1BQKB1R w KQkq	1. d4 d5 2. e4 dxe4 3. Nc3 Nf6 4. f3 exf3 5. Nxf3 Nbd7
D00	Blackmar-Diemer Gambit Accepted: Teichmann Defense	10	rn1qkb1r/ppp1pppp/5n2/8/3P2b1/2N2N2/PPP3PP/R1BQKB1R w KQkq	1. d4 d5 2. e4 dxe4 3. Nc3 Nf6 4. f3 exf3 5. Nxf3 Bg4
D00	Blackmar-Diemer Gambit Accepted: Teichmann Defense, Ciesielski Variation	15	rn1qkb1r/pp2pppp/2p2n2/8/3P4/2N4P/PPP2QP1/R1B1KB1R b KQkq	1. d4 d5 2. e4 dxe4 3. Nc3 Nf6 4. f3 exf3 5. Nxf3 Bg4 6. h3 Bxf3 7. Qxf3 c6 8. Qf2
D00	Blackmar-Diemer Gambit Accepted: Teichmann Defense, Classical Variation	15	rn1qkb1r/pp2pppp/2p2n2/8/3P4/2N1BQ1P/PPP3P1/R3KB1R b KQkq	1. d4 d5 2. e4 dxe4 3. Nc3 Nf6 4. f3 exf3 5. Nxf3 Bg4 6. h3 Bxf3 7. Qxf3 c6 8. Be3
D00	Blackmar-Diemer Gambit Accepted: Teichmann Defense, Seidel-Hall Attack	15	rn1qkb1r/pp2pppp/2p2n2/8/3P2P1/2N2Q1P/PPP5/R1B1KB1R b KQkq	1. d4 d5 2. e4 dxe4 3. Nc3 Nf6 4. f3 exf3 5. Nxf3 Bg4 6. h3 Bxf3 7. Qxf3 c6 8. g4
D00	Blackmar-Diemer Gambit Accepted: Ziegler Defense	10	rnbqkb1r/pp2pppp/2p2n2/8/3P4/2N2N2/PPP3PP/R1BQKB1R w KQkq	1. d4 d5 2. e4 dxe4 3. Nc3 Nf6 4. f3 exf3 5. Nxf3 c6
D00	Blackmar-Diemer Gambit Declined: Brombacher Countergambit	8	rnbqkb1r/pp2pppp/5n2/2p5/3Pp3/2N2P2/PPP3PP/R1BQKBNR w KQkq	1. d4 d5 2. e4 dxe4 3. Nc3 Nf6 4. f3 c5
D00	Blackmar-Diemer Gambit Declined: Elbert Countergambit	8	rnbqkb1r/ppp2ppp/5n2/4p3/3Pp3/2N2P2/PPP3PP/R1BQKBNR w KQkq	1. d4 d5 2. e4 dxe4 3. Nc3 Nf6 4. f3 e5
D00	Blackmar-Diemer Gambit Declined: Gedult Defense	8	rnbqkb1r/1pp1pppp/p4n2/8/3Pp3/2N2P2/PPP3PP/R1BQKBNR w KQkq	1. d4 d5 2. e4 dxe4 3. Nc3 Nf6 4. f3 a6
D00	Blackmar-Diemer Gambit Declined: Lamb Defense	8	r1bqkb1r/ppp1pppp/2n2n2/8/3Pp3/2N2P2/PPP3PP/R1BQKBNR w KQkq	1. d4 d5 2. e4 dxe4 3. Nc3 Nf6 4. f3 Nc6
D00	Blackmar-Diemer Gambit Declined: Langeheinicke Defense	8	rnbqkb1r/ppp1pppp/5n2/8/3P4/2N1pP2/PPP3PP/R1BQKBNR w KQkq	1. d4 d5 2. e4 dxe4 3. Nc3 Nf6 4. f3 e3
D00	Blackmar-Diemer Gambit Declined: O'Kelly Defense	8	rnbqkb1r/pp2pppp/2p2n2/8/3Pp3/2N2P2/PPP3PP/R1BQKBNR w KQkq	1. d4 d5 2. e4 dxe4 3. Nc3 Nf6 4. f3 c6
D00	Blackmar-Diemer Gambit Declined: Vienna Defense	8	rn1qkb1r/ppp1pppp/5n2/5b2/3Pp3/2N2P2/PPP3PP/R1BQKBNR w KQkq	1. d4 d5 2. e4 dxe4 3. Nc3 Nf6 4. f3 Bf5
D00	Blackmar-Diemer Gambit Declined: Weinsbach Defense	8	rnbqkb1r/ppp2ppp/4pn2/8/3Pp3/2N2P2/PPP3PP/R1BQKBNR w KQkq	1. d4 d5 2. e4 dxe4 3. Nc3 Nf6 4. f3 e6
D00	Blackmar-Diemer Gambit Declined: Weinsbach Defense, Pfrang Gambit	9	rnbqkb1r/ppp2ppp/4pn2/8/3PP3/2N5/PPP3PP/R1BQKBNR b KQkq	1. d4 d5 2. e4 dxe4 3. Nc3 Nf6 4. f3 e6 5. fxe4
D00	Blackmar-Diemer Gambit: Blackmar Gambit	5	rnbqkbnr/ppp1pppp/8/8/3Pp3/5P2/PPP3PP/RNBQKBNR b KQkq	1. d4 d5 2. e4 dxe4 3. f3
D00	Blackmar-Diemer Gambit: Diemer-Rosenberg Attack	5	rnbqkbnr/ppp1pppp/8/8/3Pp3/4B3/PPP2PPP/RN1QKBNR b KQkq	1. d4 d5 2. e4 dxe4 3. Be3
D00	Blackmar-Diemer Gambit: Fritz Attack	5	rnbqkbnr/ppp1pppp/8/8/2BPp3/8/PPP2PPP/RNBQK1NR b KQkq	1. d4 d5 2. e4 dxe4 3. Bc4
D00	Blackmar-Diemer Gambit: Lemberger Countergambit	6	rnbqkbnr/ppp2ppp/8/4p3/3Pp3/2N5/PPP2PPP/R1BQKBNR w KQkq	1. d4 d5 2. e4 dxe4 3. Nc3 e5
D00	Blackmar-Diemer Gambit: Lemberger Countergambit, Endgame Variation	7	rnbqkbnr/ppp2ppp/8/4P3/4p3/2N5/PPP2PPP/R1BQKBNR b KQkq	1. d4 d5 2. e4 dxe4 3. Nc3 e5 4. dxe5
D00	Blackmar-Diemer Gambit: Lemberger Countergambit, Lange Gambit	7	rnbqkbnr/ppp2ppp/8/4p3/3PN3/8/PPP2PPP/R1BQKBNR b KQkq	1. d4 d5 2. e4 dxe4 3. Nc3 e5 4. Nxe4
D00	Blackmar-Diemer Gambit: Lemberger Countergambit, Rasmussen Attack	7	rnbqkbnr/ppp2ppp/8/4p3/3Pp3/2N5/PPP1NPPP/R1BQKB1R b KQkq	1. d4 d5 2. e4 dxe4 3. Nc3 e5 4. Nge2
D00	Blackmar-Diemer Gambit: Lemberger Countergambit, Sneiders Attack	7	rnbqkbnr/ppp2ppp/8/4p2Q/3Pp3/2N5/PPP2PPP/R1B1KBNR b KQkq	1. d4 d5 2. e4 dxe4 3. Nc3 e5 4. Qh5
D00	Blackmar-Diemer Gambit: Lemberger Countergambit, Soller Attack	7	rnbqkbnr/ppp2ppp/8/4p3/3Pp3/2N1B3/PPP2PPP/R2QKBNR b KQkq	1. d4 d5 2. e4 dxe4 3. Nc3 e5 4. Be3
D00	Blackmar-Diemer Gambit: Netherlands Variation	6	rnbqkbnr/ppp1p1pp/8/5p2/3Pp3/2N5/PPP2PPP/R1BQKBNR w KQkq	1. d4 d5 2. e4 dxe4 3. Nc3 f5
D00	Blackmar-Diemer Gambit: Rasa-Studier Gambit	7	rnbqkb1r/ppp1pppp/5n2/8/3Pp3/2N1B3/PPP2PPP/R2QKBNR b KQkq	1. d4 d5 2. e4 dxe4 3. Nc3 Nf6 4. Be3
D00	Blackmar-Diemer Gambit: Reversed Albin Countergambit	6	rnbqkbnr/pp2pppp/8/2p5/3Pp3/2N5/PPP2PPP/R1BQKBNR w KQkq	1. d4 d5 2. e4 dxe4 3. Nc3 c5
D00	Blackmar-Diemer Gambit: Zeller Defense	6	rn1qkbnr/ppp1pppp/8/5b2/3Pp3/2N5/PPP2PPP/R1BQKBNR w KQkq	1. d4 d5 2. e4 dxe4 3. Nc3 Bf5
D00	Blackmar-Diemer Gambit: Zeller Defense, Soller Attack	9	rn1qkb1r/ppp1pppp/5n2/5b2/2BPp3/2N2P2/PPP3PP/R1BQK1NR b KQkq	1. d4 d5 2. e4 dxe4 3. Nc3 Bf5 4. f3 Nf6 5. Bc4
D00	Blackmar-Diemer Gambit: von Popiel Gambit	7	rnbqkb1r/ppp1pppp/5n2/6B1/3Pp3/2N5/PPP2PPP/R2QKBNR b KQkq	1. d4 d5 2. e4 dxe4 3. Nc3 Nf6 4. Bg5
D00	Blackmar-Diemer Gambit: von Popiel Gambit, Zilbermints Variation	15	rn1qk2r/ppp2ppp/5pb1/1Q6/1b1Pp1P1/2N5/PPP2P1P/R3KBNR b KQkq	1. d4 d5 2. e4 dxe4 3. Nc3 Nf6 4. Bg5 Bf5 5. Bxf6 exf6 6. g4 Bg6 7. Qe2 Bb4 8. Qb5+
D00	Queen's Pawn Game	2	rnbqkbnr/ppp1pppp/8/3p4/3P4/8/PPP1PPPP/RNBQKBNR w KQkq	1. d4 d5
D00	Queen's Pawn Game	3	rnbqkbnr/ppp1pppp/8/3p4/3P4/4P3/PPP2PPP/RNBQKBNR b KQkq	1. d4 d5 2. e3
D00	Queen's Pawn Game	4	rnbqkb1r/ppp1pppp/5n2/3p4/3P4/4P3/PPP2PPP/RNBQKBNR w KQkq	1. d4 d5 2. e3 Nf6
D00	Queen's Pawn Game: Accelerated London System	3	rnbqkbnr/ppp1pppp/8/3p4/3P1B2/8/PPP1PPPP/RN1QKBNR b KQkq	1. d4 d5 2. Bf4
D00	Queen's Pawn Game: Accelerated London System, Steinitz Countergambit	4	rnbqkbnr/pp2pppp/8/2pp4/3P1B2/8/PPP1PPPP/RN1QKBNR w KQkq	1. d4 d5 2. Bf4 c5
D00	Queen's Pawn Game: Accelerated London System, Steinitz Countergambit Accepted	5	rnbqkbnr/pp2pppp/8/2Pp4/5B2/8/PPP1PPPP/RN1QKBNR b KQkq	1. d4 d5 2. Bf4 c5 3. dxc5
D00	Queen's Pawn Game: Accelerated London System, Steinitz Countergambit, Morris Countergambit	5	rnbqkbnr/pp2pppp/8/2pp4/3PPB2/8/PPP2PPP/RN1QKBNR b KQkq	1. d4 d5 2. Bf4 c5 3. e4
D00	Queen's Pawn Game: Accelerated London System, Steinitz Countergambit, Morris Countergambit Accepted	6	rnbqkbnr/pp2pppp/8/2p5/3PpB2/8/PPP2PPP/RN1QKBNR w KQkq	1. d4 d5 2. Bf4 c5 3. e4 dxe4
D00	Queen's Pawn Game: Chigorin Variation	3	rnbqkbnr/ppp1pppp/8/3p4/3P4/2N5/PPP1PPPP/R1BQKBNR b KQkq	1. d4 d5 2. Nc3
D00	Queen's Pawn Game: Chigorin Variation	4	rnbqkbnr/ppp2ppp/4p3/3p4/3P4/2N5/PPP1PPPP/R1BQKBNR w KQkq	1. d4 d5 2. Nc3 e6
D00	Queen's Pawn Game: Chigorin Variation, Alburt Defense	4	rn1qkbnr/ppp1pppp/8/3p1b2/3P4/2N5/PPP1PPPP/R1BQKBNR w KQkq	1. d4 d5 2. Nc3 Bf5
D00	Queen's Pawn Game: Chigorin Variation, Anti-Veresov	4	rn1qkbnr/ppp1pppp/8/3p4/3P2b1/2N5/PPP1PPPP/R1BQKBNR w KQkq	1. d4 d5 2. Nc3 Bg4
D00	Queen's Pawn Game: Chigorin Variation, Fianchetto Defense	6	rnbqk1nr/ppp1ppbp/6p1/3p4/3P4/2N2N2/PPP1PPPP/R1BQKB1R w KQkq	1. d4 g6 2. Nf3 Bg7 3. Nc3 d5
D00	Queen's Pawn Game: Chigorin Variation, Irish Gambit	4	rnbqkbnr/pp2pppp/8/2pp4/3P4/2N5/PPP1PPPP/R1BQKBNR w KQkq	1. d4 d5 2. Nc3 c5
D00	Queen's Pawn Game: Chigorin Variation, Shaviliuk Gambit	4	rnbqkbnr/ppp2ppp/8/3pp3/3P4/2N5/PPP1PPPP/R1BQKBNR w KQkq	1. d4 d5 2. Nc3 e5
D00	Queen's Pawn Game: Chigorin Variation, Shropshire Defense	4	rnbqkbnr/ppp1ppp1/8/3p3p/3P4/2N5/PPP1PPPP/R1BQKBNR w KQkq	1. d4 d5 2. Nc3 h5
D00	Queen's Pawn Game: Hübsch Gambit	5	rnbqkb1r/ppp1pppp/5n2/3p4/3PP3/2N5/PPP2PPP/R1BQKBNR b KQkq	1. d4 Nf6 2. Nc3 d5 3. e4
D00	Queen's Pawn Game: Levitsky Attack	3	rnbqkbnr/ppp1pppp/8/3p2B1/3P4/8/PPP1PPPP/RN1QKBNR b KQkq	1. d4 d5 2. Bg5
D00	Queen's Pawn Game: Levitsky Attack, Welling Variation	4	rn1qkbnr/ppp1pppp/8/3p2B1/3P2b1/8/PPP1PPPP/RN1QKBNR w KQkq	1. d4 d5 2. Bg5 Bg4
D00	Queen's Pawn Game: Mason Attack	3	rnbqkbnr/ppp1pppp/8/3p4/3P1P2/8/PPP1P1PP/RNBQKBNR b KQkq	1. d4 d5 2. f4
D00	Queen's Pawn Game: Stonewall Attack	5	rnbqkb1r/ppp1pppp/5n2/3p4/3P4/3BP3/PPP2PPP/RNBQK1NR b KQkq	1. d4 d5 2. e3 Nf6 3. Bd3
D00	Queen's Pawn Game: Zurich Gambit	3	rnbqkbnr/ppp1pppp/8/3p4/3P2P1/8/PPP1PP1P/RNBQKBNR b KQkq	1. d4 d5 2. g4
D01	Rapport-Jobava System	5	rnbqkb1r/ppp1pppp/5n2/3p4/3P1B2/2N5/PPP1PPPP/R2QKBNR b KQkq	1. d4 d5 2. Nc3 Nf6 3. Bf4
D01	Rapport-Jobava System	6	rnbqkb1r/ppp2ppp/4pn2/3p4/3P1B2/2N5/PPP1PPPP/R2QKBNR w KQkq	1. d4 d5 2. Nc3 Nf6 3. Bf4 e6
D01	Rapport-Jobava System	6	rnbqkb1r/ppp1pp1p/5np1/3p4/3P1B2/2N5/PPP1PPPP/R2QKBNR w KQkq	1. d4 d5 2. Nc3 Nf6 3. Bf4 g6
D01	Rapport-Jobava System, with e6	5	rnbqkbnr/ppp2ppp/4p3/3p4/3P1B2/2N5/PPP1PPPP/R2QKBNR b KQkq	1. d4 d5 2. Nc3 e6 3. Bf4
D01	Richter-Veresov Attack	5	rnbqkb1r/ppp1pppp/5n2/3p2B1/3P4/2N5/PPP1PPPP/R2QKBNR b KQkq	1. d4 Nf6 2. Nc3 d5 3. Bg5
D01	Richter-Veresov Attack	6	rn1qkb1r/ppp1pppp/5n2/3p1bB1/3P4/2N5/PPP1PPPP/R2QKBNR w KQkq	1. d4 Nf6 2. Nc3 d5 3. Bg5 Bf5
D01	Richter-Veresov Attack: Boyce Defense	6	rnbqkb1r/ppp1pppp/8/3p2B1/3Pn3/2N5/PPP1PPPP/R2QKBNR w KQkq	1. d4 Nf6 2. Nc3 d5 3. Bg5 Ne4
D01	Richter-Veresov Attack: Malich Gambit	11	rnbqkb1r/pp2pp1p/5p2/2pP4/4p3/2N5/PPP2PPP/R2QKBNR b KQkq	1. d4 Nf6 2. Nc3 d5 3. Bg5 c5 4. Bxf6 gxf6 5. e4 dxe4 6. d5
D01	Richter-Veresov Attack: Richter Variation	7	rn1qkb1r/ppp1pppp/5n2/3p1bB1/3P4/2N2P2/PPP1P1PP/R2QKBNR b KQkq	1. d4 Nf6 2. Nc3 d5 3. Bg5 Bf5 4. f3
D01	Richter-Veresov Attack: Two Knights System	7	r1bqkb1r/pppnpppp/5n2/3p2B1/3P4/2N2N2/PPP1PPPP/R2QKB1R b KQkq	1. d4 Nf6 2. Nc3 d5 3. Bg5 Nbd7 4. Nf3
D01	Richter-Veresov Attack: Two Knights System, Grünfeld Defense	8	r1bqkb1r/pppnpp1p/5np1/3p2B1/3P4/2N2N2/PPP1PPPP/R2QKB1R w KQkq	1. d4 Nf6 2. Nc3 d5 3. Bg5 Nbd7 4. Nf3 g6
D01	Richter-Veresov Attack: Veresov Variation	7	rn1qkb1r/ppp1pppp/5B2/3p1b2/3P4/2N5/PPP1PPPP/R2QKBNR b KQkq	1. d4 Nf6 2. Nc3 d5 3. Bg5 Bf5 4. Bxf6
D02	London System: Poisoned Pawn Variation	9	rnb1kb1r/pp2pppp/1q3n2/2pp4/3P1B2/2N1PN2/PPP2PPP/R2QKB1R b KQkq	1. d4 Nf6 2. Nf3 d5 3. Bf4 c5 4. e3 Qb6 5. Nc3
D02	Queen's Gambit Declined: Baltic Defense, Pseudo-Slav	8	rn1qkbnr/pp3ppp/2p1p3/3p1b2/2PP4/2N2N2/PP2PPPP/R1BQKB1R w KQkq	1. d4 d5 2. Nf3 Bf5 3. c4 e6 4. Nc3 c6
D02	Queen's Pawn Game: Anti-Torre	4	rn1qkbnr/ppp1pppp/8/3p4/3P2b1/5N2/PPP1PPPP/RNBQKB1R w KQkq	1. Nf3 d5 2. d4 Bg4
D02	Queen's Pawn Game: Chandler Gambit	7	rnbqkbnr/pp2pppp/8/3p4/3p4/5NP1/PPP1PPBP/RNBQK2R b KQkq	1. d4 d5 2. Nf3 c5 3. g3 cxd4 4. Bg2
D02	Queen's Pawn Game: Chigorin Variation	4	r1bqkbnr/ppp1pppp/2n5/3p4/3P4/5N2/PPP1PPPP/RNBQKB1R w KQkq	1. d4 d5 2. Nf3 Nc6
D02	Queen's Pawn Game: Krause Variation	4	rnbqkbnr/pp2pppp/8/2pp4/3P4/5N2/PPP1PPPP/RNBQKB1R w KQkq	1. d4 d5 2. Nf3 c5
D02	Queen's Pawn Game: Levitsky Attack, Euwe Variation, Modern Line	8	rnb1kbnr/pp2ppp1/1qp4p/3p4/3P3B/5N2/PPP1PPPP/RN1QKB1R w KQkq	1. d4 d5 2. Nf3 c6 3. Bg5 h6 4. Bh4 Qb6
D02	Queen's Pawn Game: London System	5	rnbqkb1r/ppp1pppp/5n2/3p4/3P1B2/5N2/PPP1PPPP/RN1QKB1R b KQkq	1. d4 d5 2. Nf3 Nf6 3. Bf4
D02	Queen's Pawn Game: London System	7	rnbqkb1r/pp2pppp/5n2/2pp4/3P1B2/4PN2/PPP2PPP/RN1QKB1R b KQkq	1. d4 d5 2. Nf3 Nf6 3. Bf4 c5 4. e3
D02	Queen's Pawn Game: London System	9	r1bqkb1r/pp2pppp/2n2n2/2pp4/3P1B2/4PN2/PPPN1PPP/R2QKB1R b KQkq	1. d4 d5 2. Nf3 Nf6 3. Bf4 c5 4. e3 Nc6 5. Nbd2
D02	Queen's Pawn Game: London System	11	r1bqkb1r/pp3ppp/2n1pn2/2pp4/3P1B2/2P1PN2/PP1N1PPP/R2QKB1R b KQkq	1. d4 d5 2. Nf3 Nf6 3. Bf4 c5 4. e3 Nc6 5. Nbd2 e6 6. c3
D02	Queen's Pawn Game: London System, Pterodactyl Variation	10	rnb1k1nr/pp1pppbp/6p1/q7/3P1B2/5N2/PP2PPPP/RN1QKB1R w KQkq	1. d4 g6 2. Nf3 Bg7 3. Bf4 c5 4. c3 cxd4 5. cxd4 Qa5+
D02	Queen's Pawn Game: London System, with e6	5	rnbqkbnr/ppp2ppp/4p3/3p4/3P1B2/5N2/PPP1PPPP/RN1QKB1R b KQkq	1. d4 d5 2. Nf3 e6 3. Bf4
D02	Queen's Pawn Game: London System, with e6	6	rnbqkb1r/ppp2ppp/4pn2/3p4/3P1B2/5N2/PPP1PPPP/RN1QKB1R w KQkq	1. d4 d5 2. Nf3 e6 3. Bf4 Nf6
D02	Queen's Pawn Game: Symmetrical Variation	4	rnbqkb1r/ppp1pppp/5n2/3p4/3P4/5N2/PPP1PPPP/RNBQKB1R w KQkq	1. d4 d5 2. Nf3 Nf6
D02	Queen's Pawn Game: Symmetrical Variation, Pseudo-Catalan	5	rnbqkb1r/ppp1pppp/5n2/3p4/3P4/5NP1/PPP1PP1P/RNBQKB1R b KQkq	1. d4 d5 2. Nf3 Nf6 3. g3
D02	Queen's Pawn Game: Symmetrical Variation, Pseudo-Catalan	8	rn1qkb1r/pp2pppp/2p2n2/3p4/3P2b1/5NP1/PPP1PPBP/RNBQK2R w KQkq	1. d4 d5 2. Nf3 Nf6 3. g3 c6 4. Bg2 Bg4
D02	Queen's Pawn Game: Symmetrical Variation, Pseudo-Catalan	10	rn1qkb1r/pp3ppp/2p1pn2/3p4/3P2b1/5NP1/PPP1PPBP/RNBQ1RK1 w kq	1. Nf3 d5 2. g3 c6 3. Bg2 Nf6 4. O-O Bg4 5. d4 e6
D02	Queen's Pawn Game: Zilbermints Countergambit	6	rnbqkb1r/p1p1pppp/5n2/1p1p4/2PP4/5N2/PP2PPPP/RNBQKB1R w KQkq	1. d4 d5 2. Nf3 Nf6 3. c4 b5
D02	Queen's Pawn Game: Zukertort Variation	3	rnbqkbnr/ppp1pppp/8/3p4/3P4/5N2/PPP1PPPP/RNBQKB1R b KQkq	1. d4 d5 2. Nf3
D03	Queen's Pawn Game: Torre Attack	5	rnbqkb1r/ppp1pppp/5n2/3p2B1/3P4/5N2/PPP1PPPP/RN1QKB1R b KQkq	1. d4 d5 2. Nf3 Nf6 3. Bg5
D03	Queen's Pawn Game: Torre Attack	9	rnbqkb1r/pp3ppp/4pn2/2pp2B1/3P4/4PN2/PPPN1PPP/R2QKB1R b KQkq	1. d4 d5 2. Nf3 Nf6 3. Bg5 e6 4. e3 c5 5. Nbd2
D03	Queen's Pawn Game: Torre Attack	11	r1bqkb1r/pp3ppp/2n1pn2/2pp2B1/3P4/2P1PN2/PP1N1PPP/R2QKB1R b KQkq	1. d4 d5 2. Nf3 Nf6 3. Bg5 e6 4. e3 c5 5. Nbd2 Nc6 6. c3
D03	Queen's Pawn Game: Torre Attack	10	r1bqkb1r/pp1n1ppp/4pn2/2pp2B1/3P4/2P1PN2/PP3PPP/RN1QKB1R w KQkq	1. d4 d5 2. Nf3 Nf6 3. Bg5 e6 4. e3 c5 5. c3 Nbd7
D03	Queen's Pawn Game: Torre Attack	11	r1bqkb1r/pp1n1ppp/4pn2/2pp2B1/3P4/2P1PN2/PP1N1PPP/R2QKB1R b KQkq	1. d4 d5 2. Nf3 Nf6 3. Bg5 e6 4. e3 c5 5. c3 Nbd7 6. Nbd2
D03	Queen's Pawn Game: Torre Attack	12	r1bqk2r/pp1n1ppp/3bpn2/2pp2B1/3P4/2P1PN2/PP1N1PPP/R2QKB1R w KQkq	1. d4 d5 2. Nf3 Nf6 3. Bg5 e6 4. e3 c5 5. c3 Nbd7 6. Nbd2 Bd6
D03	Queen's Pawn Game: Torre Attack	12	r1bqk2r/pp1nbppp/4pn2/2pp2B1/3P4/2P1PN2/PP1N1PPP/R2QKB1R w KQkq	1. d4 d5 2. Nf3 Nf6 3. Bg5 e6 4. e3 c5 5. c3 Nbd7 6. Nbd2 Be7
D03	Queen's Pawn Game: Torre Attack	10	r1bqkb1r/pp3ppp/2n1pn2/2pp2B1/3P4/2P1PN2/PP3PPP/RN1QKB1R w KQkq	1. d4 d5 2. Nf3 Nf6 3. Bg5 e6 4. e3 c5 5. c3 Nc6
D03	Queen's Pawn Game: Torre Attack	11	r1bqkb1r/pp3ppp/2n1pn2/2pp2B1/3P4/2PBPN2/PP3PPP/RN1QK2R b KQkq	1. d4 d5 2. Nf3 Nf6 3. Bg5 e6 4. e3 c5 5. c3 Nc6 6. Bd3
D03	Queen's Pawn Game: Torre Attack	9	r1bqkb1r/pppn1ppp/4pn2/3p2B1/3P4/3BPN2/PPP2PPP/RN1QK2R b KQkq	1. d4 d5 2. Nf3 Nf6 3. Bg5 e6 4. e3 Nbd7 5. Bd3
D03	Queen's Pawn Game: Torre Attack	11	r1bqk2r/pppnbppp/4pn2/3p2B1/3P4/2P1PN2/PP1N1PPP/R2QKB1R b KQkq	1. d4 d5 2. Nf3 Nf6 3. Bg5 e6 4. Nbd2 Be7 5. c3 Nbd7 6. e3
D03	Queen's Pawn Game: Torre Attack, Gossip Variation	6	rnbqkb1r/ppp1pppp/8/3p2B1/3Pn3/5N2/PPP1PPPP/RN1QKB1R w KQkq	1. d4 d5 2. Nf3 Nf6 3. Bg5 Ne4
D03	Queen's Pawn Game: Torre Attack, Grünfeld Variation	6	rnbqkb1r/ppp1pp1p/5np1/3p2B1/3P4/5N2/PPP1PPPP/RN1QKB1R w KQkq	1. d4 d5 2. Nf3 Nf6 3. Bg5 g6
D03	Queen's Pawn Game: Torre Attack, Grünfeld Variation	7	rnbqkb1r/ppp1pp1p/5np1/3p2B1/3P4/4PN2/PPP2PPP/RN1QKB1R b KQkq	1. d4 d5 2. Nf3 Nf6 3. Bg5 g6 4. e3
D04	Queen's Pawn Game: Colle System	5	rnbqkb1r/ppp1pppp/5n2/3p4/3P4/4PN2/PPP2PPP/RNBQKB1R b KQkq	1. d4 d5 2. Nf3 Nf6 3. e3
D04	Queen's Pawn Game: Colle System, Anti-Colle	6	rn1qkb1r/ppp1pppp/5n2/3p1b2/3P4/4PN2/PPP2PPP/RNBQKB1R w KQkq	1. d4 d5 2. Nf3 Nf6 3. e3 Bf5
D04	Queen's Pawn Game: Colle System, Grünfeld Formation	8	rnbqk2r/ppp1ppbp/5np1/3p4/3P4/3BPN2/PPP2PPP/RNBQK2R w KQkq	1. d4 d5 2. Nf3 Nf6 3. e3 g6 4. Bd3 Bg7
D05	Queen's Pawn Game: Colle System	6	rnbqkb1r/ppp2ppp/4pn2/3p4/3P4/4PN2/PPP2PPP/RNBQKB1R w KQkq	1. d4 d5 2. Nf3 Nf6 3. e3 e6
D05	Queen's Pawn Game: Colle System	7	rnbqkb1r/ppp2ppp/4pn2/3p4/3P4/3BPN2/PPP2PPP/RNBQK2R b KQkq	1. d4 d5 2. Nf3 Nf6 3. e3 e6 4. Bd3
D05	Queen's Pawn Game: Colle System	7	rnbqkb1r/ppp2ppp/4pn2/3p4/3P4/1P2PN2/P1P2PPP/RNBQKB1R b KQkq	1. d4 d5 2. Nf3 Nf6 3. e3 e6 4. b3
D05	Queen's Pawn Game: Colle System	10	r1bqkb1r/pp3ppp/2n1pn2/2pp4/3P4/1P2PN2/PBP2PPP/RN1QKB1R w KQkq	1. d4 d5 2. Nf3 Nf6 3. e3 e6 4. b3 c5 5. Bb2 Nc6
D05	Queen's Pawn Game: Colle System	11	r1bqkb1r/pp3ppp/2n1pn2/2pp4/3P4/1P1BPN2/PBP2PPP/RN1QK2R b KQkq	1. d4 d5 2. Nf3 Nf6 3. e3 e6 4. b3 c5 5. Bb2 Nc6 6. Bd3
D05	Queen's Pawn Game: Colle System	11	r1bqkb1r/pp3ppp/2n1pn2/2pp4/3P4/1P2PN2/PBPN1PPP/R2QKB1R b KQkq	1. d4 d5 2. Nf3 Nf6 3. e3 e6 4. b3 c5 5. Bb2 Nc6 6. Nbd2
D05	Queen's Pawn Game: Colle System	16	rn1q1rk1/pb2bppp/1p2pn2/2pp4/3P4/1P1BPN2/PBPN1PPP/R2Q1RK1 w -	1. d4 Nf6 2. Nf3 e6 3. e3 b6 4. Bd3 Bb7 5. O-O c5 6. b3 Be7 7. Bb2 O-O 8. Nbd2 d5
D05	Queen's Pawn Game: Colle System, Traditional Colle	9	rnbqkb1r/pp3ppp/4pn2/2pp4/3P4/2PBPN2/PP3PPP/RNBQK2R b KQkq	1. d4 Nf6 2. Nf3 e6 3. e3 c5 4. Bd3 d5 5. c3
D05	Queen's Pawn Game: Zukertort Variation	9	rnbqkb1r/pp3ppp/4pn2/2pp4/3P4/1P2PN2/P1PN1PPP/R1BQKB1R b KQkq	1. d4 d5 2. Nf3 c5 3. e3 Nf6 4. Nbd2 e6 5. b3
D05	Rubinstein Opening	9	rnbqkb1r/pp3ppp/4pn2/2pp4/3P4/1P1BPN2/P1P2PPP/RNBQK2R b KQkq	1. d4 Nf6 2. Nf3 e6 3. e3 c5 4. Bd3 d5 5. b3
D05	Rubinstein Opening: Bogoljubow Defense	14	r1bq1rk1/pp3ppp/2nbpn2/2pp4/3P4/1P1BPN2/PBP2PPP/RN1Q1RK1 w -	1. d4 Nf6 2. Nf3 e6 3. e3 c5 4. Bd3 d5 5. b3 Nc6 6. O-O Bd6 7. Bb2 O-O
D05	Rubinstein Opening: Classical Defense	14	r1bq1rk1/pp2bppp/2n1pn2/2pp4/3P4/1P1BPN2/PBP2PPP/RN1Q1RK1 w -	1. d4 Nf6 2. Nf3 e6 3. e3 c5 4. Bd3 d5 5. b3 Nc6 6. O-O Be7 7. Bb2 O-O
D05	Rubinstein Opening: Semi-Slav Defense	13	r1bq1rk1/pppn1ppp/3bpn2/3p4/3P4/1P1BPN2/PBP2PPP/RN1Q1RK1 b -	1. d4 d5 2. Nf3 Nf6 3. e3 e6 4. Bd3 Bd6 5. O-O O-O 6. b3 Nbd7 7. Bb2
D05	Rubinstein Opening: Semi-Slav Defense	14	r1bq1rk1/pp1n1ppp/2pbpn2/3p4/3P4/1P1BPN2/PBP2PPP/RN1Q1RK1 w -	1. d4 d5 2. Nf3 Nf6 3. e3 e6 4. Bd3 Bd6 5. O-O O-O 6. b3 Nbd7 7. Bb2 c6
D05	Rubinstein Opening: Semi-Slav Defense	15	r1bq1rk1/pp1n1ppp/2pbpn2/3p4/3P4/1P1BPN2/PBPN1PPP/R2Q1RK1 b -	1. d4 d5 2. Nf3 Nf6 3. e3 e6 4. Bd3 Bd6 5. O-O O-O 6. b3 Nbd7 7. Bb2 c6 8. Nbd2
D06	Queen's Gambit	3	rnbqkbnr/ppp1pppp/8/3p4/2PP4/8/PP2PPPP/RNBQKBNR b KQkq	1. d4 d5 2. c4
D06	Queen's Gambit Declined: Austrian Attack, Salvio Countergambit	6	rnbqkbnr/pp2pppp/8/2P5/2Pp4/8/PP2PPPP/RNBQKBNR w KQkq	1. d4 d5 2. c4 c5 3. dxc5 d4
D06	Queen's Gambit Declined: Austrian Defense	4	rnbqkbnr/pp2pppp/8/2pp4/2PP4/8/PP2PPPP/RNBQKBNR w KQkq	1. d4 d5 2. c4 c5
D06	Queen's Gambit Declined: Austrian Defense, Gusev Countergambit	6	rnbqkb1r/pp2pppp/5n2/2pP4/3P4/8/PP2PPPP/RNBQKBNR w KQkq	1. d4 d5 2. c4 c5 3. cxd5 Nf6
D06	Queen's Gambit Declined: Austrian Defense, Haberditz Variation	10	rnb1kb1r/pp2pppp/8/q1PP4/4n3/8/PP3PPP/RNBQKBNR w KQkq	1. d4 d5 2. c4 c5 3. cxd5 Nf6 4. e4 Nxe4 5. dxc5 Qa5+
D06	Queen's Gambit Declined: Baltic Defense	4	rn1qkbnr/ppp1pppp/8/3p1b2/2PP4/8/PP2PPPP/RNBQKBNR w KQkq	1. d4 d5 2. c4 Bf5
D06	Queen's Gambit Declined: Baltic Defense, Argentinian Gambit	10	r2qkbnr/pp2pppp/2n5/8/Q2P4/8/PP2PPPP/RbB1KBNR w KQkq	1. d4 d5 2. c4 Bf5 3. cxd5 Bxb1 4. Qa4+ c6 5. dxc6 Nxc6
D06	Queen's Gambit Declined: Baltic Defense, Pseudo-Chigorin	8	r2qkbnr/ppp2ppp/2n1p3/3p1b2/2PP4/2N2N2/PP2PPPP/R1BQKB1R w KQkq	1. d4 d5 2. c4 Bf5 3. Nc3 e6 4. Nf3 Nc6
D06	Queen's Gambit Declined: Baltic Defense, Queen Attack	5	rn1qkbnr/ppp1pppp/8/3p1b2/2PP4/1Q6/PP2PPPP/RNB1KBNR b KQkq	1. d4 d5 2. c4 Bf5 3. Qb3
D06	Queen's Gambit Declined: Baltic Defense, Queen Attack Deferred	7	rn1qkbnr/ppp2ppp/4p3/3p1b2/2PP4/1QN5/PP2PPPP/R1B1KBNR b KQkq	1. d4 d5 2. c4 Bf5 3. Nc3 e6 4. Qb3
D06	Queen's Gambit Declined: Marshall Defense	4	rnbqkb1r/ppp1pppp/5n2/3p4/2PP4/8/PP2PPPP/RNBQKBNR w KQkq	1. d4 d5 2. c4 Nf6
D06	Queen's Gambit Declined: Marshall Defense, Tan Gambit	6	rnbqkb1r/pp2pppp/2p2n2/3P4/3P4/8/PP2PPPP/RNBQKBNR w KQkq	1. d4 d5 2. c4 Nf6 3. cxd5 c6
D06	Queen's Gambit Declined: Zilbermints Gambit	4	rnbqkbnr/p1p1pppp/8/1p1p4/2PP4/8/PP2PPPP/RNBQKBNR w KQkq	1. d4 d5 2. c4 b5
D07	Queen's Gambit Declined: Chigorin Defense	4	r1bqkbnr/ppp1pppp/2n5/3p4/2PP4/8/PP2PPPP/RNBQKBNR w KQkq	1. d4 d5 2. c4 Nc6
D07	Queen's Gambit Declined: Chigorin Defense	5	r1bqkbnr/ppp1pppp/2n5/3p4/2PP4/2N5/PP2PPPP/R1BQKBNR b KQkq	1. d4 d5 2. c4 Nc6 3. Nc3
D07	Queen's Gambit Declined: Chigorin Defense	6	r1bqkbnr/ppp1pppp/2n5/8/2pP4/2N5/PP2PPPP/R1BQKBNR w KQkq	1. d4 d5 2. c4 Nc6 3. Nc3 dxc4
D07	Queen's Gambit Declined: Chigorin Defense	8	r1bqkb1r/ppp2ppp/2n1pn2/3p4/2PP4/2N2N2/PP2PPPP/R1BQKB1R w KQkq	1. d4 d5 2. c4 Nc6 3. Nc3 e6 4. Nf3 Nf6
D07	Queen's Gambit Declined: Chigorin Defense	9	r1bqkb1r/ppp2ppp/2n1pn2/3p4/2PP4/P1N2N2/1P2PPPP/R1BQKB1R b KQkq	1. d4 d5 2. c4 Nc6 3. Nc3 e6 4. Nf3 Nf6 5. a3
D07	Queen's Gambit Declined: Chigorin Defense, Exchange Variation	6	r1b1kbnr/ppp1pppp/2n5/3q4/3P4/8/PP2PPPP/RNBQKBNR w KQkq	1. d4 d5 2. c4 Nc6 3. cxd5 Qxd5
D07	Queen's Gambit Declined: Chigorin Defense, Exchange Variation, Costa's Line	15	r1b1k1nr/ppp2ppp/2n5/3q4/3p4/2B1P3/PP2NPPP/R2QKB1R b KQkq	1. d4 d5 2. c4 Nc6 3. cxd5 Qxd5 4. e3 e5 5. Nc3 Bb4 6. Bd2 Bxc3 7. Bxc3 exd4 8. Ne2
D07	Queen's Gambit Declined: Chigorin Defense, Janowski Variation	7	r1bqkbnr/ppp1pppp/2n5/8/2pP4/2N2N2/PP2PPPP/R1BQKB1R b KQkq	1. d4 d5 2. c4 Nc6 3. Nc3 dxc4 4. Nf3
D07	Queen's Gambit Declined: Chigorin Defense, Lazard Gambit	6	r1bqkbnr/ppp2ppp/2n5/3pp3/2PP4/5N2/PP2PPPP/RNBQKB1R w KQkq	1. d4 d5 2. c4 Nc6 3. Nf3 e5
D07	Queen's Gambit Declined: Chigorin Defense, Main Line	6	r2qkbnr/ppp1pppp/2n5/3p4/2PP2b1/5N2/PP2PPPP/RNBQKB1R w KQkq	1. d4 d5 2. c4 Nc6 3. Nf3 Bg4
D07	Queen's Gambit Declined: Chigorin Defense, Main Line, Alekhine Variation	7	r2qkbnr/ppp1pppp/2n5/3p4/Q1PP2b1/5N2/PP2PPPP/RNB1KB1R b KQkq	1. d4 d5 2. c4 Nc6 3. Nf3 Bg4 4. Qa4
D07	Queen's Gambit Declined: Chigorin Defense, Modern Gambit	8	r1bqkb1r/ppp1pppp/2n2n2/8/2pP4/2N2N2/PP2PPPP/R1BQKB1R w KQkq	1. d4 d5 2. c4 Nc6 3. Nc3 dxc4 4. Nf3 Nf6
D07	Queen's Gambit Declined: Chigorin Defense, Tartakower Gambit	6	r1bqkbnr/ppp2ppp/2n5/3pp3/2PP4/2N5/PP2PPPP/R1BQKBNR w KQkq	1. d4 d5 2. c4 Nc6 3. Nc3 e5
D08	Queen's Gambit Declined: Albin Countergambit	4	rnbqkbnr/ppp2ppp/8/3pp3/2PP4/8/PP2PPPP/RNBQKBNR w KQkq	1. d4 d5 2. c4 e5
D08	Queen's Gambit Declined: Albin Countergambit, Balogh Variation	10	r1b1kbnr/ppp1qppp/2n5/4P3/2Pp4/5N2/PP1NPPPP/R1BQKB1R w KQkq	1. d4 d5 2. c4 e5 3. dxe5 d4 4. Nf3 Nc6 5. Nbd2 Qe7
D08	Queen's Gambit Declined: Albin Countergambit, Janowski Variation	10	r1bqkbnr/ppp3pp/2n2p2/4P3/2Pp4/5N2/PP1NPPPP/R1BQKB1R w KQkq	1. d4 d5 2. c4 e5 3. dxe5 d4 4. Nf3 Nc6 5. Nbd2 f6
D08	Queen's Gambit Declined: Albin Countergambit, Krenosz Variation	16	r3k1nr/ppp1qppp/2n5/4P3/1bPp4/5N1P/PP1BPPP1/R2QKB1R w KQkq	1. d4 d5 2. c4 e5 3. dxe5 d4 4. Nf3 Nc6 5. Nbd2 Bg4 6. h3 Bxf3 7. Nxf3 Bb4+ 8. Bd2 Qe7
D08	Queen's Gambit Declined: Albin Countergambit, Lasker Trap	10	rnbqk1nr/ppp2ppp/8/4P3/1bP5/4p3/PP1B1PPP/RN1QKBNR w KQkq	1. d4 d5 2. c4 e5 3. dxe5 d4 4. e3 Bb4+ 5. Bd2 dxe3
D08	Queen's Gambit Declined: Albin Countergambit, Modern Line	9	r1bqkbnr/ppp2ppp/2n5/4P3/2Pp4/5N2/PP1NPPPP/R1BQKB1R b KQkq	1. d4 d5 2. c4 e5 3. dxe5 d4 4. Nf3 Nc6 5. Nbd2
D08	Queen's Gambit Declined: Albin Countergambit, Normal Line	7	rnbqkbnr/ppp2ppp/8/4P3/2Pp4/5N2/PP2PPPP/RNBQKB1R b KQkq	1. d4 d5 2. c4 e5 3. dxe5 d4 4. Nf3
D08	Queen's Gambit Declined: Albin Countergambit, Spassky Variation	7	rnbqkbnr/ppp2ppp/8/4P3/2PpP3/8/PP3PPP/RNBQKBNR b KQkq	1. d4 d5 2. c4 e5 3. dxe5 d4 4. e4
D08	Queen's Gambit Declined: Albin Countergambit, Tartakower Defense	8	rnbqkbnr/pp3ppp/8/2p1P3/2Pp4/5N2/PP2PPPP/RNBQKB1R w KQkq	1. d4 d5 2. c4 e5 3. dxe5 d4 4. Nf3 c5
D09	Queen's Gambit Declined: Albin Countergambit, Fianchetto Variation	9	r1bqkbnr/ppp2ppp/2n5/4P3/2Pp4/5NP1/PP2PP1P/RNBQKB1R b KQkq	1. d4 d5 2. c4 e5 3. dxe5 d4 4. Nf3 Nc6 5. g3
D09	Queen's Gambit Declined: Albin Countergambit, Fianchetto Variation, Be6 Line	10	r2qkbnr/ppp2ppp/2n1b3/4P3/2Pp4/5NP1/PP2PP1P/RNBQKB1R w KQkq	1. d4 d5 2. c4 e5 3. dxe5 d4 4. Nf3 Nc6 5. g3 Be6
D09	Queen's Gambit Declined: Albin Countergambit, Fianchetto Variation, Bf5 Line	10	r2qkbnr/ppp2ppp/2n5/4Pb2/2Pp4/5NP1/PP2PP1P/RNBQKB1R w KQkq	1. d4 d5 2. c4 e5 3. dxe5 d4 4. Nf3 Nc6 5. g3 Bf5
D09	Queen's Gambit Declined: Albin Countergambit, Fianchetto Variation, Bg4 Line	10	r2qkbnr/ppp2ppp/2n5/4P3/2Pp2b1/5NP1/PP2PP1P/RNBQKB1R w KQkq	1. d4 d5 2. c4 e5 3. dxe5 d4 4. Nf3 Nc6 5. g3 Bg4
D10	Slav Defense	4	rnbqkbnr/pp2pppp/2p5/3p4/2PP4/8/PP2PPPP/RNBQKBNR w KQkq	1. d4 d5 2. c4 c6
D10	Slav Defense	5	rnbqkbnr/pp2pppp/2p5/3p4/2PP4/2N5/PP2PPPP/R1BQKBNR b KQkq	1. d4 d5 2. c4 c6 3. Nc3
D10	Slav Defense	6	rnbqkbnr/pp2pppp/2p5/8/2pP4/2N5/PP2PPPP/R1BQKBNR w KQkq	1. d4 d5 2. c4 c6 3. Nc3 dxc4
D10	Slav Defense: Diemer Gambit	5	rnbqkbnr/pp2pppp/2p5/3p4/2PPP3/8/PP3PPP/RNBQKBNR b KQkq	1. d4 d5 2. c4 c6 3. e4
D10	Slav Defense: Exchange Variation	5	rnbqkbnr/pp2pppp/2p5/3P4/3P4/8/PP2PPPP/RNBQKBNR b KQkq	1. d4 d5 2. c4 c6 3. cxd5
D10	Slav Defense: Exchange Variation, Boor Attack	9	rnbqkb1r/pp2pppp/5n2/3p4/3P4/2N2P2/PP2P1PP/R1BQKBNR b KQkq	1. d4 d5 2. c4 c6 3. cxd5 cxd5 4. Nc3 Nf6 5. f3
D10	Slav Defense: Slav Gambit, Alekhine Attack	7	rnbqkbnr/pp2pppp/2p5/8/2pPP3/2N5/PP3PPP/R1BQKBNR b KQkq	1. d4 d5 2. c4 c6 3. Nc3 dxc4 4. e4
D10	Slav Defense: Winawer Countergambit	6	rnbqkbnr/pp3ppp/2p5/3pp3/2PP4/2N5/PP2PPPP/R1BQKBNR w KQkq	1. d4 d5 2. c4 c6 3. Nc3 e5
D10	Slav Defense: Winawer Countergambit, Anti-Winawer Gambit	7	rnbqkbnr/pp3ppp/2p5/3pp3/2PPP3/2N5/PP3PPP/R1BQKBNR b KQkq	1. d4 d5 2. c4 c6 3. Nc3 e5 4. e4
D11	Slav Defense: Bonet Gambit	7	rnbqkb1r/pp2pppp/2p2n2/3p2B1/2PP4/5N2/PP2PPPP/RN1QKB1R b KQkq	1. d4 d5 2. c4 c6 3. Nf3 Nf6 4. Bg5
D11	Slav Defense: Breyer Variation	7	rnbqkb1r/pp2pppp/2p2n2/3p4/2PP4/5N2/PP1NPPPP/R1BQKB1R b KQkq	1. d4 d5 2. c4 c6 3. Nf3 Nf6 4. Nbd2
D11	Slav Defense: Modern Line	5	rnbqkbnr/pp2pppp/2p5/3p4/2PP4/5N2/PP2PPPP/RNBQKB1R b KQkq	1. d4 d5 2. c4 c6 3. Nf3
D11	Slav Defense: Modern Line	10	rnbqkb1r/pp2pp1p/2p2np1/8/2pP4/5NP1/PP2PPBP/RNBQK2R w KQkq	1. d4 d5 2. c4 c6 3. Nf3 Nf6 4. g3 dxc4 5. Bg2 g6
D11	Slav Defense: Modern Line	11	rn1qkb1r/pp3ppp/2p1pn2/3p4/2PP2b1/5NP1/PP2PPBP/RNBQ1RK1 b kq	1. d4 d5 2. c4 c6 3. Nf3 Nf6 4. g3 Bg4 5. Bg2 e6 6. O-O
D11	Slav Defense: Modern Line	11	r2qkb1r/pp1npppp/2p2n2/3p4/2PP2b1/5NP1/PP2PPBP/RNBQ1RK1 b kq	1. d4 d5 2. Nf3 Nf6 3. g3 c6 4. Bg2 Bg4 5. O-O Nbd7 6. c4
D11	Slav Defense: Quiet Variation	7	rnbqkb1r/pp2pppp/2p2n2/3p4/2PP4/4PN2/PP3PPP/RNBQKB1R b KQkq	1. d4 d5 2. c4 c6 3. Nf3 Nf6 4. e3
D11	Slav Defense: Quiet Variation, Pin Defense	8	rn1qkb1r/pp2pppp/2p2n2/3p4/2PP2b1/4PN2/PP3PPP/RNBQKB1R w KQkq	1. d4 d5 2. c4 c6 3. Nf3 Nf6 4. e3 Bg4
D12	Slav Defense: Quiet Variation, Amsterdam Variation	14	rn1qkb1r/pp1n1ppp/4p3/3pNb2/3P4/2N1P3/PP3PPP/R1BQKB1R w KQkq	1. d4 d5 2. c4 c6 3. Nf3 Nf6 4. e3 Bf5 5. cxd5 cxd5 6. Nc3 e6 7. Ne5 Nfd7
D12	Slav Defense: Quiet Variation, Landau Variation	15	rnq1kb1r/pp3ppp/4pn2/3p1b2/3P4/NQ2PN2/PP1B1PPP/R3KB1R b KQkq	1. d4 d5 2. c4 c6 3. Nf3 Nf6 4. e3 Bf5 5. cxd5 cxd5 6. Qb3 Qc8 7. Bd2 e6 8. Na3
D12	Slav Defense: Quiet Variation, Schallopp Defense	8	rn1qkb1r/pp2pppp/2p2n2/3p1b2/2PP4/4PN2/PP3PPP/RNBQKB1R w KQkq	1. d4 d5 2. c4 c6 3. Nf3 Nf6 4. e3 Bf5
D12	Slav Defense: Quiet Variation, Schallopp Defense	10	rn1qkb1r/pp3ppp/2p1pn2/3p1b2/2PP4/2N1PN2/PP3PPP/R1BQKB1R w KQkq	1. d4 d5 2. c4 c6 3. Nf3 Nf6 4. e3 Bf5 5. Nc3 e6
D13	Slav Defense: Exchange Variation	8	rnbqkb1r/pp2pppp/5n2/3p4/3P4/5N2/PP2PPPP/RNBQKB1R w KQkq	1. d4 d5 2. c4 c6 3. Nf3 Nf6 4. cxd5 cxd5
D13	Slav Defense: Exchange Variation, Schallopp Variation	11	rn1qkb1r/pp2pppp/5n2/3p1b2/3P4/2N1PN2/PP3PPP/R1BQKB1R b KQkq	1. d4 d5 2. c4 c6 3. Nf3 Nf6 4. e3 Bf5 5. cxd5 cxd5 6. Nc3
D14	Slav Defense: Exchange Variation, Symmetrical Line	12	r2qkb1r/pp2pppp/2n2n2/3p1b2/3P1B2/2N2N2/PP2PPPP/R2QKB1R w KQkq	1. d4 d5 2. c4 c6 3. cxd5 cxd5 4. Nc3 Nf6 5. Nf3 Nc6 6. Bf4 Bf5
D14	Slav Defense: Exchange Variation, Trifunovic Variation	16	r2qk2r/pp3ppp/2n1pn2/3p1b2/1b1P1B2/1QN1PN2/PP3PPP/R3KB1R w KQkq	1. d4 d5 2. c4 c6 3. Nf3 Nf6 4. cxd5 cxd5 5. Nc3 Nc6 6. Bf4 Bf5 7. e3 e6 8. Qb3 Bb4
D15	Slav Defense: Alekhine Variation	9	rnbqkb1r/pp2pppp/2p2n2/8/2pP4/2N1PN2/PP3PPP/R1BQKB1R b KQkq	1. d4 d5 2. c4 c6 3. Nf3 Nf6 4. Nc3 dxc4 5. e3
D15	Slav Defense: Chebanenko Variation	8	rnbqkb1r/1p2pppp/p1p2n2/3p4/2PP4/2N2N2/PP2PPPP/R1BQKB1R w KQkq	1. d4 d5 2. c4 c6 3. Nf3 Nf6 4. Nc3 a6
D15	Slav Defense: Chebanenko Variation	10	rn1qkb1r/1p2pppp/p1p2n2/3p1b2/2PP4/2N1PN2/PP3PPP/R1BQKB1R w KQkq	1. d4 d5 2. c4 c6 3. Nf3 Nf6 4. Nc3 a6 5. e3 Bf5
D15	Slav Defense: Chebanenko Variation, Advance System	9	rnbqkb1r/1p2pppp/p1p2n2/2Pp4/3P4/2N2N2/PP2PPPP/R1BQKB1R b KQkq	1. d4 d5 2. c4 c6 3. Nf3 Nf6 4. Nc3 a6 5. c5
D15	Slav Defense: Geller Gambit	9	rnbqkb1r/pp2pppp/2p2n2/8/2pPP3/2N2N2/PP3PPP/R1BQKB1R b KQkq	1. d4 d5 2. c4 c6 3. Nf3 Nf6 4. Nc3 dxc4 5. e4
D15	Slav Defense: Geller Gambit	11	rnbqkb1r/p3pppp/2p2n2/1p2P3/2pP4/2N2N2/PP3PPP/R1BQKB1R b KQkq	1. d4 d5 2. c4 c6 3. Nf3 Nf6 4. Nc3 dxc4 5. e4 b5 6. e5
D15	Slav Defense: Schlechter Variation	8	rnbqkb1r/pp2pp1p/2p2np1/3p4/2PP4/2N2N2/PP2PPPP/R1BQKB1R w KQkq	1. d4 d5 2. c4 c6 3. Nf3 Nf6 4. Nc3 g6
D15	Slav Defense: Süchting Variation	8	rnb1kb1r/pp2pppp/1qp2n2/3p4/2PP4/2N2N2/PP2PPPP/R1BQKB1R w KQkq	1. d4 d5 2. c4 c6 3. Nf3 Nf6 4. Nc3 Qb6
D15	Slav Defense: Three Knights Variation	7	rnbqkb1r/pp2pppp/2p2n2/3p4/2PP4/2N2N2/PP2PPPP/R1BQKB1R b KQkq	1. d4 d5 2. c4 c6 3. Nf3 Nf6 4. Nc3
D15	Slav Defense: Two Knights Attack	8	rnbqkb1r/pp2pppp/2p2n2/8/2pP4/2N2N2/PP2PPPP/R1BQKB1R w KQkq	1. d4 d5 2. c4 c6 3. Nf3 Nf6 4. Nc3 dxc4
D16	Slav Defense: Alapin Variation	9	rnbqkb1r/pp2pppp/2p2n2/8/P1pP4/2N2N2/1P2PPPP/R1BQKB1R b KQkq	1. d4 d5 2. c4 c6 3. Nf3 Nf6 4. Nc3 dxc4 5. a4
D16	Slav Defense: Smyslov Variation	10	r1bqkb1r/pp2pppp/n1p2n2/8/P1pP4/2N2N2/1P2PPPP/R1BQKB1R w KQkq	1. d4 d5 2. c4 c6 3. Nf3 Nf6 4. Nc3 dxc4 5. a4 Na6
D16	Slav Defense: Soultanbeieff Variation	10	rnbqkb1r/pp3ppp/2p1pn2/8/P1pP4/2N2N2/1P2PPPP/R1BQKB1R w KQkq	1. d4 d5 2. c4 c6 3. Nf3 Nf6 4. Nc3 dxc4 5. a4 e6
D16	Slav Defense: Steiner Variation	10	rn1qkb1r/pp2pppp/2p2n2/8/P1pP2b1/2N2N2/1P2PPPP/R1BQKB1R w KQkq	1. d4 d5 2. c4 c6 3. Nf3 Nf6 4. Nc3 dxc4 5. a4 Bg4
D17	Slav Defense: Czech Variation	10	rn1qkb1r/pp2pppp/2p2n2/5b2/P1pP4/2N2N2/1P2PPPP/R1BQKB1R w KQkq	1. d4 d5 2. c4 c6 3. Nf3 Nf6 4. Nc3 dxc4 5. a4 Bf5
D17	Slav Defense: Czech Variation, Bled Attack	11	rn1qkb1r/pp2pppp/2p2n2/5b2/P1pP3N/2N5/1P2PPPP/R1BQKB1R b KQkq	1. d4 d5 2. c4 c6 3. Nf3 Nf6 4. Nc3 dxc4 5. a4 Bf5 6. Nh4
D17	Slav Defense: Czech Variation, Carlsbad Variation	16	r3kb1r/ppqn1ppp/2p2n2/4pb2/P1NP4/2N3P1/1P2PP1P/R1BQKB1R w KQkq	1. d4 d5 2. c4 c6 3. Nf3 Nf6 4. Nc3 dxc4 5. a4 Bf5 6. Ne5 Nbd7 7. Nxc4 Qc7 8. g3 e5
D17	Slav Defense: Czech Variation, Carlsbad Variation, Morozevich Variation	22	r3kb1r/ppqn1p1p/2p5/4nbp1/P1N2B2/2N3P1/1P2PPBP/R2QK2R w KQkq	1. d4 d5 2. c4 c6 3. Nf3 Nf6 4. Nc3 dxc4 5. a4 Bf5 6. Ne5 Nbd7 7. Nxc4 Qc7 8. g3 e5 9. dxe5 Nxe5 10. Bf4 Nfd7 11. Bg2 g5
D17	Slav Defense: Czech Variation, Krause Attack	11	rn1qkb1r/pp2pppp/2p2n2/4Nb2/P1pP4/2N5/1P2PPPP/R1BQKB1R b KQkq	1. d4 d5 2. c4 c6 3. Nf3 Nf6 4. Nc3 dxc4 5. a4 Bf5 6. Ne5
D17	Slav Defense: Czech Variation, Krause Attack, Fazekas Gambit	13	r2qkb1r/pp2pppp/n1p2n2/4Nb2/P1pPP3/2N5/1P3PPP/R1BQKB1R b KQkq	1. d4 d5 2. c4 c6 3. Nf3 Nf6 4. Nc3 dxc4 5. a4 Bf5 6. Ne5 Na6 7. e4
D17	Slav Defense: Czech Variation, Wiesbaden Variation	12	rn1qkb1r/pp3ppp/2p1pn2/4Nb2/P1pP4/2N5/1P2PPPP/R1BQKB1R w KQkq	1. d4 d5 2. c4 c6 3. Nf3 Nf6 4. Nc3 dxc4 5. a4 Bf5 6. Ne5 e6
D17	Slav Defense: Czech Variation, Wiesbaden Variation, Sharp Line	15	rn1qk2r/pp3ppp/2p1pn2/4Nb2/PbpPP3/2N2P2/1P4PP/R1BQKB1R b KQkq	1. d4 d5 2. c4 c6 3. Nf3 Nf6 4. Nc3 dxc4 5. a4 Bf5 6. Ne5 e6 7. f3 Bb4 8. e4
D18	Slav Defense: Czech Variation, Classical System	11	rn1qkb1r/pp2pppp/2p2n2/5b2/P1pP4/2N1PN2/1P3PPP/R1BQKB1R b KQkq	1. d4 d5 2. c4 c6 3. Nf3 Nf6 4. Nc3 dxc4 5. a4 Bf5 6. e3
D18	Slav Defense: Czech Variation, Lasker Variation	12	r2qkb1r/pp2pppp/n1p2n2/5b2/P1pP4/2N1PN2/1P3PPP/R1BQKB1R w KQkq	1. d4 d5 2. c4 c6 3. Nf3 Nf6 4. Nc3 dxc4 5. a4 Bf5 6. e3 Na6
D19	Slav Defense: Czech Variation, Classical System, Main Line	17	rn1q1rk1/pp3ppp/2p1pn2/5b2/PbBP4/2N1PN2/1P2QPPP/R1B2RK1 b -	1. d4 d5 2. c4 c6 3. Nf3 Nf6 4. Nc3 dxc4 5. a4 Bf5 6. e3 e6 7. Bxc4 Bb4 8. O-O O-O 9. Qe2
D19	Slav Defense: Czech Variation, Dutch Variation	15	rn1qk2r/pp3ppp/2p1pn2/5b2/PbBP4/2N1PN2/1P3PPP/R1BQ1RK1 b kq	1. d4 d5 2. c4 c6 3. Nf3 Nf6 4. Nc3 dxc4 5. a4 Bf5 6. e3 e6 7. Bxc4 Bb4 8. O-O
D19	Slav Defense: Czech Variation, Dutch Variation, Sämisch Variation	19	rn1q1rk1/pp3ppp/2p1p3/5b2/PbBPn1P1/2N1PN2/1P2QP1P/R1B2RK1 b -	1. d4 d5 2. c4 c6 3. Nf3 Nf6 4. Nc3 dxc4 5. a4 Bf5 6. e3 e6 7. Bxc4 Bb4 8. O-O O-O 9. Qe2 Ne4 10. g4
D20	Queen's Gambit Accepted	4	rnbqkbnr/ppp1pppp/8/8/2pP4/8/PP2PPPP/RNBQKBNR w KQkq	1. d4 d5 2. c4 dxc4
D20	Queen's Gambit Accepted: Accelerated Mannheim Variation	5	rnbqkbnr/ppp1pppp/8/8/Q1pP4/8/PP2PPPP/RNB1KBNR b KQkq	1. d4 d5 2. c4 dxc4 3. Qa4+
D20	Queen's Gambit Accepted: Central Variation, Alekhine System	6	rnbqkb1r/ppp1pppp/5n2/8/2pPP3/8/PP3PPP/RNBQKBNR w KQkq	1. d4 d5 2. c4 dxc4 3. e4 Nf6
D20	Queen's Gambit Accepted: Central Variation, Greco Variation	6	rnbqkbnr/p1p1pppp/8/1p6/2pPP3/8/PP3PPP/RNBQKBNR w KQkq	1. d4 d5 2. c4 dxc4 3. e4 b5
D20	Queen's Gambit Accepted: Central Variation, McDonnell Defense	6	rnbqkbnr/ppp2ppp/8/4p3/2pPP3/8/PP3PPP/RNBQKBNR w KQkq	1. d4 d5 2. c4 dxc4 3. e4 e5
D20	Queen's Gambit Accepted: Central Variation, McDonnell Defense, Somov Gambit	7	rnbqkbnr/ppp2ppp/8/4p3/2BPP3/8/PP3PPP/RNBQK1NR b KQkq	1. d4 d5 2. c4 dxc4 3. e4 e5 4. Bxc4
D20	Queen's Gambit Accepted: Central Variation, Modern Defense	6	r1bqkbnr/ppp1pppp/2n5/8/2pPP3/8/PP3PPP/RNBQKBNR w KQkq	1. d4 d5 2. c4 dxc4 3. e4 Nc6
D20	Queen's Gambit Accepted: Central Variation, Rubinstein Defense	6	rnbqkbnr/pp2pppp/8/2p5/2pPP3/8/PP3PPP/RNBQKBNR w KQkq	1. d4 d5 2. c4 dxc4 3. e4 c5
D20	Queen's Gambit Accepted: Central Variation, Rubinstein Defense, Yefimov Gambit	8	rnbqkbnr/p3pppp/8/1ppP4/2p1P3/8/PP3PPP/RNBQKBNR w KQkq	1. d4 d5 2. c4 dxc4 3. e4 c5 4. d5 b5
D20	Queen's Gambit Accepted: Linares Variation	10	rnbqkb1r/p3pppp/5n2/1ppP4/2p1P3/2N5/PP3PPP/R1BQKBNR w KQkq	1. d4 d5 2. c4 dxc4 3. e4 c5 4. d5 Nf6 5. Nc3 b5
D20	Queen's Gambit Accepted: Old Variation	5	rnbqkbnr/ppp1pppp/8/8/2pP4/4P3/PP3PPP/RNBQKBNR b KQkq	1. d4 d5 2. c4 dxc4 3. e3
D20	Queen's Gambit Accepted: Old Variation, Billinger Gambit	11	rnb1kbnr/ppp1qppp/8/8/2Bp4/PQ2P3/1P3PPP/RNB1K1NR b KQkq	1. d4 d5 2. c4 dxc4 3. e3 e5 4. Bxc4 exd4 5. Qb3 Qe7 6. a3
D20	Queen's Gambit Accepted: Old Variation, Christensen Gambit	11	rnb1kbnr/ppp1qppp/8/8/2Bp4/1Q2PN2/PP3PPP/RNB1K2R b KQkq	1. d4 d5 2. c4 dxc4 3. e3 e5 4. Bxc4 exd4 5. Qb3 Qe7 6. Nf3
D20	Queen's Gambit Accepted: Old Variation, Korchnoi Gambit	11	rnb1kbnr/ppp1qppp/8/8/2Bp4/1Q2P3/PP3PPP/RNB2KNR b kq	1. d4 d5 2. c4 dxc4 3. e3 e5 4. Bxc4 exd4 5. Qb3 Qe7 6. Kf1
D20	Queen's Gambit Accepted: Old Variation, Novikov Gambit	11	rnb1kbnr/ppp1qppp/8/8/2Bp4/1Q2P3/PP1N1PPP/R1B1K1NR b KQkq	1. d4 d5 2. c4 dxc4 3. e3 e5 4. Bxc4 exd4 5. Qb3 Qe7 6. Nd2
D20	Queen's Gambit Accepted: Saduleto Variation	5	rnbqkbnr/ppp1pppp/8/8/2pPP3/8/PP3PPP/RNBQKBNR b KQkq	1. d4 d5 2. c4 dxc4 3. e4
D20	Queen's Gambit Accepted: Schwartz Defense	6	rnbqkbnr/ppp1p1pp/8/5p2/2pPP3/8/PP3PPP/RNBQKBNR w KQkq	1. d4 d5 2. c4 dxc4 3. e4 f5
D21	Queen's Gambit Accepted: Alekhine Defense, Borisenko-Furman Variation	7	rnbqkbnr/1pp1pppp/p7/8/2pPP3/5N2/PP3PPP/RNBQKB1R b KQkq	1. d4 d5 2. c4 dxc4 3. Nf3 a6 4. e4
D21	Queen's Gambit Accepted: Godes Variation	6	r1bqkbnr/pppnpppp/8/8/2pP4/5N2/PP2PPPP/RNBQKB1R w KQkq	1. d4 d5 2. c4 dxc4 3. Nf3 Nd7
D21	Queen's Gambit Accepted: Gunsberg Defense	6	rnbqkbnr/pp2pppp/8/2p5/2pP4/5N2/PP2PPPP/RNBQKB1R w KQkq	1. d4 d5 2. c4 dxc4 3. Nf3 c5
D21	Queen's Gambit Accepted: Normal Variation	5	rnbqkbnr/ppp1pppp/8/8/2pP4/5N2/PP2PPPP/RNBQKB1R b KQkq	1. d4 d5 2. c4 dxc4 3. Nf3
D21	Queen's Gambit Accepted: Rosenthal Variation	6	rnbqkbnr/ppp2ppp/4p3/8/2pP4/5N2/PP2PPPP/RNBQKB1R w KQkq	1. d4 d5 2. c4 dxc4 3. Nf3 e6
D21	Queen's Gambit Accepted: Slav Gambit	6	rnbqkbnr/p1p1pppp/8/1p6/2pP4/5N2/PP2PPPP/RNBQKB1R w KQkq	1. d4 d5 2. c4 dxc4 3. Nf3 b5
D22	Queen's Gambit Accepted: Alekhine Defense	6	rnbqkbnr/1pp1pppp/p7/8/2pP4/5N2/PP2PPPP/RNBQKB1R w KQkq	1. d4 d5 2. c4 dxc4 3. Nf3 a6
D22	Queen's Gambit Accepted: Alekhine Defense, Alatortsev Variation	11	rn1qkbnr/1pp2ppp/p3p3/3P4/2B3b1/4PN2/PP3PPP/RNBQK2R b KQkq	1. d4 d5 2. c4 dxc4 3. Nf3 a6 4. e3 Bg4 5. Bxc4 e6 6. d5
D22	Queen's Gambit Accepted: Alekhine Defense, Haberditz Variation	8	rnbqkbnr/2p1pppp/p7/1p6/2pP4/4PN2/PP3PPP/RNBQKB1R w KQkq	1. d4 d5 2. c4 dxc4 3. Nf3 a6 4. e3 b5
D23	Queen's Gambit Accepted	6	rnbqkb1r/ppp1pppp/5n2/8/2pP4/5N2/PP2PPPP/RNBQKB1R w KQkq	1. d4 d5 2. c4 dxc4 3. Nf3 Nf6
D23	Queen's Gambit Accepted: Mannheim Variation	7	rnbqkb1r/ppp1pppp/5n2/8/Q1pP4/5N2/PP2PPPP/RNB1KB1R b KQkq	1. d4 d5 2. c4 dxc4 3. Nf3 Nf6 4. Qa4+
D23	Queen's Gambit Accepted: Mannheim Variation	9	rnbqkb1r/pp2pppp/2p2n2/8/2QP4/5N2/PP2PPPP/RNB1KB1R b KQkq	1. d4 d5 2. c4 dxc4 3. Nf3 Nf6 4. Qa4+ c6 5. Qxc4
D23	Queen's Gambit Accepted: Mannheim Variation	11	rnbqkb1r/pp3ppp/2p1pn2/8/3P4/5N2/PPQ1PPPP/RNB1KB1R b KQkq	1. d4 d5 2. c4 dxc4 3. Nf3 Nf6 4. Qa4+ c6 5. Qxc4 e6 6. Qc2
D24	Queen's Gambit Accepted	9	rnbqkb1r/ppp2ppp/4pn2/8/2pPP3/2N2N2/PP3PPP/R1BQKB1R b KQkq	1. d4 d5 2. c4 e6 3. Nf3 Nf6 4. Nc3 dxc4 5. e4
D24	Queen's Gambit Accepted	9	rnbqkb1r/ppp2ppp/4pn2/6B1/2pP4/2N2N2/PP2PPPP/R2QKB1R b KQkq	1. d4 d5 2. c4 e6 3. Nf3 Nf6 4. Nc3 dxc4 5. Bg5
D24	Queen's Gambit Accepted: Bogoljubow Defense	9	rnbqkb1r/1pp1pppp/p4n2/8/2pPP3/2N2N2/PP3PPP/R1BQKB1R b KQkq	1. d4 d5 2. c4 dxc4 3. Nf3 Nf6 4. Nc3 a6 5. e4
D24	Queen's Gambit Accepted: Gunsberg Defense, Prianishenmo Gambit	13	rnbqkb1r/pp3ppp/5n2/2ppP3/2p5/2N2N2/PP3PPP/R1BQKB1R b KQkq	1. d4 d5 2. c4 dxc4 3. Nf3 Nf6 4. Nc3 c5 5. d5 e6 6. e4 exd5 7. e5
D24	Queen's Gambit Accepted: Showalter Variation	7	rnbqkb1r/ppp1pppp/5n2/8/2pP4/2N2N2/PP2PPPP/R1BQKB1R b KQkq	1. d4 d5 2. c4 dxc4 3. Nf3 Nf6 4. Nc3
D25	Queen's Gambit Accepted: Janowski-Larsen Variation	8	rn1qkb1r/ppp1pppp/5n2/8/2pP2b1/4PN2/PP3PPP/RNBQKB1R w KQkq	1. d4 d5 2. c4 dxc4 3. Nf3 Nf6 4. e3 Bg4
D25	Queen's Gambit Accepted: Normal Variation	7	rnbqkb1r/ppp1pppp/5n2/8/2pP4/4PN2/PP3PPP/RNBQKB1R b KQkq	1. d4 d5 2. c4 dxc4 3. Nf3 Nf6 4. e3
D25	Queen's Gambit Accepted: Smyslov Variation	8	rnbqkb1r/ppp1pp1p/5np1/8/2pP4/4PN2/PP3PPP/RNBQKB1R w KQkq	1. d4 d5 2. c4 dxc4 3. Nf3 Nf6 4. e3 g6
D25	Queen's Gambit Accepted: Winawer Defense	8	rn1qkb1r/ppp1pppp/4bn2/8/2pP4/4PN2/PP3PPP/RNBQKB1R w KQkq	1. d4 d5 2. c4 dxc4 3. Nf3 Nf6 4. e3 Be6
D26	Queen's Gambit Accepted: Classical Defense	10	rnbqkb1r/pp3ppp/4pn2/2p5/2BP4/4PN2/PP3PPP/RNBQK2R w KQkq	1. d4 d5 2. c4 dxc4 3. Nf3 Nf6 4. e3 e6 5. Bxc4 c5
D26	Queen's Gambit Accepted: Classical Defense, Normal Line	11	rnbqkb1r/pp3ppp/4pn2/2p5/2BP4/4PN2/PP3PPP/RNBQ1RK1 b kq	1. d4 d5 2. c4 dxc4 3. Nf3 Nf6 4. e3 e6 5. Bxc4 c5 6. O-O
D26	Queen's Gambit Accepted: Classical Defense, Steinitz Variation, Development Variation	12	r1bqkb1r/pp3ppp/2n1pn2/2p5/2BP4/4PN2/PP3PPP/RNBQ1RK1 w kq	1. d4 d5 2. c4 dxc4 3. Nf3 Nf6 4. e3 e6 5. Bxc4 c5 6. O-O Nc6
D26	Queen's Gambit Accepted: Classical Defense, Steinitz Variation, Exchange Variation	12	rnbqkb1r/pp3ppp/4pn2/8/2Bp4/4PN2/PP3PPP/RNBQ1RK1 w kq	1. d4 d5 2. c4 dxc4 3. Nf3 Nf6 4. e3 e6 5. Bxc4 c5 6. O-O cxd4
D26	Queen's Gambit Accepted: Classical, Furman Variation	19	r1bqk2r/5ppp/p1n1pn2/1pb1P3/2B5/5N2/PP2QPPP/RNB2RK1 b kq	1. d4 d5 2. c4 dxc4 3. Nf3 Nf6 4. e3 e6 5. Bxc4 c5 6. Qe2 a6 7. dxc5 Bxc5 8. O-O Nc6 9. e4 b5 10. e5
D26	Queen's Gambit Accepted: Normal Variation, .. a6 Sideline	12	rnbqkb1r/2p2ppp/p3pn2/1p6/2BP4/2N1PN2/PP3PPP/R1BQK2R w KQkq	1. d4 d5 2. c4 dxc4 3. Nf3 Nf6 4. e3 e6 5. Bxc4 a6 6. Nc3 b5
D26	Queen's Gambit Accepted: Normal Variation, .. a6 Sideline	15	rn1qkb1r/1bp2ppp/p3pn2/1p6/3P4/1BN1PN2/PP3PPP/R1BQ1RK1 b kq	1. d4 d5 2. c4 dxc4 3. Nf3 Nf6 4. e3 e6 5. Bxc4 a6 6. Nc3 b5 7. Bb3 Bb7 8. O-O
D26	Queen's Gambit Accepted: Normal Variation, Traditional System	8	rnbqkb1r/ppp2ppp/4pn2/8/2pP4/4PN2/PP3PPP/RNBQKB1R w KQkq	1. d4 d5 2. c4 dxc4 3. Nf3 Nf6 4. e3 e6
D26	Queen's Gambit Accepted: Normal Variation, Traditional System	12	rnbqk2r/1pp1bppp/p3pn2/8/2BP4/4PN2/PP3PPP/RNBQ1RK1 w kq	1. d4 d5 2. c4 dxc4 3. Nf3 Nf6 4. e3 e6 5. Bxc4 Be7 6. O-O a6
D26	Queen's Gambit Accepted: Normal Variation, Traditional System	12	rnbq1rk1/ppp1bppp/4pn2/8/2BP4/4PN2/PP3PPP/RNBQ1RK1 w -	1. d4 d5 2. c4 dxc4 3. Nf3 Nf6 4. e3 e6 5. Bxc4 Be7 6. O-O O-O
D26	Queen's Gambit Accepted: Normal Variation, Traditional System	13	rnbq1rk1/ppp1bppp/4pn2/8/2BP4/2N1PN2/PP3PPP/R1BQ1RK1 b -	1. d4 d5 2. c4 dxc4 3. Nf3 Nf6 4. e3 e6 5. Bxc4 Be7 6. O-O O-O 7. Nc3
D27	Queen's Gambit Accepted: Classical Defense, Main Line	12	rnbqkb1r/1p3ppp/p3pn2/2p5/2BP4/4PN2/PP3PPP/RNBQ1RK1 w kq	1. d4 d5 2. c4 dxc4 3. Nf3 Nf6 4. e3 e6 5. Bxc4 c5 6. O-O a6
D27	Queen's Gambit Accepted: Classical Defense, Main Line	13	rnbqkb1r/1p3ppp/p3pn2/2p5/2BP4/2N1PN2/PP3PPP/R1BQ1RK1 b kq	1. d4 d5 2. c4 dxc4 3. Nf3 Nf6 4. e3 e6 5. Bxc4 c5 6. O-O a6 7. Nc3
D27	Queen's Gambit Accepted: Classical Defense, Main Line	16	rn1qkb1r/1b3ppp/p3pn2/1pp5/3P4/1BN1PN2/PP3PPP/R1BQ1RK1 w kq	1. d4 d5 2. c4 dxc4 3. Nf3 Nf6 4. e3 e6 5. Bxc4 a6 6. Nc3 b5 7. Bb3 Bb7 8. O-O c5
D27	Queen's Gambit Accepted: Classical Defense, Rubinstein Variation	13	rnbqkb1r/1p3ppp/p3pn2/2p5/P1BP4/4PN2/1P3PPP/RNBQ1RK1 b kq	1. d4 d5 2. c4 dxc4 3. Nf3 Nf6 4. e3 e6 5. Bxc4 c5 6. O-O a6 7. a4
D27	Queen's Gambit Accepted: Classical Defense, Rubinstein Variation	16	rnbq1rk1/1p2bppp/p3pn2/2p5/P1BP4/2N1PN2/1P3PPP/R1BQ1RK1 w -	1. d4 d5 2. c4 dxc4 3. Nf3 e6 4. e3 Nf6 5. Bxc4 Be7 6. O-O O-O 7. Nc3 a6 8. a4 c5
D27	Queen's Gambit Accepted: Classical Defense, Russian Gambit	13	rnbqkb1r/1p3ppp/p3pn2/2p5/2BPP3/5N2/PP3PPP/RNBQ1RK1 b kq	1. d4 d5 2. c4 dxc4 3. e3 Nf6 4. Bxc4 e6 5. Nf3 c5 6. O-O a6 7. e4
D27	Queen's Gambit Accepted: Furman Variation	14	rnbqk2r/1p3ppp/p3pn2/2b5/2B5/4PN2/PP3PPP/RNBQ1RK1 w kq	1. d4 d5 2. c4 dxc4 3. Nf3 Nf6 4. e3 e6 5. Bxc4 c5 6. O-O a6 7. dxc5 Bxc5
D28	Queen's Gambit Accepted: Classical Defense, Alekhine System	13	rnbqkb1r/1p3ppp/p3pn2/2p5/2BP4/4PN2/PP2QPPP/RNB2RK1 b kq	1. d4 d5 2. c4 dxc4 3. Nf3 Nf6 4. e3 e6 5. Bxc4 c5 6. O-O a6 7. Qe2
D28	Queen's Gambit Accepted: Classical Defense, Alekhine System	14	rnbqkb1r/5ppp/p3pn2/1pp5/2BP4/4PN2/PP2QPPP/RNB2RK1 w kq	1. d4 d5 2. c4 dxc4 3. Nf3 Nf6 4. e3 e6 5. Bxc4 c5 6. O-O a6 7. Qe2 b5
D28	Queen's Gambit Accepted: Classical, Flohr Variation	26	r3kb1r/1bq2ppp/p3pn2/1p1P4/2p5/2N1PN2/PPQ2PPP/R1BR2K1 w kq	1. d4 d5 2. c4 dxc4 3. Nf3 Nf6 4. e3 e6 5. Bxc4 c5 6. O-O a6 7. Qe2 b5 8. Bb3 Nc6 9. Rd1 c4 10. Bc2 Nb4 11. Nc3 Nxc2 12. Qxc2 Bb7 13. d5 Qc7
D29	Queen's Gambit Accepted: Classical Defense, Alekhine System, Main Line	16	rn1qkb1r/1b3ppp/p3pn2/1pp5/3P4/1B2PN2/PP2QPPP/RNB2RK1 w kq	1. d4 d5 2. c4 dxc4 3. Nf3 Nf6 4. e3 e6 5. Bxc4 c5 6. O-O a6 7. Qe2 b5 8. Bb3 Bb7
D29	Queen's Gambit Accepted: Classical Defense, Alekhine System, Main Line	17	rn1qkb1r/1b3ppp/p3pn2/1pp5/3P4/1BN1PN2/PP2QPPP/R1B2RK1 b kq	1. d4 d5 2. c4 dxc4 3. Nf3 Nf6 4. e3 e6 5. Bxc4 c5 6. O-O a6 7. Qe2 b5 8. Bb3 Bb7 9. Nc3
D29	Queen's Gambit Accepted: Classical Defense, Alekhine System, Smyslov Variation	20	r2qk2r/1b1n1ppp/p2bpn2/1pp5/3P4/1BN1PN2/PP2QPPP/R1BR2K1 w kq	1. d4 d5 2. c4 dxc4 3. Nf3 Nf6 4. e3 e6 5. Bxc4 c5 6. O-O a6 7. Qe2 b5 8. Bb3 Bb7 9. Rd1 Nbd7 10. Nc3 Bd6
D30	Queen's Gambit Declined	4	rnbqkbnr/ppp2ppp/4p3/3p4/2PP4/8/PP2PPPP/RNBQKBNR w KQkq	1. d4 d5 2. c4 e6
D30	Queen's Gambit Declined	11	rnbqkb1r/pp3ppp/2p1pn2/8/2QP4/5NP1/PP2PP1P/RNB1KB1R b KQkq	1. d4 d5 2. c4 e6 3. Nf3 c6 4. Qc2 dxc4 5. Qxc4 Nf6 6. g3
D30	Queen's Gambit Declined: Capablanca Variation	8	rnbqkb1r/ppp2pp1/4pn1p/3p2B1/2PP4/5N2/PP2PPPP/RN1QKB1R w KQkq	1. d4 Nf6 2. c4 e6 3. Nf3 d5 4. Bg5 h6
D30	Queen's Gambit Declined: Capablanca Variation	11	r1bqkb1r/pp1n1ppp/2p1pn2/3p2B1/2PP4/4PN2/PP1N1PPP/R2QKB1R b KQkq	1. d4 Nf6 2. Nf3 e6 3. c4 d5 4. Bg5 c6 5. Nbd2 Nbd7 6. e3
D30	Queen's Gambit Declined: Semmering Variation	12	r1bqkb1r/pp1n1ppp/4pn2/2pp4/2PP4/3BPN2/PP1N1PPP/R1BQK2R w KQkq	1. d4 d5 2. c4 c6 3. Nf3 Nf6 4. e3 e6 5. Nbd2 Nbd7 6. Bd3 c5
D30	Queen's Gambit Declined: Spielmann Variation	10	rnbqkb1r/pp3p1p/2p1pnp1/3p4/2PP4/4PN2/PP1N1PPP/R1BQKB1R w KQkq	1. d4 d5 2. c4 e6 3. Nf3 Nf6 4. e3 c6 5. Nbd2 g6
D30	Queen's Gambit Declined: Stonewall Variation	12	rnbqkb1r/pp4pp/2p1p3/3p1p2/2PPn3/3BPN2/PP1N1PPP/R1BQK2R w KQkq	1. d4 d5 2. c4 c6 3. Nf3 Nf6 4. e3 e6 5. Nbd2 Ne4 6. Bd3 f5
D30	Queen's Gambit Declined: Tarrasch Defense, Pseudo-Tarrasch	6	rnbqkbnr/pp3ppp/4p3/2pp4/2PP4/5N2/PP2PPPP/RNBQKB1R w KQkq	1. d4 d5 2. c4 e6 3. Nf3 c5
D30	Queen's Gambit Declined: Tarrasch Defense, Pseudo-Tarrasch Bishop Attack	9	rnbqkbnr/pp3ppp/8/2pp2B1/3P4/5N2/PP2PPPP/RN1QKB1R b KQkq	1. d4 d5 2. c4 e6 3. Nf3 c5 4. cxd5 exd5 5. Bg5
D30	Queen's Gambit Declined: Traditional Variation	7	rnbqkb1r/ppp2ppp/4pn2/3p2B1/2PP4/5N2/PP2PPPP/RN1QKB1R b KQkq	1. d4 Nf6 2. c4 e6 3. Nf3 d5 4. Bg5
D30	Queen's Gambit Declined: Traditional Variation	11	rnbqkb1r/pp3ppp/2p1pn2/6B1/2QP4/5N2/PP2PPPP/RN2KB1R b KQkq	1. d4 Nf6 2. c4 e6 3. Nf3 d5 4. Bg5 dxc4 5. Qa4+ c6 6. Qxc4
D30	Queen's Gambit Declined: Vienna Variation	8	rnbqk2r/ppp2ppp/4pn2/3p2B1/1bPP4/5N2/PP2PPPP/RN1QKB1R w KQkq	1. d4 Nf6 2. c4 e6 3. Nf3 d5 4. Bg5 Bb4+
D30	Semi-Slav Defense: Quiet Variation	9	rnbqkb1r/pp3ppp/2p1pn2/3p4/2PP4/4PN2/PP1N1PPP/R1BQKB1R b KQkq	1. d4 d5 2. c4 c6 3. Nf3 Nf6 4. e3 e6 5. Nbd2
D30	Semi-Slav Defense: Quiet Variation	10	r1bqkb1r/pp1n1ppp/2p1pn2/3p4/2PP4/4PN2/PP1N1PPP/R1BQKB1R w KQkq	1. d4 d5 2. c4 c6 3. Nf3 Nf6 4. e3 e6 5. Nbd2 Nbd7
D31	Queen's Gambit Declined: Alapin Variation	6	rnbqkbnr/p1p2ppp/1p2p3/3p4/2PP4/2N5/PP2PPPP/R1BQKBNR w KQkq	1. d4 e6 2. c4 b6 3. Nc3 d5
D31	Queen's Gambit Declined: Charousek Variation	6	rnbqk1nr/ppp1bppp/4p3/3p4/2PP4/2N5/PP2PPPP/R1BQKBNR w KQkq	1. d4 d5 2. c4 e6 3. Nc3 Be7
D31	Queen's Gambit Declined: Charousek Variation, Miladinovic Gambit	9	rnbqk1nr/ppp1bppp/4p3/8/2PPp3/2N2P2/PP4PP/R1BQKBNR b KQkq	1. d4 d5 2. c4 e6 3. Nc3 Be7 4. e4 dxe4 5. f3
D31	Queen's Gambit Declined: Janowski Variation	6	rnbqkbnr/1pp2ppp/p3p3/3p4/2PP4/2N5/PP2PPPP/R1BQKBNR w KQkq	1. d4 d5 2. c4 e6 3. Nc3 a6
D31	Queen's Gambit Declined: Queen's Knight Variation	5	rnbqkbnr/ppp2ppp/4p3/3p4/2PP4/2N5/PP2PPPP/R1BQKBNR b KQkq	1. d4 d5 2. c4 e6 3. Nc3
D31	Queen's Gambit Declined: Semi-Slav, Abrahams Variation	14	rnbqk1nr/5ppp/2p1p3/pp6/PbpP4/2N1PN2/1P1B1PPP/R2QKB1R w KQkq	1. d4 d5 2. c4 e6 3. Nc3 c6 4. Nf3 dxc4 5. a4 Bb4 6. e3 b5 7. Bd2 a5
D31	Queen's Gambit Declined: Semi-Slav, Junge Variation	14	rnb1k1nr/p4ppp/1qp1p3/1p6/PbpP4/2N1PN2/1P1B1PPP/R2QKB1R w KQkq	1. d4 d5 2. c4 e6 3. Nf3 c6 4. Nc3 dxc4 5. a4 Bb4 6. e3 b5 7. Bd2 Qb6
D31	Queen's Gambit Declined: Semi-Slav, Koomen Variation	14	rnb1k1nr/p3qppp/2p1p3/1p6/PbpP4/2N1PN2/1P1B1PPP/R2QKB1R w KQkq	1. d4 d5 2. c4 e6 3. Nc3 c6 4. Nf3 dxc4 5. e3 b5 6. a4 Bb4 7. Bd2 Qe7
D31	Semi-Slav Defense: Accelerated Move Order	6	rnbqkbnr/pp3ppp/2p1p3/3p4/2PP4/2N5/PP2PPPP/R1BQKBNR w KQkq	1. d4 d5 2. c4 e6 3. Nc3 c6
D31	Semi-Slav Defense: Anti-Noteboom, Stonewall Variation	8	rnbqkbnr/pp4pp/2p1p3/3p1p2/2PP4/2N1P3/PP3PPP/R1BQKBNR w KQkq	1. d4 d5 2. c4 e6 3. Nc3 c6 4. e3 f5
D31	Semi-Slav Defense: Anti-Noteboom, Stonewall Variation, Portisch Gambit	9	rnbqkbnr/pp4pp/2p1p3/3p1p2/2PP2P1/2N1P3/PP3P1P/R1BQKBNR b KQkq	1. d4 d5 2. c4 e6 3. Nc3 c6 4. e3 f5 5. g4
D31	Semi-Slav Defense: Gunderam Gambit	9	rnbqkbnr/pp3ppp/2p1p3/8/2PPp3/2N2P2/PP4PP/R1BQKBNR b KQkq	1. d4 d5 2. c4 e6 3. Nc3 c6 4. e4 dxe4 5. f3
D31	Semi-Slav Defense: Marshall Gambit	7	rnbqkbnr/pp3ppp/2p1p3/3p4/2PPP3/2N5/PP3PPP/R1BQKBNR b KQkq	1. d4 d5 2. c4 e6 3. Nc3 c6 4. e4
D31	Semi-Slav Defense: Marshall Gambit, Forgotten Variation	11	rnbqk1nr/pp3ppp/2p1p3/8/1bPP4/2N5/PP3PPP/R1BQKBNR b KQkq	1. d4 d5 2. c4 e6 3. Nc3 c6 4. e4 dxe4 5. Nxe4 Bb4+ 6. Nc3
D31	Semi-Slav Defense: Marshall Gambit, Main Line	11	rnbqk1nr/pp3ppp/2p1p3/8/1bPPN3/8/PP1B1PPP/R2QKBNR b KQkq	1. d4 d5 2. c4 e6 3. Nc3 c6 4. e4 dxe4 5. Nxe4 Bb4+ 6. Bd2
D31	Semi-Slav Defense: Marshall Gambit, Tolush Variation	18	rnb1k1nr/pp3ppp/4p3/2B5/2P5/8/PP2BPqP/R2QK1NR w KQkq	1. d4 d5 2. c4 e6 3. Nc3 c6 4. e4 dxe4 5. Nxe4 Bb4+ 6. Bd2 Qxd4 7. Bxb4 Qxe4+ 8. Be2 c5 9. Bxc5 Qxg2
D31	Semi-Slav Defense: Noteboom Variation	8	rnbqkbnr/pp3ppp/2p1p3/8/2pP4/2N2N2/PP2PPPP/R1BQKB1R w KQkq	1. d4 d5 2. c4 e6 3. Nc3 c6 4. Nf3 dxc4
D31	Semi-Slav Defense: Noteboom Variation, Abrahams Variation	16	rnbqk1nr/p4ppp/4p3/1p6/2pP4/2P1PN2/5PPP/R1BQKB1R w KQkq	1. d4 d5 2. c4 e6 3. Nc3 c6 4. Nf3 dxc4 5. a4 Bb4 6. e3 Bxc3+ 7. bxc3 b5 8. axb5 cxb5
D31	Semi-Slav Defense: Noteboom Variation, Anti-Noteboom Gambit	9	rnbqkbnr/pp3ppp/2p1p3/8/2pP4/2N2NP1/PP2PP1P/R1BQKB1R b KQkq	1. d4 d5 2. c4 e6 3. Nc3 c6 4. Nf3 dxc4 5. g3
D31	Semi-Slav Defense: Noteboom Variation, Anti-Noteboom Variation	9	rnbqkbnr/pp3ppp/2p1p3/6B1/2pP4/2N2N2/PP2PPPP/R2QKB1R b KQkq	1. d4 d5 2. c4 e6 3. Nc3 c6 4. Nf3 dxc4 5. Bg5
D31	Semi-Slav Defense: Noteboom Variation, Anti-Noteboom Variation, Belyavsky Line	10	rnbqkbnr/pp4pp/2p1pp2/6B1/2pP4/2N2N2/PP2PPPP/R2QKB1R w KQkq	1. d4 d5 2. c4 e6 3. Nc3 c6 4. Nf3 dxc4 5. Bg5 f6
D32	Queen's Gambit Declined: Tarrasch Defense	8	rnbqkbnr/pp3ppp/8/2pp4/3P4/2N5/PP2PPPP/R1BQKBNR w KQkq	1. d4 d5 2. c4 e6 3. Nc3 c5 4. cxd5 exd5
D32	Queen's Gambit Declined: Tarrasch Defense	12	r1bqk1nr/pp2bppp/2n5/2pp2B1/3P4/2N2N2/PP2PPPP/R2QKB1R w KQkq	1. d4 d5 2. c4 e6 3. Nc3 c5 4. cxd5 exd5 5. Nf3 Nc6 6. Bg5 Be7
D32	Queen's Gambit Declined: Tarrasch Defense	14	r1bqk2r/pp2nppp/2n5/2pp4/3P4/2N2N2/PP2PPPP/R2QKB1R w KQkq	1. d4 d5 2. c4 e6 3. Nc3 c5 4. cxd5 exd5 5. Nf3 Nc6 6. Bg5 Be7 7. Bxe7 Ngxe7
D32	Queen's Gambit Declined: Tarrasch Defense	14	r1bqkb1r/1p3ppp/p1n2n2/2pp4/3P4/2N1PN2/PP2BPPP/R1BQK2R w KQkq	1. d4 Nf6 2. c4 e6 3. Nf3 d5 4. e3 c5 5. cxd5 exd5 6. Nc3 a6 7. Be2 Nc6
D32	Tarrasch Defense	6	rnbqkbnr/pp3ppp/4p3/2pp4/2PP4/2N5/PP2PPPP/R1BQKBNR w KQkq	1. d4 d5 2. c4 e6 3. Nc3 c5
D32	Tarrasch Defense: Grünfeld Gambit	14	r1bqkbnr/p4ppp/2n5/1pP5/N2p4/5N2/PP2PPPP/R1BQKB1R w KQkq	1. d4 d5 2. c4 e6 3. Nc3 c5 4. cxd5 exd5 5. Nf3 Nc6 6. dxc5 d4 7. Na4 b5
D32	Tarrasch Defense: Marshall Gambit	9	rnbqkbnr/pp3ppp/8/2pp4/3PP3/2N5/PP3PPP/R1BQKBNR b KQkq	1. d4 d5 2. c4 e6 3. Nc3 c5 4. cxd5 exd5 5. e4
D32	Tarrasch Defense: Schara Gambit	8	rnbqkbnr/pp3ppp/4p3/3P4/3p4/2N5/PP2PPPP/R1BQKBNR w KQkq	1. d4 d5 2. c4 e6 3. Nc3 c5 4. cxd5 cxd4
D32	Tarrasch Defense: Symmetrical Variation	10	r1bqkb1r/pp3ppp/2n1pn2/2pp4/2PP4/2N1PN2/PP3PPP/R1BQKB1R w KQkq	1. d4 d5 2. c4 e6 3. Nc3 c5 4. e3 Nf6 5. Nf3 Nc6
D32	Tarrasch Defense: Symmetrical Variation	12	r1bqkb1r/pp3ppp/2n2n2/2pp4/3P4/2N1PN2/PP3PPP/R1BQKB1R w KQkq	1. c4 c5 2. Nf3 Nc6 3. Nc3 Nf6 4. e3 e6 5. d4 d5 6. cxd5 exd5
D32	Tarrasch Defense: Tarrasch Gambit	12	rnbqkbnr/p4ppp/8/1pP5/N2p4/8/PP2PPPP/R1BQKBNR w KQkq	1. d4 d5 2. c4 e6 3. Nc3 c5 4. cxd5 exd5 5. dxc5 d4 6. Na4 b5
D32	Tarrasch Defense: Two Knights Variation	9	rnbqkbnr/pp3ppp/8/2pp4/3P4/2N2N2/PP2PPPP/R1BQKB1R b KQkq	1. d4 d5 2. c4 e6 3. Nc3 c5 4. cxd5 exd5 5. Nf3
D32	Tarrasch Defense: von Hennig Gambit	14	r2qkbnr/pp3ppp/2n1b3/3Q4/8/2N5/PP2PPPP/R1B1KBNR w KQkq	1. d4 d5 2. c4 e6 3. Nc3 c5 4. cxd5 cxd4 5. Qxd4 Nc6 6. Qd1 exd5 7. Qxd5 Be6
D33	Tarrasch Defense: Dubov Tarrasch	16	r1bqk2r/pp3ppp/2n2n2/2bp4/3N4/2N3P1/PP2PPBP/R1BQK2R w KQkq	1. d4 d5 2. c4 e6 3. Nc3 c5 4. cxd5 exd5 5. Nf3 Nc6 6. g3 Nf6 7. Bg2 cxd4 8. Nxd4 Bc5
D33	Tarrasch Defense: Prague Variation	12	r1bqkb1r/pp3ppp/2n2n2/2pp4/3P4/2N2NP1/PP2PP1P/R1BQKB1R w KQkq	1. d4 d5 2. c4 e6 3. Nc3 c5 4. cxd5 exd5 5. Nf3 Nc6 6. g3 Nf6
D33	Tarrasch Defense: Rubinstein System	11	r1bqkbnr/pp3ppp/2n5/2pp4/3P4/2N2NP1/PP2PP1P/R1BQKB1R b KQkq	1. d4 d5 2. c4 e6 3. Nc3 c5 4. cxd5 exd5 5. Nf3 Nc6 6. g3
D33	Tarrasch Defense: Swedish Variation	12	r1bqkbnr/pp3ppp/2n5/3p4/2pP4/2N2NP1/PP2PP1P/R1BQKB1R w KQkq	1. d4 d5 2. c4 e6 3. Nc3 c5 4. cxd5 exd5 5. Nf3 Nc6 6. g3 c4
D33	Tarrasch Defense: Swedish Variation, Central Break	13	r1bqkbnr/pp3ppp/2n5/3p4/2pPP3/2N2NP1/PP3P1P/R1BQKB1R b KQkq	1. d4 d5 2. c4 e6 3. Nc3 c5 4. cxd5 exd5 5. Nf3 Nc6 6. g3 c4 7. e4
D33	Tarrasch Defense: Wagner Variation	14	r2qkb1r/pp3ppp/2n2n2/2pp4/3P2b1/2N2NP1/PP2PPBP/R1BQK2R w KQkq	1. d4 d5 2. c4 e6 3. Nc3 c5 4. cxd5 exd5 5. Nf3 Nc6 6. g3 Nf6 7. Bg2 Bg4
D34	Queen's Gambit Declined: Tarrasch Defense, Stoltz Variation	20	r2q1rk1/p3bppp/1pn1bn2/2pp2B1/3P4/2N2NP1/PP2PPBP/2RQ1RK1 w -	1. d4 d5 2. c4 e6 3. Nf3 c5 4. cxd5 exd5 5. g3 Nc6 6. Bg2 Nf6 7. O-O Be7 8. Nc3 O-O 9. Bg5 Be6 10. Rc1 b6
D34	Tarrasch Defense: Classical Variation	16	r1bq1rk1/pp2bppp/2n2n2/2pp4/3P4/2N2NP1/PP2PPBP/R1BQ1RK1 w -	1. d4 d5 2. c4 e6 3. Nc3 c5 4. cxd5 exd5 5. Nf3 Nc6 6. g3 Nf6 7. Bg2 Be7 8. O-O O-O
D34	Tarrasch Defense: Classical Variation, Advance Variation	18	r1bq1rk1/pp2bppp/2n2n2/3p2B1/2pP4/2N2NP1/PP2PPBP/R2Q1RK1 w -	1. d4 d5 2. c4 e6 3. Nc3 c5 4. cxd5 exd5 5. Nf3 Nc6 6. g3 Nf6 7. Bg2 Be7 8. O-O O-O 9. Bg5 c4
D34	Tarrasch Defense: Classical Variation, Bogoljubow Variation	20	r2q1rk1/pp2bppp/2n1bn2/3p2B1/2pP4/2N2NP1/PP2PPBP/2RQ1RK1 w -	1. d4 Nf6 2. c4 e6 3. Nc3 c5 4. Nf3 d5 5. cxd5 exd5 6. g3 Nc6 7. Bg2 Be7 8. O-O O-O 9. Bg5 Be6 10. Rc1 c4
D34	Tarrasch Defense: Classical Variation, Carlsbad Variation	17	r1bq1rk1/pp2bppp/2n2n2/2pp2B1/3P4/2N2NP1/PP2PPBP/R2Q1RK1 b -	1. d4 d5 2. c4 e6 3. Nc3 c5 4. cxd5 exd5 5. Nf3 Nc6 6. g3 Nf6 7. Bg2 Be7 8. O-O O-O 9. Bg5
D34	Tarrasch Defense: Classical Variation, Chandler Variation	24	r2qr1k1/pp2bpp1/2n1bn1p/3p4/3N4/2N1B1P1/PP2PPBP/2RQ1RK1 w -	1. d4 d5 2. c4 e6 3. Nc3 c5 4. cxd5 exd5 5. Nf3 Nc6 6. g3 Nf6 7. Bg2 Be7 8. O-O O-O 9. Bg5 cxd4 10. Nxd4 h6 11. Be3 Re8 12. Rc1 Be6
D34	Tarrasch Defense: Classical Variation, Classical Tarrasch Gambit	18	r1bq1rk1/pp2bppp/2n2n2/2P5/3p4/2N2NP1/PP2PPBP/R1BQ1RK1 w -	1. d4 d5 2. c4 e6 3. Nc3 c5 4. cxd5 exd5 5. Nf3 Nc6 6. g3 Nf6 7. Bg2 Be7 8. O-O O-O 9. dxc5 d4
D34	Tarrasch Defense: Classical Variation, Endgame Variation	18	r2q1rk1/pp2bppp/2n1bn2/2pp2B1/3P4/2N2NP1/PP2PPBP/R2Q1RK1 w -	1. d4 d5 2. c4 e6 3. Nc3 c5 4. cxd5 exd5 5. Nf3 Nc6 6. g3 Nf6 7. Bg2 Be7 8. O-O O-O 9. Bg5 Be6
D34	Tarrasch Defense: Classical Variation, Main Line	22	r1bqr1k1/pp2bpp1/2n2n1p/3p4/3N4/2N1B1P1/PP2PPBP/R2Q1RK1 w -	1. d4 d5 2. c4 e6 3. Nc3 c5 4. cxd5 exd5 5. Nf3 Nc6 6. g3 Nf6 7. Bg2 Be7 8. O-O O-O 9. Bg5 cxd4 10. Nxd4 h6 11. Be3 Re8
D34	Tarrasch Defense: Classical Variation, Petursson Variation	20	r1bqr1k1/pp2bppp/2n2n2/3p2B1/3N4/2N3P1/PP2PPBP/R2Q1RK1 w -	1. d4 d5 2. c4 e6 3. Nc3 c5 4. cxd5 exd5 5. Nf3 Nc6 6. g3 Nf6 7. Bg2 Be7 8. O-O O-O 9. Bg5 cxd4 10. Nxd4 Re8
D34	Tarrasch Defense: Classical Variation, Réti Variation	19	r1bq1rk1/pp3ppp/2n2n2/2bp4/N7/5NP1/PP2PPBP/R1BQ1RK1 b -	1. d4 d5 2. c4 e6 3. Nc3 c5 4. cxd5 exd5 5. Nf3 Nc6 6. g3 Nf6 7. Bg2 Be7 8. O-O O-O 9. dxc5 Bxc5 10. Na4
D34	Tarrasch Defense: Classical Variation, Spassky Variation	22	r2q1rk1/pp2bpp1/2n2n1p/3p4/3N2b1/2N1B1P1/PP2PPBP/R2Q1RK1 w -	1. d4 d5 2. c4 e6 3. Nc3 c5 4. cxd5 exd5 5. Nf3 Nc6 6. g3 Nf6 7. Bg2 Be7 8. O-O O-O 9. Bg5 cxd4 10. Nxd4 h6 11. Be3 Bg4
D34	Tarrasch Defense: Prague Variation, Main Line	14	r1bqk2r/pp2bppp/2n2n2/2pp4/3P4/2N2NP1/PP2PPBP/R1BQK2R w KQkq	1. d4 d5 2. c4 e6 3. Nc3 c5 4. cxd5 exd5 5. Nf3 Nc6 6. g3 Nf6 7. Bg2 Be7
D35	Queen's Gambit Declined: Exchange Variation	7	rnbqkb1r/ppp2ppp/4pn2/3P4/3P4/2N5/PP2PPPP/R1BQKBNR b KQkq	1. d4 Nf6 2. c4 e6 3. Nc3 d5 4. cxd5
D35	Queen's Gambit Declined: Exchange Variation	12	rnbqk2r/p1p2ppp/1p1b1n2/3p4/3P4/2N1PN2/PP3PPP/R1BQKB1R w KQkq	1. d4 Nf6 2. c4 e6 3. Nf3 d5 4. e3 b6 5. Nc3 Bd6 6. cxd5 exd5
D35	Queen's Gambit Declined: Exchange Variation	14	rnbq1rk1/pp2bppp/2p2n2/3p4/3P4/2NBPN2/PP3PPP/R1BQK2R w KQ	1. d4 d5 2. c4 e6 3. Nc3 Nf6 4. e3 Be7 5. cxd5 exd5 6. Bd3 O-O 7. Nf3 c6
D35	Queen's Gambit Declined: Exchange Variation	13	r1bqk2r/ppp1bppp/2n2n2/3p2B1/3P4/2N1PN2/PP3PPP/R2QKB1R b KQkq	1. d4 d5 2. c4 e6 3. Nf3 Nf6 4. Nc3 Nc6 5. cxd5 exd5 6. Bg5 Be7 7. e3
D35	Queen's Gambit Declined: Exchange Variation, Carlsen Variation	14	rn1qk2r/ppp1bpp1/5n1p/3p4/3P2bB/2N1P3/PP3PPP/R2QKBNR w KQkq	1. d4 Nf6 2. c4 e6 3. Nc3 d5 4. cxd5 exd5 5. Bg5 Be7 6. e3 h6 7. Bh4 Bg4
D35	Queen's Gambit Declined: Exchange Variation, Chameleon Variation	19	r1bqrnk1/ppp1bppp/5n2/3p2B1/3P4/2NBP3/PPQ1NPPP/2KR3R b -	1. d4 Nf6 2. c4 e6 3. Nc3 d5 4. cxd5 exd5 5. Bg5 Be7 6. e3 O-O 7. Bd3 Nbd7 8. Qc2 Re8 9. Nge2 Nf8 10. O-O-O
D35	Queen's Gambit Declined: Exchange Variation, Positional Variation	9	rnbqkb1r/ppp2ppp/5n2/3p2B1/3P4/2N5/PP2PPPP/R2QKBNR b KQkq	1. d4 Nf6 2. c4 e6 3. Nc3 d5 4. cxd5 exd5 5. Bg5
D35	Queen's Gambit Declined: Exchange Variation, Positional Variation	10	rnbqkb1r/pp3ppp/2p2n2/3p2B1/3P4/2N5/PP2PPPP/R2QKBNR w KQkq	1. d4 Nf6 2. c4 e6 3. Nc3 d5 4. cxd5 exd5 5. Bg5 c6
D35	Queen's Gambit Declined: Exchange Variation, Positional Variation	12	rnbqk2r/pp2bppp/2p2n2/3p2B1/3P4/2N1P3/PP3PPP/R2QKBNR w KQkq	1. d4 Nf6 2. c4 e6 3. Nc3 d5 4. cxd5 exd5 5. Bg5 c6 6. e3 Be7
D35	Queen's Gambit Declined: Exchange Variation, Positional Variation	14	r1bqk2r/pp1nbppp/2p2n2/3p2B1/3P4/2N1PN2/PP3PPP/R2QKB1R w KQkq	1. d4 Nf6 2. c4 e6 3. Nf3 d5 4. Nc3 Nbd7 5. cxd5 exd5 6. Bg5 c6 7. e3 Be7
D35	Queen's Gambit Declined: Exchange Variation, Sämisch Variation	11	r1bqkb1r/pppn1ppp/5n2/3p4/3P1B2/2N2N2/PP2PPPP/R2QKB1R b KQkq	1. d4 Nf6 2. c4 e6 3. Nf3 d5 4. Nc3 Nbd7 5. cxd5 exd5 6. Bf4
D35	Queen's Gambit Declined: Harrwitz Attack	7	rnbqkb1r/ppp2ppp/4pn2/3p4/2PP1B2/2N5/PP2PPPP/R2QKBNR b KQkq	1. d4 d5 2. c4 e6 3. Nc3 Nf6 4. Bf4
D35	Queen's Gambit Declined: Normal Defense	6	rnbqkb1r/ppp2ppp/4pn2/3p4/2PP4/2N5/PP2PPPP/R1BQKBNR w KQkq	1. d4 d5 2. c4 e6 3. Nc3 Nf6
D36	Queen's Gambit Declined: Exchange Variation, Reshevsky Variation	11	rnbqkb1r/pp3ppp/2p2n2/3p2B1/3P4/2N5/PPQ1PPPP/R3KBNR b KQkq	1. d4 Nf6 2. c4 e6 3. Nc3 d5 4. cxd5 exd5 5. Bg5 c6 6. Qc2
D36	Queen's Gambit Declined: Exchange Variation, Reshevsky Variation	15	r1bqk2r/pp1nbppp/2p2n2/3p2B1/3P4/2NBP3/PPQ2PPP/R3K1NR b KQkq	1. d4 Nf6 2. c4 e6 3. Nc3 d5 4. cxd5 exd5 5. Bg5 c6 6. Qc2 Be7 7. e3 Nbd7 8. Bd3
D36	Queen's Gambit Declined: Exchange Variation, Reshevsky Variation	15	rnbq1rk1/pp2bppp/2p2n2/3p2B1/3P4/2NBP3/PPQ2PPP/R3K1NR b KQ	1. d4 Nf6 2. c4 e6 3. Nc3 d5 4. cxd5 exd5 5. Bg5 c6 6. Qc2 Be7 7. e3 O-O 8. Bd3
D36	Queen's Gambit Declined: Exchange Variation, Reshevsky Variation	17	rnbq1rk1/pp2bpp1/2p2n1p/3p4/3P3B/2NBP3/PPQ2PPP/R3K1NR b KQ	1. d4 Nf6 2. c4 e6 3. Nc3 d5 4. cxd5 exd5 5. Bg5 c6 6. Qc2 Be7 7. e3 O-O 8. Bd3 h6 9. Bh4
D36	Queen's Gambit Declined: Exchange Variation, Reshevsky Variation	15	r1bqk2r/pp1nbppp/2p2n2/3p2B1/3P4/2N1PN2/PPQ2PPP/R3KB1R b KQkq	1. d4 Nf6 2. c4 e6 3. Nf3 d5 4. Nc3 Nbd7 5. cxd5 exd5 6. Bg5 c6 7. e3 Be7 8. Qc2
D36	Queen's Gambit Declined: Exchange Variation, Reshevsky Variation	17	r1bq1rk1/pp1nbppp/2p2n2/3p2B1/3P4/2NBPN2/PPQ2PPP/R3K2R b KQ	1. d4 Nf6 2. c4 e6 3. Nf3 d5 4. Nc3 Nbd7 5. cxd5 exd5 6. Bg5 c6 7. e3 Be7 8. Bd3 O-O 9. Qc2
D36	Queen's Gambit Declined: Exchange Variation, Reshevsky Variation	17	r1bqkn1r/pp2bppp/2p2n2/3p2B1/3P4/2NBPN2/PPQ2PPP/R3K2R b KQkq	1. d4 Nf6 2. c4 e6 3. Nf3 d5 4. Nc3 Nbd7 5. cxd5 exd5 6. Bg5 c6 7. e3 Be7 8. Bd3 Nf8 9. Qc2
D36	Queen's Gambit Declined: Exchange Variation, Reshevsky Variation	19	r1bqr1k1/pp1nbppp/2p2n2/3p2B1/3P4/2NBP3/PPQ1NPPP/R4RK1 b -	1. d4 d5 2. c4 e6 3. Nc3 Nf6 4. cxd5 exd5 5. Bg5 c6 6. e3 Be7 7. Bd3 Nbd7 8. Nge2 O-O 9. O-O Re8 10. Qc2
D36	Queen's Gambit Declined: Exchange Variation, Reshevsky Variation	20	r1bqrnk1/pp2bppp/2p2n2/3p2B1/3P4/2NBP3/PPQ1NPPP/R4RK1 w -	1. d4 d5 2. c4 e6 3. Nc3 Nf6 4. cxd5 exd5 5. Bg5 c6 6. e3 Be7 7. Bd3 Nbd7 8. Nge2 O-O 9. O-O Re8 10. Qc2 Nf8
D36	Queen's Gambit Declined: Exchange Variation, Reshevsky Variation	21	r1bqr1k1/pp1nbpp1/2p2n1p/3p4/3P3B/2NBP3/PPQ1NPPP/R4RK1 b -	1. d4 Nf6 2. c4 e6 3. Nc3 d5 4. cxd5 exd5 5. Bg5 c6 6. e3 Be7 7. Bd3 Nbd7 8. Nge2 O-O 9. O-O h6 10. Bh4 Re8 11. Qc2
D37	Queen's Gambit Declined: Barmen Variation	8	r1bqkb1r/pppn1ppp/4pn2/3p4/2PP4/2N2N2/PP2PPPP/R1BQKB1R w KQkq	1. d4 Nf6 2. c4 e6 3. Nf3 d5 4. Nc3 Nbd7
D37	Queen's Gambit Declined: Harrwitz Attack	9	rnbqk2r/ppp1bppp/4pn2/3p4/2PP1B2/2N2N2/PP2PPPP/R2QKB1R b KQkq	1. d4 Nf6 2. c4 e6 3. Nf3 d5 4. Nc3 Be7 5. Bf4
D37	Queen's Gambit Declined: Harrwitz Attack	19	r1b2rk1/pp3ppp/2n1pn2/q1bp4/2P2B2/P1N1PN2/1PQ2PPP/3RKB1R b K	1. d4 Nf6 2. c4 e6 3. Nf3 d5 4. Nc3 Be7 5. Bf4 O-O 6. e3 c5 7. dxc5 Bxc5 8. Qc2 Nc6 9. Rd1 Qa5 10. a3
D37	Queen's Gambit Declined: Harrwitz Attack	19	r1b2rk1/pp3ppp/2n1pn2/q1bp4/2P2B2/P1N1PN2/1PQ2PPP/2KR1B1R b -	1. d4 Nf6 2. c4 e6 3. Nf3 d5 4. Nc3 Be7 5. Bf4 O-O 6. e3 c5 7. dxc5 Bxc5 8. Qc2 Nc6 9. a3 Qa5 10. O-O-O
D37	Queen's Gambit Declined: Harrwitz Attack, Fianchetto Defense	12	rnbq1rk1/p1p1bppp/1p2pn2/3p4/2PP1B2/2N1PN2/PP3PPP/R2QKB1R w KQ	1. d4 d5 2. c4 e6 3. Nc3 Be7 4. Nf3 Nf6 5. Bf4 O-O 6. e3 b6
D37	Queen's Gambit Declined: Harrwitz Attack, Main Line	14	rnbq1rk1/pp3ppp/4pn2/2bp4/2P2B2/2N1PN2/PP3PPP/R2QKB1R w KQ	1. d4 Nf6 2. c4 e6 3. Nf3 d5 4. Nc3 Be7 5. Bf4 O-O 6. e3 c5 7. dxc5 Bxc5
D37	Queen's Gambit Declined: Harrwitz Attack, Orthodox Defense	12	rnbq1rk1/pp2bppp/2p1pn2/3p4/2PP1B2/2N1PN2/PP3PPP/R2QKB1R w KQ	1. d4 d5 2. c4 e6 3. Nc3 Nf6 4. Nf3 Be7 5. Bf4 O-O 6. e3 c6
D37	Queen's Gambit Declined: Harrwitz Attack, Two Knights Defense	12	r1bq1rk1/pppnbppp/4pn2/3p4/2PP1B2/2N1PN2/PP3PPP/R2QKB1R w KQ	1. d4 Nf6 2. c4 e6 3. Nf3 d5 4. Nc3 Be7 5. Bf4 O-O 6. e3 Nbd7
D37	Queen's Gambit Declined: Harrwitz Attack, Two Knights Defense, Blockade Line	13	r1bq1rk1/pppnbppp/4pn2/2Pp4/3P1B2/2N1PN2/PP3PPP/R2QKB1R b KQ	1. d4 Nf6 2. c4 e6 3. Nc3 d5 4. Nf3 Be7 5. Bf4 O-O 6. e3 Nbd7 7. c5
D37	Queen's Gambit Declined: Knight Defense, Alekhine Gambit	12	r1bqkb1r/pppn1pp1/4pn1p/8/2pP3B/2N2N2/PP2PPPP/R2QKB1R w KQkq	1. d4 Nf6 2. c4 e6 3. Nf3 d5 4. Nc3 Nbd7 5. Bg5 h6 6. Bh4 dxc4
D37	Queen's Gambit Declined: Miles Variation	11	rnbq1rk1/ppp1bppp/4pn2/3p2B1/2PP4/2N2N2/PPQ1PPPP/R3KB1R b KQ	1. d4 Nf6 2. c4 e6 3. Nf3 d5 4. Nc3 Be7 5. Bg5 O-O 6. Qc2
D37	Queen's Gambit Declined: Three Knights Variation	7	rnbqkb1r/ppp2ppp/4pn2/3p4/2PP4/2N2N2/PP2PPPP/R1BQKB1R b KQkq	1. d4 Nf6 2. c4 e6 3. Nf3 d5 4. Nc3
D37	Queen's Gambit Declined: Three Knights Variation	10	rnbq1rk1/ppp1bppp/4pn2/3p4/2PP4/2N1PN2/PP3PPP/R1BQKB1R w KQ	1. d4 d5 2. c4 e6 3. Nc3 Nf6 4. Nf3 Be7 5. e3 O-O
D37	Queen's Gambit Declined: Three Knights, Vienna Variation	8	rnbqkb1r/ppp2ppp/4pn2/8/2pP4/2N2N2/PP2PPPP/R1BQKB1R w KQkq	1. d4 Nf6 2. c4 e6 3. Nf3 d5 4. Nc3 dxc4
D37	Queen's Gambit Declined: Vienna Variation, Quiet Variation	9	rnbqkb1r/ppp2ppp/4pn2/8/2pP4/2N1PN2/PP3PPP/R1BQKB1R b KQkq	1. d4 Nf6 2. c4 e6 3. Nf3 d5 4. Nc3 dxc4 5. e3
D38	Queen's Gambit Declined: Ragozin Defense	8	rnbqk2r/ppp2ppp/4pn2/3p4/1bPP4/2N2N2/PP2PPPP/R1BQKB1R w KQkq	1. d4 Nf6 2. c4 e6 3. Nf3 d5 4. Nc3 Bb4
D38	Queen's Gambit Declined: Ragozin Defense, Alekhine Variation	9	rnbqk2r/ppp2ppp/4pn2/3p4/QbPP4/2N2N2/PP2PPPP/R1B1KB1R b KQkq	1. d4 Nf6 2. c4 e6 3. Nf3 d5 4. Nc3 Bb4 5. Qa4+
D38	Queen's Gambit Declined: Westphalian Variation	12	r1bqk2r/pp1n1ppp/4pn2/2pp2B1/1bPP4/2N1PN2/PP3PPP/R2QKB1R w KQkq	1. d4 Nf6 2. c4 e6 3. Nf3 d5 4. Nc3 Bb4 5. Bg5 Nbd7 6. e3 c5
D39	Queen's Gambit Declined: Ragozin Defense, Vienna Variation	10	rnbqk2r/ppp2ppp/4pn2/6B1/1bpP4/2N2N2/PP2PPPP/R2QKB1R w KQkq	1. d4 Nf6 2. c4 e6 3. Nf3 d5 4. Nc3 Bb4 5. Bg5 dxc4
D40	Queen's Gambit Declined: Semi-Tarrasch Defense	8	rnbqkb1r/pp3ppp/4pn2/2pp4/2PP4/2N2N2/PP2PPPP/R1BQKB1R w KQkq	1. d4 Nf6 2. c4 e6 3. Nf3 d5 4. Nc3 c5
D40	Queen's Gambit Declined: Semi-Tarrasch Defense	14	r1bqk2r/pp3ppp/2nbpn2/3p4/2PP4/P1N2N2/1P3PPP/R1BQKB1R w KQkq	1. d4 d5 2. c4 e6 3. Nc3 Nf6 4. Nf3 c5 5. e3 Nc6 6. a3 cxd4 7. exd4 Bd6
D40	Queen's Gambit Declined: Semi-Tarrasch Defense, Levenfish Variation	19	r1b2rk1/pp2qppp/2n1pn2/2bp4/2P1P3/2NB1N2/PP2QPPP/R1B2RK1 b -	1. d4 d5 2. c4 e6 3. Nc3 Nf6 4. Nf3 c5 5. e3 Nc6 6. Bd3 Bd6 7. O-O O-O 8. Qe2 Qe7 9. dxc5 Bxc5 10. e4
D40	Queen's Gambit Declined: Semi-Tarrasch Defense, Pillsbury Variation	9	rnbqkb1r/pp3ppp/4pn2/2pp2B1/2PP4/2N2N2/PP2PPPP/R2QKB1R b KQkq	1. d4 d5 2. c4 e6 3. Nc3 Nf6 4. Nf3 c5 5. Bg5
D40	Queen's Gambit Declined: Semi-Tarrasch Defense, Symmetrical Variation	14	r1bq1rk1/pp3ppp/2nbpn2/2pp4/2PP4/2NBPN2/PP3PPP/R1BQ1RK1 w -	1. d4 d5 2. c4 e6 3. Nc3 Nf6 4. Nf3 c5 5. e3 Nc6 6. Bd3 Bd6 7. O-O O-O
D40	Queen's Gambit Declined: Semi-Tarrasch Defense, with e3	11	r1bqkb1r/pp3ppp/2n1pn2/2pp4/2PP4/2NBPN2/PP3PPP/R1BQK2R b KQkq	1. d4 d5 2. c4 c5 3. Nf3 Nf6 4. Nc3 e6 5. e3 Nc6 6. Bd3
D41	Queen's Gambit Declined: Semi-Tarrasch Defense	10	r1bqkb1r/pp3ppp/2n1pn2/2pp4/2PP4/2N2NP1/PP2PP1P/R1BQKB1R w KQkq	1. c4 c5 2. Nf3 Nf6 3. Nc3 Nc6 4. g3 d5 5. d4 e6
D41	Queen's Gambit Declined: Semi-Tarrasch Defense	9	rnbqkb1r/pp3ppp/4pn2/2pP4/3P4/2N2N2/PP2PPPP/R1BQKB1R b KQkq	1. d4 Nf6 2. c4 e6 3. Nf3 d5 4. Nc3 c5 5. cxd5
D41	Queen's Gambit Declined: Semi-Tarrasch Defense	11	rnbqkb1r/pp3ppp/4p3/2pn4/3P4/2N2NP1/PP2PP1P/R1BQKB1R b KQkq	1. d4 Nf6 2. c4 e6 3. Nf3 d5 4. Nc3 c5 5. cxd5 Nxd5 6. g3
D41	Queen's Gambit Declined: Semi-Tarrasch Defense	13	r1bqkb1r/pp3ppp/2n1p3/2pn4/3P4/2N2NP1/PP2PPBP/R1BQK2R b KQkq	1. d4 Nf6 2. c4 e6 3. Nf3 d5 4. Nc3 c5 5. cxd5 Nxd5 6. g3 Nc6 7. Bg2
D41	Queen's Gambit Declined: Semi-Tarrasch Defense, Endgame Variation	15	rnbQkb1r/pp3ppp/5n2/8/4p3/2N2N2/PP3PPP/R1B1KB1R b KQkq	1. d4 Nf6 2. c4 e6 3. Nf3 d5 4. Nc3 c5 5. cxd5 cxd4 6. Qxd4 exd5 7. e4 dxe4 8. Qxd8+
D41	Queen's Gambit Declined: Semi-Tarrasch Defense, Exchange Variation	11	rnbqkb1r/pp3ppp/4p3/2pn4/3PP3/2N2N2/PP3PPP/R1BQKB1R b KQkq	1. d4 Nf6 2. c4 e6 3. Nf3 d5 4. Nc3 c5 5. cxd5 Nxd5 6. e4
D41	Queen's Gambit Declined: Semi-Tarrasch Defense, Exchange Variation	13	rnbqkb1r/pp3ppp/4p3/2p5/3PP3/2P2N2/P4PPP/R1BQKB1R b KQkq	1. d4 Nf6 2. c4 e6 3. Nf3 d5 4. Nc3 c5 5. cxd5 Nxd5 6. e4 Nxc3 7. bxc3
D41	Queen's Gambit Declined: Semi-Tarrasch Defense, Kmoch Variation	21	rnbq1rk1/pp3ppp/4p3/1B6/3PP3/5N2/P2Q1PPP/R3K2R b KQ	1. d4 d5 2. c4 e6 3. Nc3 Nf6 4. Nf3 c5 5. cxd5 Nxd5 6. e4 Nxc3 7. bxc3 cxd4 8. cxd4 Bb4+ 9. Bd2 Bxd2+ 10. Qxd2 O-O 11. Bb5
D41	Queen's Gambit Declined: Semi-Tarrasch Defense, Pillsbury Variation	11	rnbqkb1r/pp3ppp/4p3/2pn4/3P4/2N1PN2/PP3PPP/R1BQKB1R b KQkq	1. d4 Nf6 2. c4 e6 3. Nf3 d5 4. Nc3 c5 5. cxd5 Nxd5 6. e3
D41	Queen's Gambit Declined: Semi-Tarrasch Defense, San Sebastian Variation	18	rnb1k2r/pp3ppp/4p3/q7/1b1PP3/5N2/P2B1PPP/R2QKB1R w KQkq	1. d4 d5 2. c4 e6 3. Nc3 Nf6 4. cxd5 Nxd5 5. e4 Nxc3 6. bxc3 c5 7. Nf3 cxd4 8. cxd4 Bb4+ 9. Bd2 Qa5
D42	Queen's Gambit Declined: Semi-Tarrasch Defense, Main Line	13	r1bqkb1r/pp3ppp/2n1p3/2pn4/3P4/2NBPN2/PP3PPP/R1BQK2R b KQkq	1. d4 Nf6 2. c4 e6 3. Nf3 d5 4. Nc3 c5 5. cxd5 Nxd5 6. e3 Nc6 7. Bd3
D43	Semi-Slav Defense	8	rnbqkb1r/pp3ppp/2p1pn2/3p4/2PP4/2N2N2/PP2PPPP/R1BQKB1R w KQkq	1. d4 d5 2. c4 c6 3. Nf3 Nf6 4. Nc3 e6
D43	Semi-Slav Defense: Anti-Moscow Gambit	11	rnbqkb1r/pp3pp1/2p1pn1p/3p4/2PP3B/2N2N2/PP2PPPP/R2QKB1R b KQkq	1. d4 d5 2. c4 c6 3. Nf3 Nf6 4. Nc3 e6 5. Bg5 h6 6. Bh4
D43	Semi-Slav Defense: Hastings Variation	13	rnb1kb1r/pp3pp1/2p1pq1p/3p4/2PP4/1QN2N2/PP2PPPP/R3KB1R b KQkq	1. d4 d5 2. c4 c6 3. Nf3 Nf6 4. Nc3 e6 5. Bg5 h6 6. Bxf6 Qxf6 7. Qb3
D43	Semi-Slav Defense: Moscow Variation	12	rnb1kb1r/pp3pp1/2p1pq1p/3p4/2PP4/2N2N2/PP2PPPP/R2QKB1R w KQkq	1. d4 d5 2. c4 c6 3. Nf3 Nf6 4. Nc3 e6 5. Bg5 h6 6. Bxf6 Qxf6
D44	Semi-Slav Defense Accepted	10	rnbqkb1r/pp3ppp/2p1pn2/6B1/2pP4/2N2N2/PP2PPPP/R2QKB1R w KQkq	1. d4 d5 2. c4 c6 3. Nf3 Nf6 4. Nc3 e6 5. Bg5 dxc4
D44	Semi-Slav Defense: Botvinnik Variation	11	rnbqkb1r/pp3ppp/2p1pn2/6B1/2pPP3/2N2N2/PP3PPP/R2QKB1R b KQkq	1. d4 d5 2. c4 c6 3. Nf3 Nf6 4. Nc3 e6 5. Bg5 dxc4 6. e4
D44	Semi-Slav Defense: Botvinnik Variation	17	rnbqkb1r/p4p2/2p1pn1p/1p2P1N1/2pP3B/2N5/PP3PPP/R2QKB1R b KQkq	1. d4 d5 2. c4 c6 3. Nf3 Nf6 4. Nc3 e6 5. Bg5 dxc4 6. e4 b5 7. e5 h6 8. Bh4 g5 9. Nxg5
D44	Semi-Slav Defense: Botvinnik Variation, Alatortsev System	18	rnbqkb1r/p4p2/2p1p2p/1p1nP1N1/2pP3B/2N5/PP3PPP/R2QKB1R w KQkq	1. d4 Nf6 2. c4 e6 3. Nf3 d5 4. Nc3 c6 5. Bg5 dxc4 6. e4 b5 7. e5 h6 8. Bh4 g5 9. Nxg5 Nd5
D44	Semi-Slav Defense: Botvinnik Variation, Ekstrom Variation	19	rnbqkb1r/p4p2/2p1pP1p/1p2N3/2pP3p/2N5/PP3PPP/R2QKB1R b KQkq	1. d4 d5 2. c4 c6 3. Nf3 Nf6 4. Nc3 e6 5. Bg5 dxc4 6. e4 b5 7. e5 h6 8. Bh4 g5 9. exf6 gxh4 10. Ne5
D44	Semi-Slav Defense: Botvinnik Variation, Lilienthal Variation	21	r1bqkb1r/p2n1p2/2p1pn2/1p2P1B1/2pP4/2N3P1/PP3P1P/R2QKB1R b KQkq	1. d4 d5 2. c4 c6 3. Nf3 Nf6 4. Nc3 e6 5. Bg5 dxc4 6. e4 b5 7. e5 h6 8. Bh4 g5 9. Nxg5 hxg5 10. Bxg5 Nbd7 11. g3
D44	Semi-Slav Defense: Botvinnik Variation, Szabo Variation	21	r1bqkb1r/p2n1p2/2p1pn2/1p2P1B1/2pP4/2N2Q2/PP3PPP/R3KB1R b KQkq	1. d4 Nf6 2. c4 e6 3. Nf3 d5 4. Nc3 c6 5. Bg5 dxc4 6. e4 b5 7. e5 h6 8. Bh4 g5 9. Nxg5 hxg5 10. Bxg5 Nbd7 11. Qf3
D45	Semi-Slav Defense: Accelerated Meran Variation	10	rnbqkb1r/1p3ppp/p1p1pn2/3p4/2PP4/2N1PN2/PP3PPP/R1BQKB1R w KQkq	1. d4 d5 2. c4 c6 3. Nc3 Nf6 4. e3 e6 5. Nf3 a6
D45	Semi-Slav Defense: Main Line	9	rnbqkb1r/pp3ppp/2p1pn2/3p4/2PP4/2N1PN2/PP3PPP/R1BQKB1R b KQkq	1. d4 d5 2. c4 c6 3. Nc3 Nf6 4. e3 e6 5. Nf3
D45	Semi-Slav Defense: Normal Variation	10	r1bqkb1r/pp1n1ppp/2p1pn2/3p4/2PP4/2N1PN2/PP3PPP/R1BQKB1R w KQkq	1. d4 d5 2. c4 c6 3. Nc3 Nf6 4. e3 e6 5. Nf3 Nbd7
D45	Semi-Slav Defense: Normal Variation	14	r1bq1rk1/pp1n1ppp/2pbpn2/3p4/2PP4/1PN1PN2/PB3PPP/R2QKB1R w KQ	1. Nf3 d5 2. e3 Nf6 3. c4 c6 4. Nc3 e6 5. b3 Bd6 6. Bb2 O-O 7. d4 Nbd7
D45	Semi-Slav Defense: Normal Variation	15	r1bq1rk1/pp1n1ppp/2pbpn2/3p4/2PP4/1PN1PN2/PB2BPPP/R2QK2R b KQ	1. d4 d5 2. c4 e6 3. Nc3 c6 4. Nf3 Nf6 5. e3 Nbd7 6. b3 Bd6 7. Bb2 O-O 8. Be2
D45	Semi-Slav Defense: Rubinstein System	11	r1bqkb1r/pp1n1ppp/2p1pn2/3pN3/2PP4/2N1P3/PP3PPP/R1BQKB1R b KQkq	1. d4 d5 2. c4 e6 3. Nc3 c6 4. Nf3 Nf6 5. e3 Nbd7 6. Ne5
D45	Semi-Slav Defense: Stoltz Variation	11	r1bqkb1r/pp1n1ppp/2p1pn2/3p4/2PP4/2N1PN2/PPQ2PPP/R1B1KB1R b KQkq	1. d4 d5 2. c4 c6 3. Nc3 Nf6 4. e3 e6 5. Nf3 Nbd7 6. Qc2
D45	Semi-Slav Defense: Stoltz Variation	13	r1bqkb1r/p2n1ppp/1pp1pn2/3p4/2PP4/1PN1PN2/P1Q2PPP/R1B1KB1R b KQkq	1. d4 d5 2. c4 c6 3. Nc3 Nf6 4. e3 e6 5. Nf3 Nbd7 6. Qc2 b6 7. b3
D45	Semi-Slav Defense: Stoltz Variation	14	r2qkb1r/pb1n1ppp/1pp1pn2/3p4/2PP4/1PN1PN2/P1Q2PPP/R1B1KB1R w KQkq	1. d4 d5 2. c4 c6 3. Nc3 Nf6 4. e3 e6 5. Nf3 Nbd7 6. Qc2 b6 7. b3 Bb7
D45	Semi-Slav Defense: Stoltz Variation	13	r1bqk2r/pp1n1ppp/2pbpn2/3p4/2PP4/1PN1PN2/P1Q2PPP/R1B1KB1R b KQkq	1. d4 d5 2. Nf3 Nf6 3. c4 c6 4. e3 e6 5. Nc3 Nbd7 6. Qc2 Bd6 7. b3
D45	Semi-Slav Defense: Stoltz Variation	15	r1bq1rk1/pp1n1ppp/2pbpn2/3p4/2PP4/1PN1PN2/PBQ2PPP/R3KB1R b KQ	1. d4 d5 2. Nf3 Nf6 3. c4 c6 4. e3 e6 5. Nc3 Nbd7 6. Qc2 Bd6 7. b3 O-O 8. Bb2
D45	Semi-Slav Defense: Stoltz Variation, Center Variation	13	r1bqk2r/pp1n1ppp/2pbpn2/3p4/2PPP3/2N2N2/PPQ2PPP/R1B1KB1R b KQkq	1. d4 d5 2. c4 c6 3. Nf3 Nf6 4. Nc3 e6 5. e3 Nbd7 6. Qc2 Bd6 7. e4
D45	Semi-Slav Defense: Stoltz Variation, Center Variation, Mikhalchishin Line	19	r1bqk2r/pp1n1ppp/2pb4/4P3/2P1Q3/5N2/PP3PPP/R1B1KB1R b KQkq	1. d4 d5 2. c4 c6 3. Nf3 Nf6 4. Nc3 e6 5. e3 Nbd7 6. Qc2 Bd6 7. e4 dxe4 8. Nxe4 Nxe4 9. Qxe4 e5 10. dxe5
D45	Semi-Slav Defense: Stoltz Variation, Shabalov Attack	13	r1bqk2r/pp1n1ppp/2pbpn2/3p4/2PP2P1/2N1PN2/PPQ2P1P/R1B1KB1R b KQkq	1. d4 d5 2. c4 c6 3. Nf3 Nf6 4. Nc3 e6 5. e3 Nbd7 6. Qc2 Bd6 7. g4
D45	Semi-Slav Defense: Stonewall Defense	12	rnbqkb1r/pp4pp/2p1p3/3p1p2/2PPn3/2NBPN2/PP3PPP/R1BQK2R w KQkq	1. d4 d5 2. Nf3 Nf6 3. c4 c6 4. Nc3 e6 5. e3 Ne4 6. Bd3 f5
D46	Semi-Slav Defense: Bogoljubow Variation	12	r1bqk2r/pp1nbppp/2p1pn2/3p4/2PP4/2NBPN2/PP3PPP/R1BQK2R w KQkq	1. d4 d5 2. c4 c6 3. Nc3 Nf6 4. e3 e6 5. Nf3 Nbd7 6. Bd3 Be7
D46	Semi-Slav Defense: Chigorin Defense	12	r1bqk2r/pp1n1ppp/2pbpn2/3p4/2PP4/2NBPN2/PP3PPP/R1BQK2R w KQkq	1. d4 d5 2. c4 c6 3. Nc3 Nf6 4. e3 e6 5. Nf3 Nbd7 6. Bd3 Bd6
D46	Semi-Slav Defense: Chigorin Defense	13	r1bqk2r/pp1n1ppp/2pbpn2/3p4/2PP4/2NBPN2/PPQ2PPP/R1B1K2R b KQkq	1. d4 d5 2. c4 c6 3. Nc3 Nf6 4. e3 e6 5. Nf3 Nbd7 6. Bd3 Bd6 7. Qc2
D46	Semi-Slav Defense: Chigorin Defense	15	r1bq1rk1/pp1n1ppp/2pbpn2/3p4/2PP4/1PNBPN2/PB3PPP/R2QK2R b KQ	1. d4 d5 2. c4 c6 3. Nc3 Nf6 4. e3 e6 5. Nf3 Nbd7 6. b3 Bd6 7. Bb2 O-O 8. Bd3
D46	Semi-Slav Defense: Chigorin Defense	15	r2qkb1r/pb1n1ppp/1pp1pn2/3p4/2PP4/1PNBPN2/P1Q2PPP/R1B1K2R b KQkq	1. d4 d5 2. c4 c6 3. Nc3 Nf6 4. e3 e6 5. Nf3 Nbd7 6. Qc2 b6 7. b3 Bb7 8. Bd3
D46	Semi-Slav Defense: Chigorin Defense	17	r1bqr1k1/pp1n1ppp/2pbpn2/3p4/2PP4/1PNBPN2/PBQ2PPP/R3K2R b KQ	1. d4 d5 2. c4 c6 3. Nc3 Nf6 4. e3 e6 5. Nf3 Nbd7 6. Qc2 Bd6 7. b3 O-O 8. Bb2 Re8 9. Bd3
D46	Semi-Slav Defense: Chigorin Defense	17	r1b2rk1/pp1nqppp/2pbpn2/3p4/2PP4/1PNBPN2/PBQ2PPP/R3K2R b KQ	1. d4 d5 2. c4 c6 3. Nc3 Nf6 4. e3 e6 5. Nf3 Nbd7 6. Qc2 Bd6 7. b3 O-O 8. Bb2 Qe7 9. Bd3
D46	Semi-Slav Defense: Chigorin Defense	19	r1bq1rk1/p2n1ppp/2pbpn2/1p6/3P4/2NBPN2/PPQ2PPP/R1B2RK1 b -	1. d4 d5 2. c4 c6 3. Nf3 e6 4. e3 Nf6 5. Nc3 Bd6 6. Bd3 dxc4 7. Bxc4 b5 8. Bd3 Nbd7 9. O-O O-O 10. Qc2
D46	Semi-Slav Defense: Chigorin Defense	21	r2q1rk1/pb1n1ppp/2pbpn2/1p6/3P4/P1NBPN2/1PQ2PPP/R1B2RK1 b -	1. d4 d5 2. c4 c6 3. Nc3 Nf6 4. e3 e6 5. Nf3 Nbd7 6. Bd3 dxc4 7. Bxc4 b5 8. Bd3 Bd6 9. O-O Bb7 10. a3 O-O 11. Qc2
D46	Semi-Slav Defense: Main Line	11	r1bqkb1r/pp1n1ppp/2p1pn2/3p4/2PP4/2NBPN2/PP3PPP/R1BQK2R b KQkq	1. d4 d5 2. c4 c6 3. Nc3 Nf6 4. e3 e6 5. Nf3 Nbd7 6. Bd3
D46	Semi-Slav Defense: Main Line	19	r2q1rk1/pb1nbppp/1pp1pn2/3p4/2PP4/1PNBPN2/PBQ2PPP/R4RK1 b -	1. d4 d5 2. c4 c6 3. Nc3 Nf6 4. e3 e6 5. Nf3 Nbd7 6. Qc2 b6 7. b3 Bb7 8. Bd3 Be7 9. O-O O-O 10. Bb2
D46	Semi-Slav Defense: Romih Variation	12	r1bqk2r/pp1n1ppp/2p1pn2/3p4/1bPP4/2NBPN2/PP3PPP/R1BQK2R w KQkq	1. d4 d5 2. c4 c6 3. Nc3 Nf6 4. e3 e6 5. Nf3 Nbd7 6. Bd3 Bb4
D47	Semi-Slav Defense: Meran Variation	14	r1bqkb1r/p2n1ppp/2p1pn2/1p6/2BP4/2N1PN2/PP3PPP/R1BQK2R w KQkq	1. d4 d5 2. c4 c6 3. Nc3 Nf6 4. e3 e6 5. Nf3 Nbd7 6. Bd3 dxc4 7. Bxc4 b5
D47	Semi-Slav Defense: Meran Variation, Lundin Variation	16	r1bqkb1r/p2n1ppp/2p1pn2/8/1p1P4/2NBPN2/PP3PPP/R1BQK2R w KQkq	1. d4 d5 2. c4 c6 3. Nf3 Nf6 4. Nc3 e6 5. e3 Nbd7 6. Bd3 dxc4 7. Bxc4 b5 8. Bd3 b4
D47	Semi-Slav Defense: Meran Variation, Wade Variation	16	r2qkb1r/pb1n1ppp/2p1pn2/1p6/3P4/2NBPN2/PP3PPP/R1BQK2R w KQkq	1. d4 d5 2. c4 c6 3. Nc3 Nf6 4. e3 e6 5. Nf3 Nbd7 6. Bd3 dxc4 7. Bxc4 b5 8. Bd3 Bb7
D47	Semi-Slav Defense: Meran Variation, Wade Variation, Kaidanov Gambit	25	r2qkb1r/pb1n1ppp/4p3/3nP3/Np1N4/3B4/PP3PPP/R1BQ1RK1 b kq	1. d4 d5 2. c4 c6 3. Nc3 Nf6 4. e3 e6 5. Nf3 Nbd7 6. Bd3 dxc4 7. Bxc4 b5 8. Bd3 Bb7 9. e4 b4 10. Na4 c5 11. e5 Nd5 12. O-O cxd4 13. Nxd4
D47	Semi-Slav Defense: Meran Variation, Wade Variation, Larsen Variation	22	r2qkb1r/pb1n1ppp/4p3/2pnP3/Np1P4/3B1N2/PP3PPP/R1BQK2R w KQkq	1. d4 d5 2. c4 c6 3. Nc3 Nf6 4. e3 e6 5. Nf3 Nbd7 6. Bd3 dxc4 7. Bxc4 b5 8. Bd3 Bb7 9. e4 b4 10. Na4 c5 11. e5 Nd5
D47	Semi-Slav Defense: Semi-Meran Variation	13	r1bqkb1r/pp1n1ppp/2p1pn2/8/2BP4/2N1PN2/PP3PPP/R1BQK2R b KQkq	1. d4 d5 2. c4 c6 3. Nc3 Nf6 4. e3 e6 5. Nf3 Nbd7 6. Bd3 dxc4 7. Bxc4
D48	Semi-Slav Defense: Meran Variation	16	r1bqkb1r/3n1ppp/p1p1pn2/1p6/3P4/2NBPN2/PP3PPP/R1BQK2R w KQkq	1. d4 d5 2. c4 c6 3. Nc3 Nf6 4. e3 e6 5. Nf3 Nbd7 6. Bd3 dxc4 7. Bxc4 b5 8. Bd3 a6
D48	Semi-Slav Defense: Meran Variation	18	r1bqkb1r/3n1ppp/p3pn2/1pp5/3PP3/2NB1N2/PP3PPP/R1BQK2R w KQkq	1. d4 d5 2. c4 c6 3. Nc3 Nf6 4. e3 e6 5. Nf3 Nbd7 6. Bd3 dxc4 7. Bxc4 b5 8. Bd3 a6 9. e4 c5
D48	Semi-Slav Defense: Meran Variation	19	rn1qkb1r/1b3ppp/p3pn2/1pp5/3P4/2NBPN2/PP2QPPP/R1B2RK1 b kq	1. d4 d5 2. c4 e6 3. Nc3 c6 4. e3 Nf6 5. Nf3 a6 6. Bd3 dxc4 7. Bxc4 b5 8. Bd3 c5 9. O-O Bb7 10. Qe2
D48	Semi-Slav Defense: Meran Variation	20	r2qkb1r/1b1n1ppp/p3pn2/1pp5/3P4/2NBPN2/PP2QPPP/R1B2RK1 w kq	1. d4 d5 2. c4 e6 3. Nc3 c6 4. e3 Nf6 5. Nf3 a6 6. Bd3 dxc4 7. Bxc4 b5 8. Bd3 c5 9. O-O Bb7 10. Qe2 Nbd7
D48	Semi-Slav Defense: Meran Variation	17	rnbqkb1r/5ppp/p3pn2/1pp5/P2P4/2NBPN2/1P3PPP/R1BQK2R b KQkq	1. d4 d5 2. c4 e6 3. Nc3 c6 4. e3 Nf6 5. Nf3 a6 6. Bd3 dxc4 7. Bxc4 b5 8. Bd3 c5 9. a4
D48	Semi-Slav Defense: Meran Variation, Old Variation	19	r1bqkb1r/3n1ppp/p3pn2/1pp1P3/3P4/2NB1N2/PP3PPP/R1BQK2R b KQkq	1. d4 d5 2. c4 c6 3. Nc3 Nf6 4. e3 e6 5. Nf3 Nbd7 6. Bd3 dxc4 7. Bxc4 b5 8. Bd3 a6 9. e4 c5 10. e5
D48	Semi-Slav Defense: Meran Variation, Pirc Variation	18	r1bqkb1r/3n1ppp/p1p1pn2/8/1p1PP3/2NB1N2/PP3PPP/R1BQK2R w KQkq	1. d4 d5 2. c4 e6 3. Nc3 c6 4. e3 Nf6 5. Nf3 Nbd7 6. Bd3 dxc4 7. Bxc4 b5 8. Bd3 a6 9. e4 b4
D48	Semi-Slav Defense: Meran Variation, Reynolds' Variation	19	r1bqkb1r/3n1ppp/p3pn2/1ppP4/4P3/2NB1N2/PP3PPP/R1BQK2R b KQkq	1. d4 d5 2. c4 c6 3. Nf3 Nf6 4. Nc3 e6 5. e3 Nbd7 6. Bd3 dxc4 7. Bxc4 b5 8. Bd3 a6 9. e4 c5 10. d5
D49	Semi-Slav Defense: Meran Variation, Blumenfeld Variation	21	r1bqkb1r/3n1ppp/p3pn2/1N2P3/3p4/3B1N2/PP3PPP/R1BQK2R b KQkq	1. d4 d5 2. c4 c6 3. Nc3 Nf6 4. e3 e6 5. Nf3 Nbd7 6. Bd3 dxc4 7. Bxc4 b5 8. Bd3 a6 9. e4 c5 10. e5 cxd4 11. Nxb5
D49	Semi-Slav Defense: Meran Variation, Rabinovich Variation	22	r1bqkb1r/3n1ppp/p3p3/1N2P3/3p2n1/3B1N2/PP3PPP/R1BQK2R w KQkq	1. d4 d5 2. c4 c6 3. Nc3 Nf6 4. e3 e6 5. Nf3 Nbd7 6. Bd3 dxc4 7. Bxc4 b5 8. Bd3 a6 9. e4 c5 10. e5 cxd4 11. Nxb5 Ng4
D49	Semi-Slav Defense: Meran Variation, Rellstab Attack	29	r3kb1r/5ppp/b3pn2/1p1qN1B1/3p4/3B4/PP2QPPP/R4RK1 b kq	1. d4 d5 2. c4 c6 3. Nc3 Nf6 4. Nf3 e6 5. e3 Nbd7 6. Bd3 dxc4 7. Bxc4 b5 8. Bd3 a6 9. e4 c5 10. e5 cxd4 11. Nxb5 Nxe5 12. Nxe5 axb5 13. O-O Qd5 14. Qe2 Ba6 15. Bg5
D49	Semi-Slav Defense: Meran Variation, Sozin Variation	22	r1bqkb1r/5ppp/p3pn2/1N2n3/3p4/3B1N2/PP3PPP/R1BQK2R w KQkq	1. d4 d5 2. c4 c6 3. Nf3 Nf6 4. Nc3 e6 5. e3 Nbd7 6. Bd3 dxc4 7. Bxc4 b5 8. Bd3 a6 9. e4 c5 10. e5 cxd4 11. Nxb5 Nxe5
D49	Semi-Slav Defense: Meran Variation, Sozin Variation	25	r1bqkb1r/5ppp/4pn2/1p2N3/3p4/3B4/PP3PPP/R1BQ1RK1 b kq	1. d4 d5 2. Nf3 Nf6 3. c4 c6 4. Nc3 e6 5. e3 Nbd7 6. Bd3 dxc4 7. Bxc4 b5 8. Bd3 a6 9. e4 c5 10. e5 cxd4 11. Nxb5 Nxe5 12. Nxe5 axb5 13. O-O
D49	Semi-Slav Defense: Meran Variation, Stahlberg Variation	25	r1bqkb1r/5ppp/4pn2/1p2N3/3p4/3B1Q2/PP3PPP/R1B1K2R b KQkq	1. d4 d5 2. c4 c6 3. Nc3 Nf6 4. e3 e6 5. Nf3 Nbd7 6. Bd3 dxc4 7. Bxc4 b5 8. Bd3 a6 9. e4 c5 10. e5 cxd4 11. Nxb5 Nxe5 12. Nxe5 axb5 13. Qf3
D50	Queen's Gambit Declined: Been-Koomen Variation	8	rnbqkb1r/pp3ppp/4pn2/2pp2B1/2PP4/2N5/PP2PPPP/R2QKBNR w KQkq	1. d4 d5 2. c4 e6 3. Nc3 Nf6 4. Bg5 c5
D50	Queen's Gambit Declined: Modern Variation	7	rnbqkb1r/ppp2ppp/4pn2/3p2B1/2PP4/2N5/PP2PPPP/R2QKBNR b KQkq	1. d4 d5 2. c4 e6 3. Nc3 Nf6 4. Bg5
D50	Queen's Gambit Declined: Pseudo-Tarrasch Variation	9	rnbqkb1r/pp3ppp/4pn2/2pP2B1/3P4/2N5/PP2PPPP/R2QKBNR b KQkq	1. d4 d5 2. c4 e6 3. Nc3 Nf6 4. Bg5 c5 5. cxd5
D50	Queen's Gambit Declined: Pseudo-Tarrasch Variation, Canal Variation	10	rnb1kb1r/pp3ppp/1q2pn2/2pP2B1/3P4/2N5/PP2PPPP/R2QKBNR w KQkq	1. d4 d5 2. c4 e6 3. Nc3 Nf6 4. Bg5 c5 5. cxd5 Qb6
D50	Queen's Gambit Declined: Pseudo-Tarrasch Variation, Primitive Pillsbury Variation	11	rnbqkb1r/pp3ppp/4pn2/3p2B1/2PQ4/2N2N2/PP2PPPP/R3KB1R b KQkq	1. d4 d5 2. c4 e6 3. Nc3 Nf6 4. Bg5 c5 5. Nf3 cxd4 6. Qxd4
D50	Queen's Gambit Declined: Semi-Tarrasch Defense, Krause Variation	15	rnbqkb1r/1p3ppp/p4n2/1N1pp1B1/Q1P5/2N5/PP2PPPP/R3KB1R b KQkq	1. d4 d5 2. c4 e6 3. Nc3 Nf6 4. Bg5 c5 5. Nf3 cxd4 6. Nxd4 e5 7. Ndb5 a6 8. Qa4
D51	Queen's Gambit Declined: Alekhine Variation	11	r1bqkb1r/pp1n1ppp/2p1pn2/3p2B1/2PPP3/2N2N2/PP3PPP/R2QKB1R b KQkq	1. d4 d5 2. c4 e6 3. Nc3 Nf6 4. Bg5 Nbd7 5. Nf3 c6 6. e4
D51	Queen's Gambit Declined: Capablanca Variation, Anti-Cambridge Springs Variation	11	r1bqkb1r/pp1n1ppp/2p1pn2/3p2B1/2PP4/P1N1P3/1P3PPP/R2QKBNR b KQkq	1. d4 d5 2. c4 e6 3. Nc3 Nf6 4. Bg5 Nbd7 5. e3 c6 6. a3
D51	Queen's Gambit Declined: Manhattan Variation	10	r1bqk2r/pppn1ppp/4pn2/3p2B1/1bPP4/2N1P3/PP3PPP/R2QKBNR w KQkq	1. d4 d5 2. c4 e6 3. Nc3 Nf6 4. Bg5 Nbd7 5. e3 Bb4
D51	Queen's Gambit Declined: Modern Variation, Knight Defense	8	r1bqkb1r/pppn1ppp/4pn2/3p2B1/2PP4/2N5/PP2PPPP/R2QKBNR w KQkq	1. d4 d5 2. c4 e6 3. Nc3 Nf6 4. Bg5 Nbd7
D51	Queen's Gambit Declined: Modern Variation, Knight Defense	9	r1bqkb1r/pppn1ppp/4pn2/3p2B1/2PP4/2N1P3/PP3PPP/R2QKBNR b KQkq	1. d4 d5 2. c4 e6 3. Nc3 Nf6 4. Bg5 Nbd7 5. e3
D51	Queen's Gambit Declined: Modern Variation, Knight Defense	10	r1bqkb1r/pp1n1ppp/2p1pn2/3p2B1/2PP4/2N1P3/PP3PPP/R2QKBNR w KQkq	1. d4 d5 2. c4 e6 3. Nc3 Nf6 4. Bg5 Nbd7 5. e3 c6
D51	Queen's Gambit Declined: Rochlin Variation	13	r1b1kb1r/pp1n1ppp/2p1pn2/q2p4/2PP4/2N2N2/PP1BPPPP/2RQKB1R b Kkq	1. d4 d5 2. c4 e6 3. Nc3 Nf6 4. Bg5 Nbd7 5. Nf3 c6 6. Rc1 Qa5 7. Bd2
D52	Queen's Gambit Declined	11	r1bqkb1r/pp1n1ppp/2p1pn2/3p2B1/2PP4/2N1PN2/PP3PPP/R2QKB1R b KQkq	1. d4 d5 2. c4 c6 3. Nf3 Nf6 4. Nc3 e6 5. Bg5 Nbd7 6. e3
D52	Queen's Gambit Declined: Cambridge Springs Defense	12	r1b1kb1r/pp1n1ppp/2p1pn2/q2p2B1/2PP4/2N1PN2/PP3PPP/R2QKB1R w KQkq	1. d4 d5 2. c4 c6 3. Nf3 Nf6 4. Nc3 e6 5. Bg5 Nbd7 6. e3 Qa5
D52	Queen's Gambit Declined: Cambridge Springs Defense	13	r1b1kb1r/pp1n1ppp/2p1pn2/q2P2B1/3P4/2N1PN2/PP3PPP/R2QKB1R b KQkq	1. d4 d5 2. c4 c6 3. Nf3 Nf6 4. Nc3 e6 5. Bg5 Nbd7 6. e3 Qa5 7. cxd5
D52	Queen's Gambit Declined: Cambridge Springs Defense, Argentine Variation	17	r1b2rk1/pp1n1ppp/2p1pn2/q2p4/1bPP3B/2N1P3/PPQN1PPP/R3KB1R b KQ	1. d4 d5 2. c4 e6 3. Nc3 Nf6 4. Bg5 Nbd7 5. e3 c6 6. Nf3 Qa5 7. Nd2 Bb4 8. Qc2 O-O 9. Bh4
D52	Queen's Gambit Declined: Cambridge Springs Defense, Bogoljubow Variation	15	r1b1k2r/pp1n1ppp/2p1pn2/q2p2B1/1bPP4/2N1P3/PPQN1PPP/R3KB1R b KQkq	1. d4 d5 2. c4 c6 3. Nf3 Nf6 4. Nc3 e6 5. Bg5 Nbd7 6. e3 Qa5 7. Nd2 Bb4 8. Qc2
D52	Queen's Gambit Declined: Cambridge Springs Defense, Capablanca Variation	13	r1b1kb1r/pp1n1ppp/2p1pB2/q2p4/2PP4/2N1PN2/PP3PPP/R2QKB1R b KQkq	1. d4 d5 2. c4 e6 3. Nc3 Nf6 4. Bg5 Nbd7 5. e3 c6 6. Nf3 Qa5 7. Bxf6
D52	Queen's Gambit Declined: Cambridge Springs Defense, Rubinstein Variation	14	r1b1kb1r/pp1n1ppp/2p1pn2/q5B1/2pP4/2N1P3/PP1N1PPP/R2QKB1R w KQkq	1. d4 d5 2. c4 c6 3. Nf3 Nf6 4. Nc3 e6 5. Bg5 Nbd7 6. e3 Qa5 7. Nd2 dxc4
D52	Queen's Gambit Declined: Cambridge Springs Defense, Yugoslav Variation	14	r1b1kb1r/pp1n1ppp/2p1p3/q2n2B1/3P4/2N1PN2/PP3PPP/R2QKB1R w KQkq	1. d4 d5 2. c4 c6 3. Nf3 Nf6 4. Nc3 e6 5. Bg5 Nbd7 6. e3 Qa5 7. cxd5 Nxd5
D53	Queen's Gambit Declined	8	rnbqk2r/ppp1bppp/4pn2/3p2B1/2PP4/2N5/PP2PPPP/R2QKBNR w KQkq	1. d4 d5 2. c4 e6 3. Nc3 Nf6 4. Bg5 Be7
D53	Queen's Gambit Declined	9	rnbqk2r/ppp1bppp/4pn2/3p2B1/2PP4/2N2N2/PP2PPPP/R2QKB1R b KQkq	1. d4 d5 2. c4 e6 3. Nc3 Nf6 4. Bg5 Be7 5. Nf3
D53	Queen's Gambit Declined	13	rnbqk2r/pp2bppp/2p1pn2/6B1/2BP4/2N1PN2/PP3PPP/R2QK2R b KQkq	1. d4 d5 2. c4 e6 3. Nc3 Nf6 4. Bg5 Be7 5. Nf3 c6 6. e3 dxc4 7. Bxc4
D53	Queen's Gambit Declined	10	rnbqk2r/ppp1bppp/4pn2/6B1/2pP4/2N2N2/PP2PPPP/R2QKB1R w KQkq	1. d4 d5 2. c4 e6 3. Nf3 Nf6 4. Nc3 dxc4 5. Bg5 Be7
D53	Queen's Gambit Declined	11	rnbqk2r/ppp1bppp/4pn2/6B1/2pPP3/2N2N2/PP3PPP/R2QKB1R b KQkq	1. d4 d5 2. c4 e6 3. Nf3 Nf6 4. Nc3 dxc4 5. Bg5 Be7 6. e4
D53	Queen's Gambit Declined	12	r1bq1rk1/ppp1bppp/2n1pn2/3p2B1/2PP4/2N1PN2/PP3PPP/R2QKB1R w KQ	1. d4 d5 2. c4 e6 3. Nf3 Nf6 4. Nc3 Nc6 5. Bg5 Be7 6. e3 O-O
D53	Queen's Gambit Declined: Lasker Defense	10	rnbqk2r/ppp1bppp/4p3/3p2B1/2PPn3/2N1P3/PP3PPP/R2QKBNR w KQkq	1. d4 Nf6 2. c4 e6 3. Nc3 d5 4. Bg5 Be7 5. e3 Ne4
D53	Queen's Gambit Declined: Modern Variation, Heral Variation	9	rnbqk2r/ppp1bppp/4pB2/3p4/2PP4/2N5/PP2PPPP/R2QKBNR b KQkq	1. d4 d5 2. c4 e6 3. Nc3 Nf6 4. Bg5 Be7 5. Bxf6
D53	Queen's Gambit Declined: Uhlmann Variation	14	rnbq1rk1/ppp1bpp1/4pn1p/8/2pP3B/2N2N2/PP2PPPP/2RQKB1R w K	1. d4 d5 2. c4 e6 3. Nc3 Be7 4. Nf3 Nf6 5. Bg5 h6 6. Bh4 O-O 7. Rc1 dxc4
D54	Queen's Gambit Declined: Neo-Orthodox Variation	11	rnbq1rk1/ppp1bppp/4pn2/3p2B1/2PP4/2N1P3/PP3PPP/2RQKBNR b K	1. d4 Nf6 2. c4 e6 3. Nc3 d5 4. Bg5 Be7 5. e3 O-O 6. Rc1
D55	Queen's Gambit Declined: Anti-Tartakower Variation	13	rnbq1rk1/ppp1bpp1/4pB1p/3p4/2PP4/2N1PN2/PP3PPP/R2QKB1R b KQ	1. d4 Nf6 2. c4 e6 3. Nf3 d5 4. Nc3 Be7 5. Bg5 O-O 6. e3 h6 7. Bxf6
D55	Queen's Gambit Declined: Anti-Tartakower Variation, Petrosian Variation	21	r1bq1rk1/pp1n1pp1/2p1pb1p/8/2BP4/2N1PN2/PP3PPP/2RQ1RK1 b -	1. d4 Nf6 2. c4 e6 3. Nf3 d5 4. Nc3 Be7 5. Bg5 h6 6. Bxf6 Bxf6 7. e3 O-O 8. Rc1 c6 9. Bd3 Nd7 10. O-O dxc4 11. Bxc4
D55	Queen's Gambit Declined: Modern Variation, Normal Line	11	rnbq1rk1/ppp1bppp/4pn2/3p2B1/2PP4/2N1PN2/PP3PPP/R2QKB1R b KQ	1. d4 Nf6 2. c4 e6 3. Nf3 d5 4. Nc3 Be7 5. Bg5 O-O 6. e3
D55	Queen's Gambit Declined: Neo-Orthodox Variation	12	rnbq1rk1/ppp1bpp1/4pn1p/3p2B1/2PP4/2N1PN2/PP3PPP/R2QKB1R w KQ	1. d4 Nf6 2. c4 e6 3. Nf3 d5 4. Nc3 Be7 5. Bg5 O-O 6. e3 h6
D55	Queen's Gambit Declined: Neo-Orthodox Variation, Main Line	13	rnbq1rk1/ppp1bpp1/4pn1p/3p4/2PP3B/2N1PN2/PP3PPP/R2QKB1R b KQ	1. d4 Nf6 2. c4 e6 3. Nf3 d5 4. Nc3 Be7 5. Bg5 h6 6. Bh4 O-O 7. e3
D55	Queen's Gambit Declined: Pillsbury Attack	17	rn1q1rk1/pbp1bppp/1p3n2/3pN1B1/3P4/2NBP3/PP3PPP/R2QK2R b KQ	1. d4 Nf6 2. c4 e6 3. Nf3 b6 4. Nc3 d5 5. cxd5 exd5 6. Bg5 Be7 7. e3 O-O 8. Bd3 Bb7 9. Ne5
D56	Queen's Gambit Declined	15	r1bq1rk1/ppp1bpp1/2n1pn1p/3p4/2PP3B/2N1PN2/PP3PPP/2RQKB1R b K	1. d4 d5 2. c4 e6 3. Nf3 Nf6 4. Nc3 Nc6 5. Bg5 Be7 6. e3 O-O 7. Rc1 h6 8. Bh4
D56	Queen's Gambit Declined: Lasker Defense	14	rnbq1rk1/ppp1bpp1/4p2p/3p4/2PPn2B/2N1PN2/PP3PPP/R2QKB1R w KQ	1. d4 d5 2. c4 e6 3. Nc3 Be7 4. Nf3 Nf6 5. Bg5 h6 6. Bh4 O-O 7. e3 Ne4
D56	Queen's Gambit Declined: Lasker Defense	16	r1bq1rk1/ppp1bpp1/2n1p2p/3p4/2PPn2B/2N1PN2/PP3PPP/2RQKB1R w K	1. d4 d5 2. c4 e6 3. Nf3 Nf6 4. Nc3 Nc6 5. Bg5 Be7 6. e3 O-O 7. Rc1 h6 8. Bh4 Ne4
D56	Queen's Gambit Declined: Lasker Defense, Russian Variation	26	r4rk1/pp1bqpp1/2n1pn1p/2p5/2BP4/2N1PN2/PPQ2PPP/R2R2K1 w -	1. d4 d5 2. c4 e6 3. Nc3 Nf6 4. Bg5 Be7 5. e3 O-O 6. Nf3 h6 7. Bh4 Ne4 8. Bxe7 Qxe7 9. Qc2 Nf6 10. Bd3 dxc4 11. Bxc4 c5 12. O-O Nc6 13. Rfd1 Bd7
D56	Queen's Gambit Declined: Lasker Defense, Teichmann Variation	17	rnb2rk1/ppp1qpp1/4p2p/3p4/2PPn3/2N1PN2/PPQ2PPP/R3KB1R b KQ	1. d4 Nf6 2. c4 e6 3. Nf3 d5 4. Nc3 Be7 5. Bg5 h6 6. Bh4 O-O 7. e3 Ne4 8. Bxe7 Qxe7 9. Qc2
D57	Queen's Gambit Declined: Lasker Defense, Bernstein Variation	22	rnb2rk1/ppp2pp1/3q3p/3p4/3P4/1QP1PN2/P4PPP/R3KB1R w KQ	1. d4 Nf6 2. c4 e6 3. Nc3 d5 4. Bg5 Be7 5. e3 h6 6. Bh4 O-O 7. Nf3 Ne4 8. Bxe7 Qxe7 9. cxd5 Nxc3 10. bxc3 exd5 11. Qb3 Qd6
D57	Queen's Gambit Declined: Lasker Defense, Bernstein Variation, Mar del Plata Gambit	24	rn1r2k1/ppp1qpp1/4b2p/3p4/2PP4/1Q2PN2/P4PPP/R3KB1R w KQ	1. d4 d5 2. c4 e6 3. Nc3 Nf6 4. Bg5 Be7 5. e3 O-O 6. Nf3 h6 7. Bh4 Ne4 8. Bxe7 Qxe7 9. cxd5 Nxc3 10. bxc3 exd5 11. Qb3 Rd8 12. c4 Be6
D57	Queen's Gambit Declined: Lasker Defense, Main Line	19	rnb2rk1/ppp1qpp1/4p2p/3P4/3P4/2P1PN2/P4PPP/R2QKB1R b KQ	1. d4 d5 2. c4 e6 3. Nc3 Be7 4. Nf3 Nf6 5. Bg5 h6 6. Bh4 O-O 7. e3 Ne4 8. Bxe7 Qxe7 9. cxd5 Nxc3 10. bxc3
D58	Queen's Gambit Declined: Tartakower Defense	14	rnbq1rk1/p1p1bpp1/1p2pn1p/3p4/2PP3B/2N1PN2/PP3PPP/R2QKB1R w KQ	1. d4 Nf6 2. c4 e6 3. Nf3 d5 4. Nc3 Be7 5. Bg5 h6 6. Bh4 O-O 7. e3 b6
D58	Queen's Gambit Declined: Tartakower Defense, Exchange Variation	16	rnbq1rk1/p1p1bpp1/1p3n1p/3p4/3P3B/2N1PN2/PP3PPP/R2QKB1R w KQ	1. d4 d5 2. c4 e6 3. Nc3 Be7 4. Nf3 Nf6 5. Bg5 h6 6. Bh4 O-O 7. e3 b6 8. cxd5 exd5
D59	Queen's Gambit Declined: Tartakower Defense	22	rn3rk1/p1p1qpp1/1p2b2p/3p4/3P4/4PN2/PP3PPP/2RQKB1R w K	1. d4 d5 2. c4 e6 3. Nc3 Be7 4. Nf3 Nf6 5. Bg5 h6 6. Bh4 O-O 7. e3 b6 8. cxd5 Nxd5 9. Bxe7 Qxe7 10. Nxd5 exd5 11. Rc1 Be6
D59	Queen's Gambit Declined: Tartakower Defense, Makogonov Exchange Variation	16	rnbq1rk1/p1p1bpp1/1p2p2p/3n4/3P3B/2N1PN2/PP3PPP/R2QKB1R w KQ	1. d4 d5 2. c4 e6 3. Nc3 Be7 4. Nf3 Nf6 5. Bg5 h6 6. Bh4 O-O 7. e3 b6 8. cxd5 Nxd5
D60	Queen's Gambit Declined: Orthodox Defense	12	r1bq1rk1/pppnbppp/4pn2/3p2B1/2PP4/2N1PN2/PP3PPP/R2QKB1R w KQ	1. d4 Nf6 2. c4 e6 3. Nf3 d5 4. Nc3 Be7 5. Bg5 O-O 6. e3 Nbd7
D60	Queen's Gambit Declined: Orthodox Defense, Botvinnik Variation	13	r1bq1rk1/pppnbppp/4pn2/3p2B1/2PP4/2NBPN2/PP3PPP/R2QK2R b KQ	1. d4 Nf6 2. c4 e6 3. Nf3 d5 4. Nc3 Be7 5. Bg5 O-O 6. e3 Nbd7 7. Bd3
D60	Queen's Gambit Declined: Orthodox Defense, Botvinnik Variation	14	r1bq1rk1/pp1nbppp/2p1pn2/3p2B1/2PP4/2NBPN2/PP3PPP/R2QK2R w KQ	1. d4 Nf6 2. c4 e6 3. Nf3 d5 4. Nc3 Be7 5. Bg5 O-O 6. e3 Nbd7 7. Bd3 c6
D60	Queen's Gambit Declined: Orthodox Defense, Rauzer Variation	13	r1bq1rk1/pppnbppp/4pn2/3p2B1/2PP4/1QN1PN2/PP3PPP/R3KB1R b KQ	1. d4 d5 2. Nf3 Nf6 3. c4 e6 4. Nc3 Be7 5. Bg5 O-O 6. e3 Nbd7 7. Qb3
D61	Queen's Gambit Declined: Orthodox Defense, Rubinstein Variation	13	r1bq1rk1/pppnbppp/4pn2/3p2B1/2PP4/2N1PN2/PPQ2PPP/R3KB1R b KQ	1. d4 d5 2. c4 e6 3. Nc3 Nf6 4. Bg5 Be7 5. e3 O-O 6. Nf3 Nbd7 7. Qc2
D61	Queen's Gambit Declined: Orthodox Defense, Rubinstein Variation	14	r1bq1rk1/pp1nbppp/4pn2/2pp2B1/2PP4/2N1PN2/PPQ2PPP/R3KB1R w KQ	1. d4 d5 2. c4 e6 3. Nc3 Nf6 4. Bg5 Be7 5. e3 O-O 6. Nf3 Nbd7 7. Qc2 c5
D61	Queen's Gambit Declined: Orthodox Defense, Rubinstein Variation	14	r1bq1rk1/pp1nbppp/2p1pn2/3p2B1/2PP4/2N1PN2/PPQ2PPP/R3KB1R w KQ	1. d4 d5 2. c4 e6 3. Nc3 Nf6 4. Bg5 Be7 5. e3 O-O 6. Nf3 Nbd7 7. Qc2 c6
D61	Queen's Gambit Declined: Orthodox Defense, Rubinstein Variation	15	r1bq1rk1/pp1nbppp/2p1pn2/3p2B1/2PP4/P1N1PN2/1PQ2PPP/R3KB1R b KQ	1. d4 d5 2. c4 e6 3. Nc3 Nf6 4. Bg5 Be7 5. e3 O-O 6. Nf3 Nbd7 7. Qc2 c6 8. a3
D61	Queen's Gambit Declined: Orthodox Defense, Rubinstein Variation	18	r1bqr1k1/1ppnbppp/p4n2/3p2B1/3P4/2NBPN2/PPQ2PPP/R3K2R w KQ	1. d4 d5 2. c4 e6 3. Nc3 Nf6 4. Bg5 Be7 5. e3 O-O 6. Nf3 Nbd7 7. Qc2 a6 8. cxd5 exd5 9. Bd3 Re8
D61	Queen's Gambit Declined: Orthodox Defense, Rubinstein Variation	16	r1bq1rk1/1p1nbppp/p1p1pn2/3p2B1/2PP4/2N1PN2/PPQ2PPP/3RKB1R w K	1. d4 d5 2. c4 e6 3. Nc3 Nf6 4. Bg5 Be7 5. e3 O-O 6. Nf3 Nbd7 7. Qc2 c6 8. Rd1 a6
D62	Queen's Gambit Declined: Orthodox Defense, Rubinstein Variation, Flohr Line	15	r1bq1rk1/pp1nbppp/4pn2/2pP2B1/3P4/2N1PN2/PPQ2PPP/R3KB1R b KQ	1. d4 Nf6 2. c4 e6 3. Nf3 d5 4. Nc3 Be7 5. Bg5 O-O 6. e3 Nbd7 7. Qc2 c5 8. cxd5
D63	Queen's Gambit Declined: Orthodox Defense, Capablanca Variation	17	r1bq1rk1/p1pnbppp/1p3n2/1B1p2B1/3P4/2N1PN2/PP3PPP/2RQK2R b K	1. Nf3 d5 2. d4 Nf6 3. c4 e6 4. Nc3 Be7 5. Bg5 O-O 6. e3 Nbd7 7. Rc1 b6 8. cxd5 exd5 9. Bb5
D63	Queen's Gambit Declined: Orthodox Defense, Henneberger Variation	14	r1bq1rk1/1ppnbppp/p3pn2/3p2B1/2PP4/2N1PN2/PP3PPP/2RQKB1R w K	1. d4 Nf6 2. c4 e6 3. Nf3 d5 4. Nc3 Be7 5. Bg5 O-O 6. e3 Nbd7 7. Rc1 a6
D63	Queen's Gambit Declined: Orthodox Defense, Henneberger Variation	15	r1bq1rk1/1ppnbppp/p3pn2/2Pp2B1/3P4/2N1PN2/PP3PPP/2RQKB1R b K	1. d4 Nf6 2. c4 e6 3. Nf3 d5 4. Nc3 Be7 5. Bg5 O-O 6. e3 Nbd7 7. Rc1 a6 8. c5
D63	Queen's Gambit Declined: Orthodox Defense, Henneberger Variation	16	r1bq1rk1/1p1nbppp/p1p1pn2/2Pp2B1/3P4/2N1PN2/PP3PPP/2RQKB1R w K	1. d4 Nf6 2. c4 e6 3. Nf3 d5 4. Nc3 Be7 5. Bg5 O-O 6. e3 Nbd7 7. Rc1 a6 8. c5 c6
D63	Queen's Gambit Declined: Orthodox Defense, Henneberger Variation	17	r1bq1rk1/1p1nbppp/p1p1pn2/2Pp2B1/3P4/2NBPN2/PP3PPP/2RQK2R b K	1. d4 Nf6 2. c4 e6 3. Nf3 d5 4. Nc3 Be7 5. Bg5 O-O 6. e3 Nbd7 7. Rc1 a6 8. c5 c6 9. Bd3
D63	Queen's Gambit Declined: Orthodox Defense, Main Line	13	r1bq1rk1/pppnbppp/4pn2/3p2B1/2PP4/2N1PN2/PP3PPP/2RQKB1R b K	1. d4 Nf6 2. c4 e6 3. Nf3 d5 4. Nc3 Be7 5. Bg5 O-O 6. e3 Nbd7 7. Rc1
D63	Queen's Gambit Declined: Orthodox Defense, Main Line	14	r1bq1rk1/pp1nbppp/2p1pn2/3p2B1/2PP4/2N1PN2/PP3PPP/2RQKB1R w K	1. d4 Nf6 2. c4 e6 3. Nf3 d5 4. Nc3 Be7 5. Bg5 O-O 6. e3 Nbd7 7. Rc1 c6
D63	Queen's Gambit Declined: Orthodox Defense, Main Line	16	r1bq1rk1/pp1nbpp1/4pn1p/2pp4/2PP3B/2N1PN2/PP3PPP/2RQKB1R w K	1. d4 d5 2. c4 e6 3. Nc3 Nf6 4. Bg5 Be7 5. e3 Nbd7 6. Nf3 O-O 7. Rc1 h6 8. Bh4 c5
D63	Queen's Gambit Declined: Orthodox Defense, Pillsbury Variation	17	r1bq1rk1/p1pnbppp/1p3n2/3p2B1/3P4/2NBPN2/PP3PPP/2RQK2R b K	1. d4 Nf6 2. c4 e6 3. Nc3 d5 4. Bg5 Be7 5. e3 O-O 6. Nf3 Nbd7 7. Rc1 b6 8. cxd5 exd5 9. Bd3
D63	Queen's Gambit Declined: Orthodox Defense, Swiss, Carlsbad Variation	15	r1bq1rk1/1ppnbppp/p3pn2/3P2B1/3P4/2N1PN2/PP3PPP/2RQKB1R b K	1. d4 Nf6 2. c4 e6 3. Nf3 d5 4. Nc3 Be7 5. Bg5 O-O 6. e3 Nbd7 7. Rc1 a6 8. cxd5
D64	Queen's Gambit Declined: Orthodox Defense, Rubinstein Attack	17	r1bq1rk1/1p1nbppp/p1p1pn2/3p2B1/2PP4/P1N1PN2/1PQ2PPP/2R1KB1R b K	1. d4 Nf6 2. c4 e6 3. Nc3 d5 4. Nf3 Be7 5. Bg5 O-O 6. e3 Nbd7 7. Rc1 c6 8. a3 a6 9. Qc2
D64	Queen's Gambit Declined: Orthodox Defense, Rubinstein Attack	15	r1bq1rk1/pp1nbppp/2p1pn2/3p2B1/2PP4/2N1PN2/PPQ2PPP/2R1KB1R b K	1. d4 Nf6 2. c4 e6 3. Nf3 d5 4. Nc3 Be7 5. Bg5 O-O 6. e3 Nbd7 7. Rc1 c6 8. Qc2
D64	Queen's Gambit Declined: Orthodox Defense, Rubinstein Attack	16	r1bq1rk1/1p1nbppp/p1p1pn2/3p2B1/2PP4/2N1PN2/PPQ2PPP/2R1KB1R w K	1. d4 Nf6 2. c4 e6 3. Nf3 d5 4. Nc3 Be7 5. Bg5 O-O 6. e3 Nbd7 7. Rc1 c6 8. Qc2 a6
D64	Queen's Gambit Declined: Orthodox Defense, Rubinstein Attack	16	r1bq1rk1/pp1nbppp/2p1p3/3p2B1/2PPn3/2N1PN2/PPQ2PPP/2R1KB1R w K	1. Nf3 d5 2. d4 Nf6 3. c4 e6 4. Nc3 Be7 5. Bg5 O-O 6. e3 Nbd7 7. Rc1 c6 8. Qc2 Ne4
D65	Queen's Gambit Declined: Orthodox Defense, Rubinstein Attack	17	r1bq1rk1/1p1nbppp/p1p1pn2/3P2B1/3P4/2N1PN2/PPQ2PPP/2R1KB1R b K	1. d4 d5 2. Nf3 Nf6 3. c4 e6 4. Nc3 Be7 5. Bg5 O-O 6. e3 Nbd7 7. Rc1 c6 8. Qc2 a6 9. cxd5
D65	Queen's Gambit Declined: Orthodox Defense, Rubinstein Attack	19	r1bq1rk1/1p1nbppp/p1p2n2/3p2B1/3P4/2NBPN2/PPQ2PPP/2R1K2R b K	1. d4 d5 2. Nf3 Nf6 3. c4 e6 4. Nc3 Be7 5. Bg5 O-O 6. e3 Nbd7 7. Rc1 c6 8. Qc2 a6 9. cxd5 exd5 10. Bd3
D66	Queen's Gambit Declined: Orthodox Defense, Bd3 Line	15	r1bq1rk1/pp1nbppp/2p1pn2/3p2B1/2PP4/2NBPN2/PP3PPP/2RQK2R b K	1. d4 d5 2. c4 e6 3. Nc3 Nf6 4. Bg5 Be7 5. e3 O-O 6. Nf3 Nbd7 7. Rc1 c6 8. Bd3
D66	Queen's Gambit Declined: Orthodox Defense, Bd3 Line	17	r1bq1rk1/pp1nbpp1/2p1pn1p/3p4/2PP3B/2NBPN2/PP3PPP/2RQK2R b K	1. d4 d5 2. c4 e6 3. Nc3 Nf6 4. Bg5 Be7 5. e3 O-O 6. Nf3 Nbd7 7. Rc1 c6 8. Bd3 h6 9. Bh4
D66	Queen's Gambit Declined: Orthodox Defense, Fianchetto Variation	18	r1bq1rk1/p2nbppp/2p1pn2/1p4B1/2BP4/2N1PN2/PP3PPP/2RQK2R w K	1. d4 d5 2. c4 e6 3. Nc3 Nf6 4. Bg5 c6 5. Nf3 Be7 6. e3 Nbd7 7. Rc1 O-O 8. Bd3 dxc4 9. Bxc4 b5
D67	Queen's Gambit Declined: Orthodox Defense, Alekhine Variation	21	r1b2rk1/pp1nqppp/2p1p3/3n4/2BPN3/4PN2/PP3PPP/2RQK2R b K	1. d4 d5 2. c4 e6 3. Nc3 Nf6 4. Bg5 Be7 5. e3 O-O 6. Nf3 Nbd7 7. Rc1 c6 8. Bd3 dxc4 9. Bxc4 Nd5 10. Bxe7 Qxe7 11. Ne4
D67	Queen's Gambit Declined: Orthodox Defense, Bd3 Line	20	r1b2rk1/pp1nqppp/2p1p3/3n4/2BP4/2N1PN2/PP3PPP/2RQK2R w K	1. d4 d5 2. c4 e6 3. Nc3 Nf6 4. Bg5 Be7 5. e3 O-O 6. Nf3 Nbd7 7. Rc1 c6 8. Bd3 dxc4 9. Bxc4 Nd5 10. Bxe7 Qxe7
D67	Queen's Gambit Declined: Orthodox Defense, Capablanca System	18	r1bq1rk1/pp1nbppp/2p1p3/3n2B1/2BP4/2N1PN2/PP3PPP/2RQK2R w K	1. d4 d5 2. c4 e6 3. Nc3 Nf6 4. Bg5 Be7 5. e3 O-O 6. Nf3 Nbd7 7. Rc1 c6 8. Bd3 dxc4 9. Bxc4 Nd5
D67	Queen's Gambit Declined: Orthodox Defense, Janowski Variation	19	r1bq1rk1/pp1nbppp/2p1p3/3n2B1/2BP3P/2N1PN2/PP3PP1/2RQK2R b K	1. d4 d5 2. Nf3 Nf6 3. c4 e6 4. Nc3 Be7 5. Bg5 O-O 6. e3 Nbd7 7. Rc1 c6 8. Bd3 dxc4 9. Bxc4 Nd5 10. h4
D67	Queen's Gambit Declined: Orthodox Defense, Main Line	21	r1b2rk1/pp1nqppp/2p1p3/3n4/2BP4/2N1PN2/PP3PPP/2RQ1RK1 b -	1. d4 d5 2. c4 e6 3. Nc3 Nf6 4. Bg5 Be7 5. e3 O-O 6. Nf3 Nbd7 7. Rc1 c6 8. Bd3 dxc4 9. Bxc4 Nd5 10. Bxe7 Qxe7 11. O-O
D68	Queen's Gambit Declined: Orthodox Defense, Classical Variation	24	r1b2rk1/pp1nqppp/2p5/4p3/2BP4/2R1PN2/PP3PPP/3Q1RK1 w -	1. d4 d5 2. c4 e6 3. Nc3 Nf6 4. Bg5 Be7 5. e3 O-O 6. Nf3 Nbd7 7. Rc1 c6 8. Bd3 dxc4 9. Bxc4 Nd5 10. Bxe7 Qxe7 11. O-O Nxc3 12. Rxc3 e5
D68	Queen's Gambit Declined: Orthodox Defense, Classical Variation	25	r1b2rk1/pp1nqppp/2p5/4p3/2BP4/2R1PN2/PP3PPP/1Q3RK1 b -	1. d4 d5 2. c4 e6 3. Nf3 Nf6 4. Nc3 Be7 5. Bg5 O-O 6. e3 Nbd7 7. Rc1 c6 8. Bd3 dxc4 9. Bxc4 Nd5 10. Bxe7 Qxe7 11. O-O Nxc3 12. Rxc3 e5 13. Qb1
D68	Queen's Gambit Declined: Orthodox Defense, Classical Variation	25	r1b2rk1/pp1nqppp/2p5/4p3/2BP4/2R1PN2/PPQ2PPP/5RK1 b -	1. d4 Nf6 2. c4 e6 3. Nf3 d5 4. Nc3 Be7 5. Bg5 O-O 6. e3 Nbd7 7. Rc1 c6 8. Bd3 dxc4 9. Bxc4 Nd5 10. Bxe7 Qxe7 11. O-O Nxc3 12. Rxc3 e5 13. Qc2
D69	Queen's Gambit Declined: Orthodox Defense, Classical Variation	28	r1b2rk1/pp3ppp/2p5/4q3/2B5/2R1P3/PP3PPP/3Q1RK1 w -	1. d4 d5 2. c4 e6 3. Nc3 Nf6 4. Bg5 Be7 5. e3 O-O 6. Nf3 Nbd7 7. Rc1 c6 8. Bd3 dxc4 9. Bxc4 Nd5 10. Bxe7 Qxe7 11. O-O Nxc3 12. Rxc3 e5 13. dxe5 Nxe5 14. Nxe5 Qxe5
D70	Neo-Grünfeld Defense: Goglidze Attack	6	rnbqkb1r/ppp1pp1p/5np1/3p4/2PP4/5P2/PP2P1PP/RNBQKBNR w KQkq	1. d4 Nf6 2. c4 g6 3. f3 d5
D70	Neo-Grünfeld Defense: with Nf3	6	rnbqkb1r/ppp1pp1p/5np1/3p4/2PP4/5N2/PP2PPPP/RNBQKB1R w KQkq	1. d4 Nf6 2. c4 g6 3. Nf3 d5
D70	Neo-Grünfeld Defense: with g3	6	rnbqkb1r/ppp1pp1p/5np1/3p4/2PP4/6P1/PP2PP1P/RNBQKBNR w KQkq	1. d4 Nf6 2. c4 g6 3. g3 d5
D71	Neo-Grünfeld Defense: Exchange Variation	10	rnbqk2r/ppp1ppbp/6p1/3n4/3P4/6P1/PP2PPBP/RNBQK1NR w KQkq	1. d4 Nf6 2. c4 g6 3. g3 Bg7 4. Bg2 d5 5. cxd5 Nxd5
D71	Neo-Grünfeld Defense: Exchange Variation	11	rnbqk2r/ppp1ppbp/6p1/3n4/3P4/5NP1/PP2PPBP/RNBQK2R b KQkq	1. c4 Nf6 2. g3 g6 3. Bg2 Bg7 4. d4 d5 5. cxd5 Nxd5 6. Nf3
D72	Neo-Grünfeld Defense: with g3	13	rnbqk2r/ppp1ppbp/1n4p1/8/3PP3/6P1/PP2NPBP/RNBQK2R b KQkq	1. d4 Nf6 2. c4 g6 3. g3 d5 4. Bg2 Bg7 5. cxd5 Nxd5 6. e4 Nb6 7. Ne2
D73	Neo-Grünfeld Defense: with g3	9	rnbqk2r/ppp1ppbp/5np1/3p4/2PP4/5NP1/PP2PPBP/RNBQK2R b KQkq	1. d4 Nf6 2. c4 g6 3. g3 d5 4. Bg2 Bg7 5. Nf3
D74	Neo-Grünfeld Defense: Delayed Exchange Variation	13	rnbq1rk1/ppp1ppbp/6p1/3n4/3P4/5NP1/PP2PPBP/RNBQ1RK1 b -	1. d4 Nf6 2. c4 g6 3. Nf3 Bg7 4. g3 O-O 5. Bg2 d5 6. cxd5 Nxd5 7. O-O
D75	Neo-Grünfeld Defense: Delayed Exchange Variation	15	rnbq1rk1/pp2ppbp/6p1/2pn4/3P4/2N2NP1/PP2PPBP/R1BQ1RK1 b -	1. d4 Nf6 2. c4 g6 3. Nc3 Bg7 4. Nf3 O-O 5. g3 d5 6. cxd5 Nxd5 7. Bg2 c5 8. O-O
D75	Neo-Grünfeld Defense: Delayed Exchange Variation	15	rnbq1rk1/pp2ppbp/6p1/2Pn4/8/5NP1/PP2PPBP/RNBQ1RK1 b -	1. d4 Nf6 2. Nf3 g6 3. c4 Bg7 4. g3 O-O 5. Bg2 d5 6. cxd5 Nxd5 7. O-O c5 8. dxc5
D76	Neo-Grünfeld Defense: Delayed Exchange Variation	14	rnbq1rk1/ppp1ppbp/1n4p1/8/3P4/5NP1/PP2PPBP/RNBQ1RK1 w -	1. d4 Nf6 2. c4 g6 3. Nf3 Bg7 4. g3 O-O 5. Bg2 d5 6. cxd5 Nxd5 7. O-O Nb6
D77	Neo-Grünfeld Defense: Classical Variation	11	rnbq1rk1/ppp1ppbp/5np1/3p4/2PP4/5NP1/PP2PPBP/RNBQ1RK1 b -	1. d4 Nf6 2. Nf3 g6 3. g3 Bg7 4. Bg2 O-O 5. O-O d5 6. c4
D77	Neo-Grünfeld Defense: Classical Variation, Modern Defense	12	rnbq1rk1/ppp1ppbp/5np1/8/2pP4/5NP1/PP2PPBP/RNBQ1RK1 w -	1. d4 Nf6 2. Nf3 g6 3. g3 Bg7 4. Bg2 O-O 5. O-O d5 6. c4 dxc4
D77	Neo-Grünfeld Defense: Classical Variation, Polgar Variation	12	r1bq1rk1/ppp1ppbp/2n2np1/3p4/2PP4/5NP1/PP2PPBP/RNBQ1RK1 w -	1. d4 Nf6 2. Nf3 g6 3. g3 Bg7 4. Bg2 O-O 5. O-O d5 6. c4 Nc6
D78	Neo-Grünfeld Defense: Classical Variation, Original Defense	12	rnbq1rk1/pp2ppbp/2p2np1/3p4/2PP4/5NP1/PP2PPBP/RNBQ1RK1 w -	1. d4 Nf6 2. c4 g6 3. Nf3 Bg7 4. g3 O-O 5. Bg2 c6 6. O-O d5
D79	Neo-Grünfeld Defense: Ultra-Delayed Exchange Variation	14	rnbq1rk1/pp2ppbp/5np1/3p4/3P4/5NP1/PP2PPBP/RNBQ1RK1 w -	1. d4 Nf6 2. c4 g6 3. Nf3 Bg7 4. g3 O-O 5. Bg2 c6 6. O-O d5 7. cxd5 cxd5
D79	Neo-Grünfeld Defense: Ultra-Delayed Exchange Variation	16	r1bq1rk1/pp2ppbp/2n2np1/3p4/3P4/2N2NP1/PP2PPBP/R1BQ1RK1 w -	1. d4 Nf6 2. c4 g6 3. Nf3 Bg7 4. g3 O-O 5. Bg2 c6 6. O-O d5 7. cxd5 cxd5 8. Nc3 Nc6
D79	Neo-Grünfeld Defense: Ultra-Delayed Exchange Variation	17	r1bq1rk1/pp2ppbp/2n2np1/3p4/3P1B2/2N2NP1/PP2PPBP/R2Q1RK1 b -	1. d4 Nf6 2. c4 g6 3. Nf3 Bg7 4. g3 O-O 5. Bg2 c6 6. O-O d5 7. cxd5 cxd5 8. Nc3 Nc6 9. Bf4
D79	Neo-Grünfeld Defense: Ultra-Delayed Exchange Variation	16	rnbq1rk1/pp2ppbp/6p1/3p4/3Pn3/2N2NP1/PP2PPBP/R1BQ1RK1 w -	1. d4 Nf6 2. c4 g6 3. Nf3 Bg7 4. g3 O-O 5. Bg2 c6 6. O-O d5 7. cxd5 cxd5 8. Nc3 Ne4
D79	Neo-Grünfeld Defense: Ultra-Delayed Exchange Variation	17	r1bq1rk1/pp2ppbp/2n2np1/3pN3/3P4/2N3P1/PP2PPBP/R1BQ1RK1 b -	1. d4 Nf6 2. c4 g6 3. Nf3 Bg7 4. g3 O-O 5. Bg2 c6 6. O-O d5 7. cxd5 cxd5 8. Ne5 Nc6 9. Nc3
D79	Neo-Grünfeld Defense: Ultra-Delayed Exchange Variation	16	rnbq1rk1/pp3pbp/4pnp1/3pN3/3P4/6P1/PP2PPBP/RNBQ1RK1 w -	1. d4 Nf6 2. c4 g6 3. g3 d5 4. Bg2 Bg7 5. Nf3 O-O 6. O-O c6 7. cxd5 cxd5 8. Ne5 e6
D79	Neo-Grünfeld Defense: Ultra-Delayed Exchange Variation	17	rnbq1rk1/pp3pbp/4pnp1/3pN3/3P4/2N3P1/PP2PPBP/R1BQ1RK1 b -	1. d4 Nf6 2. c4 g6 3. g3 d5 4. Bg2 Bg7 5. Nf3 O-O 6. O-O c6 7. cxd5 cxd5 8. Ne5 e6 9. Nc3
D79	Neo-Grünfeld Defense: Ultra-Delayed Exchange Variation	16	rn1q1rk1/pp2ppbp/5np1/3pNb2/3P4/6P1/PP2PPBP/RNBQ1RK1 w -	1. d4 Nf6 2. c4 g6 3. g3 d5 4. Bg2 Bg7 5. Nf3 O-O 6. O-O c6 7. cxd5 cxd5 8. Ne5 Bf5
D79	Neo-Grünfeld Defense: Ultra-Delayed Exchange Variation	17	rn1q1rk1/pp2ppbp/5np1/3pNb2/3P4/2N3P1/PP2PPBP/R1BQ1RK1 b -	1. d4 Nf6 2. c4 g6 3. g3 d5 4. Bg2 Bg7 5. Nf3 O-O 6. O-O c6 7. cxd5 cxd5 8. Ne5 Bf5 9. Nc3
D79	Neo-Grünfeld Defense: Ultra-Delayed Exchange Variation	16	rnbq1rk1/pp2ppbp/6p1/3pN3/3P2n1/6P1/PP2PPBP/RNBQ1RK1 w -	1. d4 Nf6 2. c4 g6 3. g3 d5 4. Bg2 Bg7 5. Nf3 O-O 6. O-O c6 7. cxd5 cxd5 8. Ne5 Ng4
D80	Grünfeld Defense	6	rnbqkb1r/ppp1pp1p/5np1/3p4/2PP4/2N5/PP2PPPP/R1BQKBNR w KQkq	1. d4 Nf6 2. c4 g6 3. Nc3 d5
D80	Grünfeld Defense: Gibbon Gambit	7	rnbqkb1r/ppp1pp1p/5np1/3p4/2PP2P1/2N5/PP2PP1P/R1BQKBNR b KQkq	1. d4 Nf6 2. c4 g6 3. Nc3 d5 4. g4
D80	Grünfeld Defense: Lundin Variation	12	rnbqkb1r/pp2pp1p/6p1/2p3B1/2PPp3/8/PP1QPPPP/R3KBNR w KQkq	1. d4 Nf6 2. c4 g6 3. Nc3 d5 4. Bg5 Ne4 5. Nxe4 dxe4 6. Qd2 c5
D80	Grünfeld Defense: Lutikov Variation	7	rnbqkb1r/ppp1pp1p/5np1/3p4/2PP4/2N2P2/PP2P1PP/R1BQKBNR b KQkq	1. d4 Nf6 2. c4 g6 3. Nc3 d5 4. f3
D80	Grünfeld Defense: Lutikov Variation, Murrey Attack	11	rnbqkb1r/pp2pp1p/6p1/2pn4/N2P4/5P2/PP2P1PP/R1BQKBNR b KQkq	1. d4 Nf6 2. c4 g6 3. Nc3 d5 4. f3 c5 5. cxd5 Nxd5 6. Na4
D80	Grünfeld Defense: Stockholm Variation	7	rnbqkb1r/ppp1pp1p/5np1/3p2B1/2PP4/2N5/PP2PPPP/R2QKBNR b KQkq	1. d4 Nf6 2. c4 g6 3. Nc3 d5 4. Bg5
D80	Grünfeld Defense: Zaitsev Gambit	7	rnbqkb1r/ppp1pp1p/5np1/3p4/2PP3P/2N5/PP2PPP1/R1BQKBNR b KQkq	1. d4 Nf6 2. c4 g6 3. Nc3 d5 4. h4
D81	Grünfeld Defense: Russian Variation, Accelerated Variation	7	rnbqkb1r/ppp1pp1p/5np1/3p4/2PP4/1QN5/PP2PPPP/R1B1KBNR b KQkq	1. d4 Nf6 2. c4 g6 3. Nc3 d5 4. Qb3
D82	Grünfeld Defense: Brinckmann Attack	7	rnbqkb1r/ppp1pp1p/5np1/3p4/2PP1B2/2N5/PP2PPPP/R2QKBNR b KQkq	1. d4 Nf6 2. c4 g6 3. Nc3 d5 4. Bf4
D83	Grünfeld Defense: Brinckmann Attack, Grünfeld Gambit	10	rnbq1rk1/ppp1ppbp/5np1/3p4/2PP1B2/2N1P3/PP3PPP/R2QKBNR w KQ	1. d4 Nf6 2. c4 g6 3. Nc3 d5 4. Bf4 Bg7 5. e3 O-O
D83	Grünfeld Defense: Brinckmann Attack, Grünfeld Gambit, Botvinnik Variation	14	rn1q1rk1/pp2ppbp/4bnp1/2Pp4/2P2B2/2N1P3/PP3PPP/2RQKBNR w K	1. d4 Nf6 2. c4 g6 3. Nc3 d5 4. Bf4 Bg7 5. e3 O-O 6. Rc1 c5 7. dxc5 Be6
D83	Grünfeld Defense: Brinckmann Attack, Grünfeld Gambit, Capablanca Variation	11	rnbq1rk1/ppp1ppbp/5np1/3p4/2PP1B2/2N1P3/PP3PPP/2RQKBNR b K	1. d4 Nf6 2. c4 g6 3. Nc3 d5 4. Bf4 Bg7 5. e3 O-O 6. Rc1
D83	Grünfeld Defense: Brinckmann Attack, Reshevsky Gambit	14	rnb2rk1/pp2ppbp/5np1/q1Pp4/2P2B2/2N1P3/PP3PPP/2RQKBNR w K	1. d4 Nf6 2. c4 g6 3. Nc3 d5 4. Bf4 Bg7 5. Rc1 O-O 6. e3 c5 7. dxc5 Qa5
D84	Grünfeld Defense: Brinckmann Attack, Grünfeld Gambit Accepted	15	rnb2rk1/ppB1ppbp/6p1/3q4/3P4/4P3/PP3PPP/R2QKBNR b KQ	1. d4 Nf6 2. c4 g6 3. Nc3 d5 4. Bf4 Bg7 5. e3 O-O 6. cxd5 Nxd5 7. Nxd5 Qxd5 8. Bxc7
D85	Grünfeld Defense: Exchange Variation	8	rnbqkb1r/ppp1pp1p/6p1/3n4/3P4/2N5/PP2PPPP/R1BQKBNR w KQkq	1. d4 Nf6 2. c4 g6 3. Nc3 d5 4. cxd5 Nxd5
D85	Grünfeld Defense: Exchange Variation, Modern Exchange Variation	13	rnbqk2r/ppp1ppbp/6p1/8/3PP3/2P2N2/P4PPP/R1BQKB1R b KQkq	1. d4 Nf6 2. c4 g6 3. Nc3 d5 4. cxd5 Nxd5 5. e4 Nxc3 6. bxc3 Bg7 7. Nf3
D85	Grünfeld Defense: Exchange Variation, Modern Exchange Variation	14	rnbqk2r/pp2ppbp/6p1/2p5/3PP3/2P2N2/P4PPP/R1BQKB1R w KQkq	1. d4 Nf6 2. c4 g6 3. Nc3 d5 4. cxd5 Nxd5 5. e4 Nxc3 6. bxc3 Bg7 7. Nf3 c5
D85	Grünfeld Defense: Exchange Variation, Modern Exchange Variation	15	rnbqk2r/pp2ppbp/6p1/2p5/3PP3/2P2N2/P4PPP/1RBQKB1R b Kkq	1. d4 Nf6 2. Nf3 g6 3. c4 Bg7 4. Nc3 d5 5. cxd5 Nxd5 6. e4 Nxc3 7. bxc3 c5 8. Rb1
D85	Grünfeld Defense: Exchange Variation, Modern Exchange Variation, Kramnik's Line	15	rnbqk2r/pp2ppbp/6p1/2p5/3PP3/2P2N1P/P4PP1/R1BQKB1R b KQkq	1. d4 Nf6 2. Nf3 g6 3. c4 Bg7 4. Nc3 d5 5. cxd5 Nxd5 6. e4 Nxc3 7. bxc3 c5 8. h3
D85	Grünfeld Defense: Exchange Variation, Modern Exchange Variation, Pawn Grab Line	20	r1bq1rk1/pp2pp1p/2n3p1/2pP4/4P3/2b2N2/P3BPPP/1RBQK2R w K	1. d4 Nf6 2. c4 g6 3. Nc3 d5 4. cxd5 Nxd5 5. e4 Nxc3 6. bxc3 Bg7 7. Nf3 c5 8. Rb1 O-O 9. Be2 Nc6 10. d5 Bxc3+
D85	Grünfeld Defense: Exchange Variation, Nadanian Attack	9	rnbqkb1r/ppp1pp1p/6p1/3n4/N2P4/8/PP2PPPP/R1BQKBNR b KQkq	1. d4 Nf6 2. c4 g6 3. Nc3 d5 4. cxd5 Nxd5 5. Na4
D86	Grünfeld Defense: Exchange Variation, Classical Variation	13	rnbqk2r/ppp1ppbp/6p1/8/2BPP3/2P5/P4PPP/R1BQK1NR b KQkq	1. d4 Nf6 2. c4 g6 3. Nc3 d5 4. cxd5 Nxd5 5. e4 Nxc3 6. bxc3 Bg7 7. Bc4
D86	Grünfeld Defense: Exchange Variation, Larsen Variation	16	rnb2rk1/pppqppbp/6p1/8/2BPP3/2P5/P3NPPP/R1BQK2R w KQ	1. d4 Nf6 2. c4 g6 3. Nc3 d5 4. cxd5 Nxd5 5. e4 Nxc3 6. bxc3 Bg7 7. Bc4 O-O 8. Ne2 Qd7
D86	Grünfeld Defense: Exchange Variation, Larsen Variation	18	rnb2rk1/p1pqppbp/1p4p1/8/2BPP3/2P5/P3NPPP/R1BQ1RK1 w -	1. d4 Nf6 2. c4 g6 3. Nc3 d5 4. cxd5 Nxd5 5. e4 Nxc3 6. bxc3 Bg7 7. Bc4 O-O 8. Ne2 Qd7 9. O-O b6
D86	Grünfeld Defense: Exchange Variation, Simagin's Improved Variation	16	r1bq1rk1/ppp1ppbp/2n3p1/8/2BPP3/2P5/P3NPPP/R1BQK2R w KQ	1. d4 Nf6 2. c4 g6 3. Nc3 d5 4. cxd5 Nxd5 5. e4 Nxc3 6. bxc3 Bg7 7. Bc4 O-O 8. Ne2 Nc6
D86	Grünfeld Defense: Exchange Variation, Simagin's Lesser Variation	16	rnbq1rk1/p1p1ppbp/1p4p1/8/2BPP3/2P5/P3NPPP/R1BQK2R w KQ	1. d4 Nf6 2. c4 g6 3. Nc3 d5 4. cxd5 Nxd5 5. e4 Nxc3 6. bxc3 Bg7 7. Bc4 O-O 8. Ne2 b6
D87	Grünfeld Defense: Exchange Variation, Seville Variation	23	r2q1rk1/pp2pBbp/6p1/n1p5/3PP1b1/2P1BP2/P3N1PP/R2Q1RK1 b -	1. d4 Nf6 2. c4 g6 3. Nc3 d5 4. cxd5 Nxd5 5. e4 Nxc3 6. bxc3 Bg7 7. Bc4 c5 8. Ne2 Nc6 9. Be3 O-O 10. O-O Bg4 11. f3 Na5 12. Bxf7+
D87	Grünfeld Defense: Exchange Variation, Spassky Variation	16	rnbq1rk1/pp2ppbp/6p1/2p5/2BPP3/2P5/P3NPPP/R1BQK2R w KQ	1. d4 Nf6 2. c4 g6 3. Nc3 d5 4. cxd5 Nxd5 5. e4 Nxc3 6. bxc3 Bg7 7. Bc4 c5 8. Ne2 O-O
D88	Grünfeld Defense: Exchange Variation, Spassky Variation	21	r1bq1rk1/pp2ppbp/2n3p1/8/2BPP3/4B3/P3NPPP/R2Q1RK1 b -	1. d4 Nf6 2. c4 g6 3. Nc3 d5 4. cxd5 Nxd5 5. e4 Nxc3 6. bxc3 Bg7 7. Bc4 c5 8. Ne2 Nc6 9. Be3 O-O 10. O-O cxd4 11. cxd4
D89	Grünfeld Defense: Exchange Variation, Sokolsky Variation	27	r2q1rk1/pp2ppbp/4b1p1/n2P4/4P3/3BBP2/P3N1PP/R2Q1RK1 b -	1. d4 Nf6 2. c4 g6 3. Nc3 d5 4. cxd5 Nxd5 5. e4 Nxc3 6. bxc3 Bg7 7. Bc4 c5 8. Ne2 O-O 9. O-O Nc6 10. Be3 Bg4 11. f3 Na5 12. Bd3 cxd4 13. cxd4 Be6 14. d5
D89	Grünfeld Defense: Exchange Variation, Spassky Variation	26	r2q1rk1/pp2ppbp/4b1p1/n7/3PP3/3BBP2/P3N1PP/R2Q1RK1 w -	1. d4 Nf6 2. c4 g6 3. Nc3 d5 4. cxd5 Nxd5 5. e4 Nxc3 6. bxc3 Bg7 7. Bc4 c5 8. Ne2 Nc6 9. Be3 O-O 10. O-O Bg4 11. f3 Na5 12. Bd3 cxd4 13. cxd4 Be6
D90	Grünfeld Defense: Flohr Variation	9	rnbqk2r/ppp1ppbp/5np1/3p4/Q1PP4/2N2N2/PP2PPPP/R1B1KB1R b KQkq	1. d4 Nf6 2. c4 g6 3. Nc3 d5 4. Nf3 Bg7 5. Qa4+
D90	Grünfeld Defense: Three Knights Variation	7	rnbqkb1r/ppp1pp1p/5np1/3p4/2PP4/2N2N2/PP2PPPP/R1BQKB1R b KQkq	1. d4 Nf6 2. c4 g6 3. Nc3 d5 4. Nf3
D90	Grünfeld Defense: Three Knights Variation	8	rnbqk2r/ppp1ppbp/5np1/3p4/2PP4/2N2N2/PP2PPPP/R1BQKB1R w KQkq	1. d4 Nf6 2. c4 g6 3. Nc3 d5 4. Nf3 Bg7
D91	Grünfeld Defense: Three Knights Variation, Petrosian System	9	rnbqk2r/ppp1ppbp/5np1/3p2B1/2PP4/2N2N2/PP2PPPP/R2QKB1R b KQkq	1. d4 Nf6 2. c4 g6 3. Nc3 d5 4. Nf3 Bg7 5. Bg5
D92	Grünfeld Defense: Three Knights Variation, Hungarian Attack	9	rnbqk2r/ppp1ppbp/5np1/3p4/2PP1B2/2N2N2/PP2PPPP/R2QKB1R b KQkq	1. d4 Nf6 2. c4 g6 3. Nc3 d5 4. Nf3 Bg7 5. Bf4
D93	Grünfeld Defense: Three Knights Variation, Hungarian Variation	11	rnbq1rk1/ppp1ppbp/5np1/3p4/2PP1B2/2N1PN2/PP3PPP/R2QKB1R b KQ	1. d4 Nf6 2. c4 g6 3. Nc3 d5 4. Nf3 Bg7 5. Bf4 O-O 6. e3
D94	Grünfeld Defense: Flohr Defense	14	rn1q1rk1/pp2ppbp/2p2np1/3p1b2/2PP4/2NBPN2/PP3PPP/R1BQ1RK1 w -	1. d4 d5 2. c4 c6 3. Nc3 Nf6 4. e3 g6 5. Nf3 Bg7 6. Bd3 O-O 7. O-O Bf5
D94	Grünfeld Defense: Makogonov Variation	11	rnbq1rk1/ppp1ppbp/5np1/3p4/1PPP4/2N1PN2/P4PPP/R1BQKB1R b KQ	1. d4 Nf6 2. c4 g6 3. Nc3 d5 4. Nf3 Bg7 5. e3 O-O 6. b4
D94	Grünfeld Defense: Opocensky Variation	11	rnbq1rk1/ppp1ppbp/5np1/3p4/2PP4/2N1PN2/PP1B1PPP/R2QKB1R b KQ	1. d4 Nf6 2. c4 g6 3. Nc3 d5 4. Nf3 Bg7 5. e3 O-O 6. Bd2
D94	Grünfeld Defense: Smyslov Defense	14	rn1q1rk1/pp2ppbp/2p2np1/3p4/2PP2b1/2NBPN2/PP3PPP/R1BQ1RK1 w -	1. d4 d5 2. c4 c6 3. Nc3 Nf6 4. e3 g6 5. Nf3 Bg7 6. Bd3 O-O 7. O-O Bg4
D94	Grünfeld Defense: Three Knights Variation, Burille Variation	9	rnbqk2r/ppp1ppbp/5np1/3p4/2PP4/2N1PN2/PP3PPP/R1BQKB1R b KQkq	1. d4 Nf6 2. c4 g6 3. Nc3 d5 4. Nf3 Bg7 5. e3
D94	Grünfeld Defense: Three Knights Variation, Paris Variation	11	rnbq1rk1/ppp1ppbp/5np1/3p4/2PP4/2NBPN2/PP3PPP/R1BQK2R b KQ	1. d4 Nf6 2. c4 g6 3. Nc3 d5 4. Nf3 Bg7 5. e3 O-O 6. Bd3
D95	Grünfeld Defense: Botvinnik Variation	12	rnbq1rk1/ppp2pbp/4pnp1/3p4/2PP4/1QN1PN2/PP3PPP/R1B1KB1R w KQ	1. d4 Nf6 2. c4 g6 3. Nc3 d5 4. Nf3 Bg7 5. e3 O-O 6. Qb3 e6
D95	Grünfeld Defense: Pachman Variation	15	r1bq1rk1/pppnppbp/5np1/6N1/2BP4/1QN1P3/PP3PPP/R1B1K2R b KQ	1. d4 Nf6 2. c4 g6 3. Nc3 d5 4. e3 Bg7 5. Qb3 dxc4 6. Bxc4 O-O 7. Nf3 Nbd7 8. Ng5
D95	Grünfeld Defense: Three Knights Variation, Vienna Variation	11	rnbq1rk1/ppp1ppbp/5np1/3p4/2PP4/1QN1PN2/PP3PPP/R1B1KB1R b KQ	1. d4 Nf6 2. c4 g6 3. Nc3 d5 4. Nf3 Bg7 5. e3 O-O 6. Qb3
D96	Grünfeld Defense: Russian Variation	9	rnbqk2r/ppp1ppbp/5np1/3p4/2PP4/1QN2N2/PP2PPPP/R1B1KB1R b KQkq	1. d4 Nf6 2. c4 g6 3. Nc3 d5 4. Nf3 Bg7 5. Qb3
D97	Grünfeld Defense: Russian Variation	13	rnbq1rk1/ppp1ppbp/5np1/8/2QPP3/2N2N2/PP3PPP/R1B1KB1R b KQ	1. d4 Nf6 2. c4 g6 3. Nc3 d5 4. Nf3 Bg7 5. Qb3 dxc4 6. Qxc4 O-O 7. e4
D97	Grünfeld Defense: Russian Variation, Byrne Variation	14	r1bq1rk1/ppp1ppbp/2n2np1/8/2QPP3/2N2N2/PP3PPP/R1B1KB1R w KQ	1. d4 Nf6 2. c4 g6 3. Nc3 d5 4. Nf3 Bg7 5. Qb3 dxc4 6. Qxc4 O-O 7. e4 Nc6
D97	Grünfeld Defense: Russian Variation, Hungarian Variation	14	rnbq1rk1/1pp1ppbp/p4np1/8/2QPP3/2N2N2/PP3PPP/R1B1KB1R w KQ	1. d4 Nf6 2. c4 g6 3. Nc3 d5 4. Nf3 Bg7 5. Qb3 dxc4 6. Qxc4 O-O 7. e4 a6
D97	Grünfeld Defense: Russian Variation, Levenfish Variation	14	rnbq1rk1/p1p1ppbp/1p3np1/8/2QPP3/2N2N2/PP3PPP/R1B1KB1R w KQ	1. d4 Nf6 2. c4 g6 3. Nc3 d5 4. Nf3 Bg7 5. Qb3 dxc4 6. Qxc4 O-O 7. e4 b6
D97	Grünfeld Defense: Russian Variation, Prins Variation	14	r1bq1rk1/ppp1ppbp/n4np1/8/2QPP3/2N2N2/PP3PPP/R1B1KB1R w KQ	1. d4 Nf6 2. c4 g6 3. Nc3 d5 4. Nf3 Bg7 5. Qb3 dxc4 6. Qxc4 O-O 7. e4 Na6
D97	Grünfeld Defense: Russian Variation, Szabo Variation	14	rnbq1rk1/pp2ppbp/2p2np1/8/2QPP3/2N2N2/PP3PPP/R1B1KB1R w KQ	1. d4 Nf6 2. c4 g6 3. Nc3 d5 4. Nf3 Bg7 5. Qb3 dxc4 6. Qxc4 O-O 7. e4 c6
D98	Grünfeld Defense: Russian Variation, Keres Variation	21	r2q1rk1/ppp1ppbp/1nn3p1/8/3PP1b1/2NQBN2/PP2BPPP/2KR3R b -	1. d4 Nf6 2. c4 g6 3. Nc3 d5 4. Nf3 Bg7 5. Qb3 dxc4 6. Qxc4 O-O 7. e4 Bg4 8. Be3 Nfd7 9. Be2 Nb6 10. Qd3 Nc6 11. O-O-O
D98	Grünfeld Defense: Russian Variation, Smyslov Variation	14	rn1q1rk1/ppp1ppbp/5np1/8/2QPP1b1/2N2N2/PP3PPP/R1B1KB1R w KQ	1. d4 Nf6 2. c4 g6 3. Nc3 d5 4. Nf3 Bg7 5. Qb3 dxc4 6. Qxc4 O-O 7. e4 Bg4
D99	Grünfeld Defense: Russian Variation, Smyslov Variation	17	rn1q1rk1/pppnppbp/6p1/8/3PP1b1/1QN1BN2/PP3PPP/R3KB1R b KQ	1. d4 Nf6 2. c4 g6 3. Nc3 d5 4. Nf3 Bg7 5. Qb3 dxc4 6. Qxc4 O-O 7. e4 Bg4 8. Be3 Nfd7 9. Qb3
D99	Grünfeld Defense: Russian Variation, Yugoslav Variation	18	rn1q1rk1/pp1nppbp/6p1/2p5/3PP1b1/1QN1BN2/PP3PPP/R3KB1R w KQ	1. d4 Nf6 2. c4 g6 3. Nc3 d5 4. Nf3 Bg7 5. Qb3 dxc4 6. Qxc4 O-O 7. e4 Bg4 8. Be3 Nfd7 9. Qb3 c5
E00	Catalan Opening	5	rnbqkb1r/pppp1ppp/4pn2/8/2PP4/6P1/PP2PP1P/RNBQKBNR b KQkq	1. d4 Nf6 2. c4 e6 3. g3
E00	Catalan Opening	6	rnbqkb1r/ppp2ppp/4pn2/3p4/2PP4/6P1/PP2PP1P/RNBQKBNR w KQkq	1. d4 Nf6 2. c4 e6 3. g3 d5
E00	Catalan Opening: Hungarian Gambit	6	rnbqkb1r/pppp1ppp/5n2/4p3/2PP4/6P1/PP2PP1P/RNBQKBNR w KQkq	1. d4 Nf6 2. c4 e6 3. g3 e5
E00	Indian Defense	5	rnbqkb1r/pppp1ppp/4pn2/8/2PP4/1Q6/PP2PPPP/RNB1KBNR b KQkq	1. d4 Nf6 2. c4 e6 3. Qb3
E00	Indian Defense: Devin Gambit	5	rnbqkb1r/pppp1ppp/4pn2/8/2PP2P1/8/PP2PP1P/RNBQKBNR b KQkq	1. d4 Nf6 2. c4 e6 3. g4
E00	Indian Defense: Seirawan Attack	5	rnbqkb1r/pppp1ppp/4pn2/6B1/2PP4/8/PP2PPPP/RN1QKBNR b KQkq	1. d4 Nf6 2. c4 e6 3. Bg5
E01	Catalan Opening: Open Defense	7	rnbqkb1r/ppp2ppp/4pn2/3p4/2PP4/6P1/PP2PPBP/RNBQK1NR b KQkq	1. d4 Nf6 2. c4 e6 3. g3 d5 4. Bg2
E01	Catalan Opening: Tarrasch Defense	10	r1bqkb1r/pp3ppp/2n1pn2/2pp4/2PP4/5NP1/PP2PPBP/RNBQK2R w KQkq	1. d4 Nf6 2. c4 e6 3. g3 d5 4. Bg2 c5 5. Nf3 Nc6
E02	Catalan Opening: Open Defense	8	rnbqkb1r/ppp2ppp/4pn2/8/2pP4/6P1/PP2PPBP/RNBQK1NR w KQkq	1. d4 Nf6 2. c4 e6 3. g3 d5 4. Bg2 dxc4
E03	Catalan Opening: Open Defense	11	r1bqkb1r/pppn1ppp/4pn2/8/2QP4/6P1/PP2PPBP/RNB1K1NR b KQkq	1. d4 Nf6 2. c4 e6 3. g3 d5 4. Bg2 dxc4 5. Qa4+ Nbd7 6. Qxc4
E03	Catalan Opening: Open Defense, Alekhine Variation	13	r1bqkb1r/1ppn1ppp/p3pn2/8/3P4/6P1/PPQ1PPBP/RNB1K1NR b KQkq	1. d4 Nf6 2. c4 e6 3. g3 d5 4. Bg2 dxc4 5. Qa4+ Nbd7 6. Qxc4 a6 7. Qc2
E04	Catalan Opening: Open Defense	9	rnbqkb1r/ppp2ppp/4pn2/8/2pP4/5NP1/PP2PPBP/RNBQK2R b KQkq	1. d4 Nf6 2. c4 e6 3. g3 d5 4. Bg2 dxc4 5. Nf3
E04	Catalan Opening: Open Defense	10	rnbqkb1r/pp3ppp/2p1pn2/8/2pP4/5NP1/PP2PPBP/RNBQK2R w KQkq	1. d4 Nf6 2. c4 e6 3. Nf3 d5 4. g3 c6 5. Bg2 dxc4
E04	Catalan Opening: Open Defense, Modern Sharp Variation	12	r1bqk2r/ppp2ppp/2n1pn2/8/QbpP4/5NP1/PP2PPBP/RNB1K2R w KQkq	1. d4 Nf6 2. c4 e6 3. g3 d5 4. Bg2 dxc4 5. Nf3 Nc6 6. Qa4 Bb4+
E05	Catalan Opening: Open Defense, Classical Line	10	rnbqk2r/ppp1bppp/4pn2/8/2pP4/5NP1/PP2PPBP/RNBQK2R w KQkq	1. d4 Nf6 2. c4 e6 3. g3 d5 4. Bg2 dxc4 5. Nf3 Be7
E05	Catalan Opening: Open Defense, Classical Line	12	rnbq1rk1/ppp1bppp/4pn2/8/2pP4/5NP1/PP2PPBP/RNBQ1RK1 w -	1. d4 Nf6 2. c4 e6 3. Nf3 d5 4. g3 Be7 5. Bg2 O-O 6. O-O dxc4
E06	Catalan Opening: Closed	9	rnbqk2r/ppp1bppp/4pn2/3p4/2PP4/5NP1/PP2PPBP/RNBQK2R b KQkq	1. d4 Nf6 2. c4 e6 3. g3 d5 4. Bg2 Be7 5. Nf3
E06	Catalan Opening: Closed	12	rnbq1rk1/pp2bppp/2p1pn2/3p4/2PP4/5NP1/PP2PPBP/RNBQ1RK1 w -	1. c4 e6 2. Nf3 d5 3. g3 Nf6 4. Bg2 Be7 5. d4 O-O 6. O-O c6
E06	Catalan Opening: Closed	16	rnbq1rk1/p3bppp/1pp1pn2/3p4/2PP1B2/5NP1/PP2PPBP/RN1Q1RK1 w -	1. d4 Nf6 2. c4 e6 3. Nf3 d5 4. g3 Bb4+ 5. Bd2 Be7 6. Bg2 O-O 7. O-O c6 8. Bf4 b6
E06	Catalan Opening: Closed	18	r2q1rk1/pb2bppp/npp1pn2/3p4/2PPP3/5NP1/PPQN1PBP/R1B2RK1 w -	1. d4 Nf6 2. c4 e6 3. g3 d5 4. Bg2 Be7 5. Nf3 O-O 6. O-O c6 7. Qc2 b6 8. Nbd2 Bb7 9. e4 Na6
E07	Catalan Opening: Closed	12	r1bq1rk1/pppnbppp/4pn2/3p4/2PP4/5NP1/PP2PPBP/RNBQ1RK1 w -	1. d4 Nf6 2. c4 e6 3. g3 d5 4. Bg2 Be7 5. Nf3 O-O 6. O-O Nbd7
E07	Catalan Opening: Closed, Botvinnik Variation	15	r1bq1rk1/pp1nbppp/2p1pn2/3p4/2PP4/2NQ1NP1/PP2PPBP/R1B2RK1 b -	1. d4 Nf6 2. c4 e6 3. g3 d5 4. Bg2 Be7 5. Nf3 O-O 6. O-O Nbd7 7. Nc3 c6 8. Qd3
E08	Catalan Opening: Closed	13	r1bq1rk1/pppnbppp/4pn2/3p4/2PP4/5NP1/PPQ1PPBP/RNB2RK1 b -	1. d4 Nf6 2. c4 e6 3. g3 d5 4. Bg2 Be7 5. Nf3 O-O 6. O-O Nbd7 7. Qc2
E08	Catalan Opening: Closed	15	r1bq1rk1/pp1nbppp/2p1pn2/3p4/2PP4/1P3NP1/P1Q1PPBP/RNB2RK1 b -	1. d4 Nf6 2. c4 e6 3. g3 d5 4. Bg2 Be7 5. Nf3 O-O 6. O-O Nbd7 7. Qc2 c6 8. b3
E08	Catalan Opening: Closed	16	r1bq1rk1/p2nbppp/1pp1pn2/3p4/2PP4/1P3NP1/P1Q1PPBP/RNB2RK1 w -	1. d4 Nf6 2. c4 e6 3. g3 d5 4. Bg2 Be7 5. Nf3 O-O 6. O-O Nbd7 7. Qc2 c6 8. b3 b6
E08	Catalan Opening: Closed	17	r1bq1rk1/p2nbppp/1pp1pn2/3p4/2PP1B2/5NP1/PPQ1PPBP/RN1R2K1 b -	1. d4 Nf6 2. c4 e6 3. g3 d5 4. Bg2 Be7 5. Nf3 O-O 6. O-O c6 7. Qc2 b6 8. Rd1 Nbd7 9. Bf4
E08	Catalan Opening: Closed	19	r2q1rk1/pb1nbppp/1pp1pn2/3p4/2PPPB2/5NP1/PPQN1PBP/R4RK1 b -	1. d4 Nf6 2. c4 e6 3. g3 d5 4. Bg2 Be7 5. Nf3 O-O 6. O-O Nbd7 7. Qc2 c6 8. Bf4 b6 9. Nbd2 Bb7 10. e4
E08	Catalan Opening: Closed, Spassky Gambit	20	r2q1rk1/pb1nbppp/2p1pn2/1p1p4/2PP4/1PN2NP1/P1Q1PPBP/R1BR2K1 w -	1. d4 Nf6 2. c4 e6 3. g3 Be7 4. Bg2 d5 5. Nf3 O-O 6. O-O Nbd7 7. Qc2 c6 8. b3 b6 9. Rd1 Bb7 10. Nc3 b5
E08	Catalan Opening: Closed, Zagoryansky Variation	17	r1bq1rk1/p2nbppp/1pp1pn2/3p4/P1PP4/5NP1/1PQ1PPBP/RNBR2K1 b -	1. d4 e6 2. c4 Nf6 3. Nf3 d5 4. g3 Be7 5. Bg2 O-O 6. O-O Nbd7 7. Qc2 c6 8. Rd1 b6 9. a4
E09	Catalan Opening: Closed Variation, Rabinovich Variation	16	r1bq1rk1/p2nbppp/2p1pn2/1p1p4/2PP4/5NP1/PPQNPPBP/R1B2RK1 w -	1. d4 d5 2. c4 c6 3. Nf3 Nf6 4. Qc2 e6 5. Nbd2 Be7 6. g3 Nbd7 7. Bg2 O-O 8. O-O b5
E09	Catalan Opening: Closed Variation, Traditional Variation	16	r1bq1rk1/p2nbppp/1pp1pn2/3p4/2PP4/5NP1/PPQNPPBP/R1B2RK1 w -	1. d4 Nf6 2. c4 e6 3. Nf3 d5 4. g3 Be7 5. Bg2 O-O 6. O-O Nbd7 7. Qc2 c6 8. Nbd2 b6
E09	Catalan Opening: Closed, Main Line	15	r1bq1rk1/pp1nbppp/2p1pn2/3p4/2PP4/5NP1/PPQNPPBP/R1B2RK1 b -	1. d4 Nf6 2. c4 e6 3. Nf3 d5 4. g3 Be7 5. Bg2 O-O 6. O-O Nbd7 7. Qc2 c6 8. Nbd2
E09	Catalan Opening: Closed, Main Line	18	r2q1rk1/pb1nbppp/1pp1pn2/3p4/2PPP3/5NP1/PPQN1PBP/R1B2RK1 w -	1. d4 Nf6 2. c4 e6 3. Nf3 d5 4. g3 Be7 5. Bg2 O-O 6. O-O c6 7. Qc2 b6 8. Nbd2 Bb7 9. e4 Nbd7
E09	Catalan Opening: Closed, Main Line	23	r2q1rk1/pb1nbppp/1pp1p3/8/2PPQB2/5NP1/PP3PBP/R4RK1 b -	1. d4 Nf6 2. c4 e6 3. Nf3 d5 4. g3 Be7 5. Bg2 O-O 6. O-O Nbd7 7. Qc2 c6 8. Bf4 b6 9. Nbd2 Bb7 10. e4 dxe4 11. Nxe4 Nxe4 12. Qxe4
E09	Catalan Opening: Closed, Sokolsky Variation	20	r2q1rk1/3nbppp/bpp1pn2/p2p4/2PP4/1P3NP1/PBQNPPBP/R4RK1 w -	1. d4 Nf6 2. c4 e6 3. g3 d5 4. Bg2 Be7 5. Nf3 O-O 6. O-O Nbd7 7. Qc2 c6 8. Nbd2 b6 9. b3 a5 10. Bb2 Ba6
E10	Blumenfeld Countergambit	8	rnbqkb1r/p2p1ppp/4pn2/1ppP4/2P5/5N2/PP2PPPP/RNBQKB1R w KQkq	1. d4 Nf6 2. c4 e6 3. Nf3 c5 4. d5 b5
E10	Blumenfeld Countergambit Accepted	12	rnbqkb1r/p5pp/4pn2/1Ppp4/8/5N2/PP2PPPP/RNBQKB1R w KQkq	1. d4 Nf6 2. c4 e6 3. Nf3 c5 4. d5 b5 5. dxe6 fxe6 6. cxb5 d5
E10	Blumenfeld Countergambit: Duz-Khotimirsky Variation	9	rnbqkb1r/p2p1ppp/4pn2/1ppP2B1/2P5/5N2/PP2PPPP/RN1QKB1R b KQkq	1. d4 Nf6 2. c4 e6 3. Nf3 c5 4. d5 b5 5. Bg5
E10	Blumenfeld Countergambit: Spielmann Variation	12	rnbqkb1r/p2p1pp1/5n1p/1ppP2B1/8/5N2/PP2PPPP/RN1QKB1R w KQkq	1. d4 Nf6 2. c4 e6 3. Nf3 c5 4. d5 b5 5. Bg5 exd5 6. cxd5 h6
E10	Indian Defense: Anti-Nimzo-Indian	5	rnbqkb1r/pppp1ppp/4pn2/8/2PP4/5N2/PP2PPPP/RNBQKB1R b KQkq	1. d4 Nf6 2. c4 e6 3. Nf3
E10	Indian Defense: Dzindzi-Indian Defense	6	rnbqkb1r/1ppp1ppp/p3pn2/8/2PP4/5N2/PP2PPPP/RNBQKB1R w KQkq	1. d4 Nf6 2. c4 e6 3. Nf3 a6
E10	Indian Defense: Döry Indian	6	rnbqkb1r/pppp1ppp/4p3/8/2PPn3/5N2/PP2PPPP/RNBQKB1R w KQkq	1. d4 Nf6 2. c4 e6 3. Nf3 Ne4
E11	Bogo-Indian Defense	6	rnbqk2r/pppp1ppp/4pn2/8/1bPP4/5N2/PP2PPPP/RNBQKB1R w KQkq	1. d4 Nf6 2. c4 e6 3. Nf3 Bb4+
E11	Bogo-Indian Defense: Exchange Variation	8	rnbqk2r/pppp1ppp/4pn2/8/2PP4/5N2/PP1bPPPP/RN1QKB1R w KQkq	1. d4 Nf6 2. c4 e6 3. Nf3 Bb4+ 4. Bd2 Bxd2+
E11	Bogo-Indian Defense: Grünfeld Variation	7	rnbqk2r/pppp1ppp/4pn2/8/1bPP4/5N2/PP1NPPPP/R1BQKB1R b KQkq	1. d4 Nf6 2. c4 e6 3. Nf3 Bb4+ 4. Nbd2
E11	Bogo-Indian Defense: Haiti Variation	8	r1bqk2r/pppp1ppp/2n1pn2/8/1bPP4/5N2/PP1BPPPP/RN1QKB1R w KQkq	1. d4 Nf6 2. c4 e6 3. Nf3 Bb4+ 4. Bd2 Nc6
E11	Bogo-Indian Defense: Monticelli Trap	19	rn1q1rk1/pbpp1ppp/1p2p3/6N1/2PP4/2n3P1/PPQ1PPBP/R3K2R b KQ	1. d4 Nf6 2. c4 e6 3. Nf3 b6 4. g3 Bb7 5. Bg2 Bb4+ 6. Bd2 Bxd2+ 7. Qxd2 O-O 8. Nc3 Ne4 9. Qc2 Nxc3 10. Ng5
E11	Bogo-Indian Defense: New England Variation	7	rnbqk2r/pppp1ppp/4pn2/8/1bPP4/8/PP1NPPPP/RNBQKB1R b KQkq	1. d4 Nf6 2. c4 e6 3. Nf3 Bb4+ 4. Nfd2
E11	Bogo-Indian Defense: Nimzowitsch Variation	8	rnb1k2r/ppppqppp/4pn2/8/1bPP4/5N2/PP1BPPPP/RN1QKB1R w KQkq	1. d4 Nf6 2. c4 e6 3. Nf3 Bb4+ 4. Bd2 Qe7
E11	Bogo-Indian Defense: Retreat Variation	8	rnbqk2r/ppppbppp/4pn2/8/2PP4/5N2/PP1BPPPP/RN1QKB1R w KQkq	1. d4 Nf6 2. c4 e6 3. Nf3 Bb4+ 4. Bd2 Be7
E11	Bogo-Indian Defense: Retreat Variation	11	rnbqk2r/ppp1bppp/4pn2/3p4/2PP4/5NP1/PP1BPPBP/RN1QK2R b KQkq	1. d4 Nf6 2. c4 e6 3. g3 Bb4+ 4. Bd2 Be7 5. Bg2 d5 6. Nf3
E11	Bogo-Indian Defense: Retreat Variation	12	rnbq1rk1/ppp1bppp/4pn2/3p4/2PP4/5NP1/PP1BPPBP/RN1QK2R w KQ	1. d4 Nf6 2. c4 e6 3. g3 Bb4+ 4. Bd2 Be7 5. Bg2 d5 6. Nf3 O-O
E11	Bogo-Indian Defense: Retreat Variation	13	rnbq1rk1/ppp1bppp/4pn2/3p4/2PP4/5NP1/PP1BPPBP/RN1Q1RK1 b -	1. d4 Nf6 2. c4 e6 3. g3 Bb4+ 4. Bd2 Be7 5. Bg2 d5 6. Nf3 O-O 7. O-O
E11	Bogo-Indian Defense: Retreat Variation	15	rnbq1rk1/pp2bppp/2p1pn2/3p4/2PP4/5NP1/PPQBPPBP/RN3RK1 b -	1. d4 Nf6 2. c4 e6 3. g3 Bb4+ 4. Bd2 Be7 5. Bg2 d5 6. Nf3 O-O 7. Qc2 c6 8. O-O
E11	Bogo-Indian Defense: Retreat Variation	16	r1bq1rk1/pp1nbppp/2p1pn2/3p4/2PP4/5NP1/PPQBPPBP/RN3RK1 w -	1. d4 Nf6 2. c4 e6 3. g3 Bb4+ 4. Bd2 Be7 5. Bg2 d5 6. Nf3 Nbd7 7. O-O O-O 8. Qc2 c6
E11	Bogo-Indian Defense: Retreat Variation	17	r1bq1rk1/pp1nbppp/2p1pn2/3p4/2PP4/1P3NP1/P1QBPPBP/RN3RK1 b -	1. d4 Nf6 2. c4 e6 3. g3 Bb4+ 4. Bd2 Be7 5. Bg2 d5 6. Nf3 Nbd7 7. O-O O-O 8. Qc2 c6 9. b3
E11	Bogo-Indian Defense: Retreat Variation	17	r1bq1rk1/pp1nbppp/2p1pn2/3p4/2PP4/5NP1/PPQBPPBP/RNR3K1 b -	1. d4 Nf6 2. c4 e6 3. g3 Bb4+ 4. Bd2 Be7 5. Bg2 d5 6. Nf3 Nbd7 7. O-O O-O 8. Qc2 c6 9. Rc1
E11	Bogo-Indian Defense: Retreat Variation	17	r1bq1rk1/pp1nbppp/2p1pn2/3p4/2PP4/5NP1/PPQBPPBP/RN1R2K1 b -	1. d4 Nf6 2. c4 e6 3. g3 Bb4+ 4. Bd2 Be7 5. Bg2 d5 6. Nf3 Nbd7 7. O-O O-O 8. Qc2 c6 9. Rd1
E11	Bogo-Indian Defense: Retreat Variation	18	r1bq1rk1/pp1nbpp1/2p1pn1p/3p4/2PP4/5NP1/PPQBPPBP/RN1R2K1 w -	1. d4 Nf6 2. c4 e6 3. g3 Bb4+ 4. Bd2 Be7 5. Bg2 d5 6. Nf3 Nbd7 7. O-O O-O 8. Qc2 c6 9. Rd1 h6
E11	Bogo-Indian Defense: Retreat Variation	19	r1bq1rk1/p2nbppp/1pp1pn2/3p4/2PP1B2/5NP1/PPQNPPBP/R4RK1 b -	1. d4 Nf6 2. c4 e6 3. Nf3 d5 4. g3 Bb4+ 5. Bd2 Be7 6. Bg2 O-O 7. O-O c6 8. Qc2 Nbd7 9. Bf4 b6 10. Nbd2
E11	Bogo-Indian Defense: Retreat Variation	20	r2q1rk1/p2nbppp/bpp1pn2/3p4/2PP1B2/5NP1/PPQNPPBP/R4RK1 w -	1. d4 Nf6 2. c4 e6 3. Nf3 d5 4. g3 Bb4+ 5. Bd2 Be7 6. Bg2 O-O 7. O-O c6 8. Qc2 Nbd7 9. Bf4 b6 10. Nbd2 Ba6
E11	Bogo-Indian Defense: Vitolins Variation	8	rnbqk2r/pp1p1ppp/4pn2/2p5/1bPP4/5N2/PP1BPPPP/RN1QKB1R w KQkq	1. d4 Nf6 2. c4 e6 3. Nf3 Bb4+ 4. Bd2 c5
E11	Bogo-Indian Defense: Wade-Smyslov Variation	8	rnbqk2r/1ppp1ppp/4pn2/p7/1bPP4/5N2/PP1BPPPP/RN1QKB1R w KQkq	1. d4 Nf6 2. c4 e6 3. Nf3 Bb4+ 4. Bd2 a5
E12	Queen's Indian Defense	6	rnbqkb1r/p1pp1ppp/1p2pn2/8/2PP4/5N2/PP2PPPP/RNBQKB1R w KQkq	1. d4 Nf6 2. c4 e6 3. Nf3 b6
E12	Queen's Indian Defense: Kasparov Variation	7	rnbqkb1r/p1pp1ppp/1p2pn2/8/2PP4/2N2N2/PP2PPPP/R1BQKB1R b KQkq	1. d4 Nf6 2. c4 e6 3. Nf3 b6 4. Nc3
E12	Queen's Indian Defense: Kasparov Variation, Botvinnik Attack	14	rn1qkb1r/pbpp1p2/1p2p2p/6pn/2PP4/2N2NB1/PP2PPPP/R2QKB1R w KQkq	1. d4 Nf6 2. c4 e6 3. Nf3 b6 4. Nc3 Bb7 5. Bg5 h6 6. Bh4 g5 7. Bg3 Nh5
E12	Queen's Indian Defense: Kasparov-Petrosian Variation	9	rn1qkb1r/pbpp1ppp/1p2pn2/8/2PP4/P1N2N2/1P2PPPP/R1BQKB1R b KQkq	1. d4 Nf6 2. c4 e6 3. Nf3 b6 4. a3 Bb7 5. Nc3
E12	Queen's Indian Defense: Kasparov-Petrosian Variation, Andersson Variation	10	rn1qkb1r/pbpp1ppp/1p2p3/8/2PPn3/P1N2N2/1P2PPPP/R1BQKB1R w KQkq	1. d4 Nf6 2. c4 e6 3. Nf3 b6 4. a3 Bb7 5. Nc3 Ne4
E12	Queen's Indian Defense: Kasparov-Petrosian Variation, Classical Variation	12	rn1qkb1r/pbp2ppp/1p3n2/3p4/3P4/P1N2N2/1P2PPPP/R1BQKB1R w KQkq	1. d4 Nf6 2. c4 e6 3. Nf3 b6 4. a3 Bb7 5. Nc3 d5 6. cxd5 exd5
E12	Queen's Indian Defense: Kasparov-Petrosian Variation, Hedgehog Variation	10	rn1qkb1r/pbpp1p1p/1p2pnp1/8/2PP4/P1N2N2/1P2PPPP/R1BQKB1R w KQkq	1. d4 Nf6 2. c4 e6 3. Nf3 b6 4. a3 Bb7 5. Nc3 g6
E12	Queen's Indian Defense: Kasparov-Petrosian Variation, Kasparov Attack	13	rn1qkb1r/pbp2ppp/1p2p3/3n4/3P4/P1N2N2/1PQ1PPPP/R1B1KB1R b KQkq	1. d4 Nf6 2. c4 e6 3. Nf3 b6 4. a3 Bb7 5. Nc3 d5 6. cxd5 Nxd5 7. Qc2
E12	Queen's Indian Defense: Kasparov-Petrosian Variation, Main Line	10	rn1qkb1r/pbp2ppp/1p2pn2/3p4/2PP4/P1N2N2/1P2PPPP/R1BQKB1R w KQkq	1. d4 Nf6 2. c4 e6 3. Nf3 b6 4. a3 Bb7 5. Nc3 d5
E12	Queen's Indian Defense: Kasparov-Petrosian Variation, Marco Defense	10	rn1qk2r/pbppbppp/1p2pn2/8/2PP4/P1N2N2/1P2PPPP/R1BQKB1R w KQkq	1. d4 Nf6 2. c4 e6 3. Nf3 b6 4. a3 Bb7 5. Nc3 Be7
E12	Queen's Indian Defense: Kasparov-Petrosian Variation, Modern Variation	12	rn1qkb1r/pbp2ppp/1p2p3/3n4/3P4/P1N2N2/1P2PPPP/R1BQKB1R w KQkq	1. d4 Nf6 2. c4 e6 3. Nf3 b6 4. a3 Bb7 5. Nc3 d5 6. cxd5 Nxd5
E12	Queen's Indian Defense: Kasparov-Petrosian Variation, Petrosian Attack	13	rn1qkb1r/pbp2ppp/1p2p3/3n4/3P4/P1N1PN2/1P3PPP/R1BQKB1R b KQkq	1. d4 Nf6 2. c4 e6 3. Nf3 b6 4. a3 Bb7 5. Nc3 d5 6. cxd5 Nxd5 7. e3
E12	Queen's Indian Defense: Kasparov-Petrosian Variation, Polovodin Gambit	13	rn1qkb1r/pbp2ppp/1p2p3/3n4/3PP3/P1N2N2/1P3PPP/R1BQKB1R b KQkq	1. d4 Nf6 2. c4 e6 3. Nf3 b6 4. Nc3 Bb7 5. a3 d5 6. cxd5 Nxd5 7. e4
E12	Queen's Indian Defense: Kasparov-Petrosian Variation, Rashkovsky Attack	13	rn1qkb1r/pbp2ppp/1p2p3/3n4/Q2P4/P1N2N2/1P2PPPP/R1B1KB1R b KQkq	1. d4 Nf6 2. c4 e6 3. Nf3 b6 4. a3 Bb7 5. Nc3 d5 6. cxd5 Nxd5 7. Qa4+
E12	Queen's Indian Defense: Kasparov-Petrosian Variation, Romanishin Attack	13	rn1qkb1r/pbp2ppp/1p2p3/3n4/3P4/P1N2N2/1P1BPPPP/R2QKB1R b KQkq	1. d4 Nf6 2. c4 e6 3. Nf3 b6 4. a3 Bb7 5. Nc3 d5 6. cxd5 Nxd5 7. Bd2
E12	Queen's Indian Defense: Miles Variation	7	rnbqkb1r/p1pp1ppp/1p2pn2/8/2PP1B2/5N2/PP2PPPP/RN1QKB1R b KQkq	1. d4 Nf6 2. c4 e6 3. Nf3 b6 4. Bf4
E12	Queen's Indian Defense: Petrosian Variation	7	rnbqkb1r/p1pp1ppp/1p2pn2/8/2PP4/P4N2/1P2PPPP/RNBQKB1R b KQkq	1. d4 Nf6 2. c4 e6 3. Nf3 b6 4. a3
E12	Queen's Indian Defense: Petrosian Variation, Farago Defense	10	rn1qkb1r/pbpp1ppp/1p2pn2/8/2PP4/P4N2/1PQ1PPPP/RNB1KB1R w KQkq	1. d4 Nf6 2. c4 e6 3. Nf3 b6 4. a3 Ba6 5. Qc2 Bb7
E13	Queen's Indian Defense: Kasparov Variation	12	rn1qk2r/pbpp1pp1/1p2pn1p/8/1bPP3B/2N2N2/PP2PPPP/R2QKB1R w KQkq	1. d4 Nf6 2. c4 e6 3. Nf3 b6 4. Nc3 Bb4 5. Bg5 h6 6. Bh4 Bb7
E14	Queen's Indian Defense, with e3	11	rn1qkb1r/pb1p1ppp/1p2pn2/2p5/2PP4/3BPN2/PP3PPP/RNBQ1RK1 b kq	1. d4 Nf6 2. Nf3 e6 3. e3 b6 4. Bd3 Bb7 5. O-O c5 6. c4
E14	Queen's Indian Defense, with e3	12	rn1qk2r/pb1pbppp/1p2pn2/2p5/2PP4/3BPN2/PP3PPP/RNBQ1RK1 w kq	1. d4 Nf6 2. Nf3 e6 3. e3 b6 4. Bd3 Bb7 5. O-O c5 6. c4 Be7
E14	Queen's Indian Defense, with e3	12	rn1qkb1r/pb1p1p1p/1p2pnp1/2p5/2PP4/3BPN2/PP3PPP/RNBQ1RK1 w kq	1. d4 Nf6 2. Nf3 e6 3. e3 b6 4. Bd3 Bb7 5. O-O c5 6. c4 g6
E14	Queen's Indian Defense, with e3	13	rn1q1rk1/pbppbppp/1p2pn2/8/2PP4/2NBPN2/PP3PPP/R1BQ1RK1 b -	1. d4 Nf6 2. Nf3 e6 3. e3 b6 4. Bd3 Bb7 5. O-O Be7 6. c4 O-O 7. Nc3
E14	Queen's Indian Defense, with e3	17	rn1q1rk1/pb2bppp/1p1ppn2/2p5/2PP4/1P1BPN2/PB1N1PPP/R2Q1RK1 b -	1. d4 Nf6 2. Nf3 e6 3. e3 b6 4. Bd3 Bb7 5. Nbd2 c5 6. b3 Be7 7. Bb2 d6 8. O-O O-O 9. c4
E14	Queen's Indian Defense, with e3	10	rn1qkb1r/pbp2ppp/1p2pn2/3p4/2PP4/2N1PN2/PP3PPP/R1BQKB1R w KQkq	1. d4 Nf6 2. c4 e6 3. Nf3 d5 4. e3 b6 5. Nc3 Bb7
E14	Queen's Indian Defense, with e3	11	rnbqk2r/p1p2ppp/1p1bpn2/3p4/2PP4/2NBPN2/PP3PPP/R1BQK2R b KQkq	1. d4 Nf6 2. c4 e6 3. Nf3 d5 4. e3 b6 5. Nc3 Bd6 6. Bd3
E14	Queen's Indian Defense, with e3	14	rn1q1rk1/pbp2ppp/1p1bpn2/3p4/2PP4/2NBPN2/PP3PPP/R1BQ1RK1 w -	1. d4 Nf6 2. c4 e6 3. Nf3 d5 4. e3 b6 5. Nc3 Bd6 6. Bd3 O-O 7. O-O Bb7
E14	Queen's Indian Defense, with e3	12	rnbq1rk1/p1p1bppp/1p2pn2/3p4/2PP4/1PN1PN2/P4PPP/R1BQKB1R w KQ	1. d4 Nf6 2. c4 e6 3. Nf3 d5 4. e3 Be7 5. Nc3 O-O 6. b3 b6
E14	Queen's Indian Defense, with e3	12	rnbq1rk1/p1p1bppp/1p2pn2/3p4/2PP4/1P1BPN2/P4PPP/RNBQK2R w KQ	1. d4 Nf6 2. c4 e6 3. Nf3 d5 4. e3 Be7 5. b3 O-O 6. Bd3 b6
E14	Queen's Indian Defense, with e3	15	rn1q1rk1/pbp1bppp/1p2pn2/3p4/2PP4/1P1BPN2/PB1N1PPP/R2QK2R b KQ	1. d4 Nf6 2. c4 e6 3. Nf3 d5 4. e3 Be7 5. b3 O-O 6. Bb2 b6 7. Nbd2 Bb7 8. Bd3
E14	Queen's Indian Defense, with e3	13	rn1qk2r/pbpp1ppp/1p2pn2/8/2PP4/P3PN2/1P1Q1PPP/R1B1KB1R b KQkq	1. d4 Nf6 2. c4 e6 3. Nf3 Bb4+ 4. Nbd2 b6 5. a3 Bxd2+ 6. Qxd2 Bb7 7. e3
E14	Queen's Indian Defense, with e3	17	rn1q1rk1/pbp1bppp/1p3n2/3p4/3P4/1PNBPN2/PB3PPP/R2QK2R b KQ	1. Nf3 d5 2. e3 Nf6 3. c4 e6 4. Nc3 Be7 5. d4 O-O 6. b3 b6 7. cxd5 exd5 8. Bb2 Bb7 9. Bd3
E14	Queen's Indian Defense, with e3	17	r2q1rk1/pbpn1ppp/1p1bpn2/3p4/2PP4/1P1BPN2/PB1N1PPP/R2Q1RK1 b -	1. d4 Nf6 2. Nf3 d5 3. c4 e6 4. e3 b6 5. b3 Bb7 6. Bd3 Nbd7 7. O-O Bd6 8. Bb2 O-O 9. Nbd2
E14	Queen's Indian Defense, with e3, Bb4+ Line	10	rn1qk2r/pbpp1ppp/1p2pn2/8/1bPP4/4PN2/PP1N1PPP/R1BQKB1R w KQkq	1. d4 Nf6 2. c4 e6 3. Nf3 Bb4+ 4. Nbd2 b6 5. e3 Bb7
E14	Queen's Indian Defense: Averbakh Variation	17	rn1q1rk1/pb1pbppp/1p2pn2/8/2PN4/1P1BP3/PB3PPP/RN1Q1RK1 b -	1. d4 Nf6 2. c4 e6 3. Nf3 b6 4. e3 Bb7 5. Bd3 c5 6. O-O Be7 7. b3 O-O 8. Bb2 cxd4 9. Nxd4
E14	Queen's Indian Defense: Spassky System	7	rnbqkb1r/p1pp1ppp/1p2pn2/8/2PP4/4PN2/PP3PPP/RNBQKB1R b KQkq	1. d4 Nf6 2. c4 e6 3. Nf3 b6 4. e3
E14	Queen's Indian Defense: Spassky System	8	rn1qkb1r/pbpp1ppp/1p2pn2/8/2PP4/4PN2/PP3PPP/RNBQKB1R w KQkq	1. d4 Nf6 2. c4 e6 3. Nf3 b6 4. e3 Bb7
E14	Queen's Indian Defense: Spassky System	9	rn1qkb1r/pbpp1ppp/1p2pn2/8/2PP4/3BPN2/PP3PPP/RNBQK2R b KQkq	1. d4 Nf6 2. c4 e6 3. Nf3 b6 4. e3 Bb7 5. Bd3
E14	Queen's Indian Defense: Spassky System	10	rn1qkb1r/pbp2ppp/1p2pn2/3p4/2PP4/3BPN2/PP3PPP/RNBQK2R w KQkq	1. d4 Nf6 2. c4 e6 3. Nf3 b6 4. e3 Bb7 5. Bd3 d5
E14	Queen's Indian Defense: Spassky System3	10	rn1qkb1r/pb1p1ppp/1p2pn2/2p5/2PP4/3BPN2/PP3PPP/RNBQK2R w KQkq	1. d4 Nf6 2. c4 e6 3. Nf3 b6 4. e3 Bb7 5. Bd3 c5
E14	Queen's Indian Defense: Spassky System3	18	rn1qk2r/pb2bppp/1p2p3/3n4/3P4/2NB1N2/PP3PPP/R1BQ1RK1 w kq	1. d4 Nf6 2. c4 e6 3. Nf3 b6 4. e3 Bb7 5. Bd3 c5 6. Nc3 cxd4 7. exd4 Be7 8. O-O d5 9. cxd5 Nxd5
E15	Queen's Indian Defense: Buerger Variation	13	rn1qkb1r/pb1p1ppp/1p3n2/2pp2N1/2P5/6P1/PP2PPBP/RNBQK2R b KQkq	1. d4 Nf6 2. c4 e6 3. Nf3 b6 4. g3 Bb7 5. Bg2 c5 6. d5 exd5 7. Ng5
E15	Queen's Indian Defense: Fianchetto Variation	7	rnbqkb1r/p1pp1ppp/1p2pn2/8/2PP4/5NP1/PP2PP1P/RNBQKB1R b KQkq	1. d4 Nf6 2. c4 e6 3. Nf3 b6 4. g3
E15	Queen's Indian Defense: Fianchetto Variation, Check Variation	10	rn1qk2r/p1pp1ppp/bp2pn2/8/1bPP4/1P3NP1/P3PP1P/RNBQKB1R w KQkq	1. d4 Nf6 2. c4 e6 3. Nf3 b6 4. g3 Ba6 5. b3 Bb4+
E15	Queen's Indian Defense: Fianchetto Variation, Check Variation, Intermezzo Line	12	rn1qk2r/p1ppbppp/bp2pn2/8/2PP4/1P3NP1/P2BPP1P/RN1QKB1R w KQkq	1. d4 Nf6 2. c4 e6 3. Nf3 b6 4. g3 Ba6 5. b3 Bb4+ 6. Bd2 Be7
E15	Queen's Indian Defense: Fianchetto Variation, Check Variation, Modern Line	12	rn2k2r/p1ppqppp/bp2pn2/8/1bPP4/1P3NP1/P2BPP1P/RN1QKB1R w KQkq	1. d4 Nf6 2. c4 e6 3. Nf3 b6 4. g3 Ba6 5. b3 Bb4+ 6. Bd2 Qe7
E15	Queen's Indian Defense: Fianchetto Variation, Nimzowitsch Variation	8	rn1qkb1r/p1pp1ppp/bp2pn2/8/2PP4/5NP1/PP2PP1P/RNBQKB1R w KQkq	1. d4 Nf6 2. c4 e6 3. Nf3 b6 4. g3 Ba6
E15	Queen's Indian Defense: Fianchetto Variation, Nimzowitsch Variation, Nimzowitsch Attack	9	rn1qkb1r/p1pp1ppp/bp2pn2/8/Q1PP4/5NP1/PP2PP1P/RNB1KB1R b KQkq	1. d4 Nf6 2. c4 e6 3. Nf3 b6 4. g3 Ba6 5. Qa4
E15	Queen's Indian Defense: Fianchetto Variation, Nimzowitsch Variation, Quiet Line	9	rn1qkb1r/p1pp1ppp/bp2pn2/8/2PP4/1P3NP1/P3PP1P/RNBQKB1R b KQkq	1. d4 Nf6 2. c4 e6 3. Nf3 b6 4. g3 Ba6 5. b3
E15	Queen's Indian Defense: Fianchetto Variation, Nimzowitsch Variation, Timman's Line	9	rn1qkb1r/p1pp1ppp/bp2pn2/8/2PP4/1Q3NP1/PP2PP1P/RNB1KB1R b KQkq	1. d4 Nf6 2. c4 e6 3. Nf3 b6 4. g3 Ba6 5. Qb3
E15	Queen's Indian Defense: Fianchetto Variation, Rubinstein Variation	13	rn1qkb1r/pb1p1ppp/1p3n2/2pp4/2P4N/6P1/PP2PPBP/RNBQK2R b KQkq	1. d4 Nf6 2. c4 e6 3. Nf3 b6 4. g3 Bb7 5. Bg2 c5 6. d5 exd5 7. Nh4
E15	Queen's Indian Defense: Fianchetto Variation, Sämisch Variation	10	rn1qkb1r/pb1p1ppp/1p2pn2/2p5/2PP4/5NP1/PP2PPBP/RNBQK2R w KQkq	1. d4 Nf6 2. c4 e6 3. Nf3 b6 4. g3 Bb7 5. Bg2 c5
E15	Queen's Indian Defense: Fianchetto Variation, Traditional Line	8	rn1qkb1r/pbpp1ppp/1p2pn2/8/2PP4/5NP1/PP2PP1P/RNBQKB1R w KQkq	1. d4 Nf6 2. c4 e6 3. Nf3 b6 4. g3 Bb7
E16	Queen's Indian Defense: Capablanca Variation	10	rn1qk2r/pbpp1ppp/1p2pn2/8/1bPP4/5NP1/PP2PPBP/RNBQK2R w KQkq	1. d4 Nf6 2. c4 e6 3. Nf3 b6 4. g3 Bb7 5. Bg2 Bb4+
E16	Queen's Indian Defense: Capablanca Variation	13	rn1q1rk1/pbpp1ppp/1p2pn2/8/1bPP4/5NP1/PP1NPPBP/R1BQ1RK1 b -	1. d4 Nf6 2. c4 e6 3. Nf3 b6 4. g3 Bb7 5. Bg2 Bb4+ 6. Nbd2 O-O 7. O-O
E16	Queen's Indian Defense: Capablanca Variation	14	rn1q1rk1/pbp2ppp/1p2pn2/3p4/1bPP4/5NP1/PP1NPPBP/R1BQ1RK1 w -	1. d4 Nf6 2. c4 e6 3. Nf3 b6 4. g3 Bb7 5. Bg2 Bb4+ 6. Nbd2 O-O 7. O-O d5
E16	Queen's Indian Defense: Capablanca Variation	14	rn1q1rk1/1bpp1ppp/1p2pn2/p7/1bPP4/5NP1/PP1NPPBP/R1BQ1RK1 w -	1. d4 Nf6 2. c4 e6 3. Nf3 b6 4. g3 Bb7 5. Bg2 Bb4+ 6. Nbd2 O-O 7. O-O a5
E16	Queen's Indian Defense: Riumin Variation	12	rn1qk2r/pbppbppp/1p2pn2/8/2PP4/5NP1/PP1BPPBP/RN1QK2R w KQkq	1. d4 Nf6 2. c4 e6 3. Nf3 b6 4. g3 Bb7 5. Bg2 Bb4+ 6. Bd2 Be7
E16	Queen's Indian Defense: Riumin Variation	15	rn1q1rk1/pbppbppp/1p2pn2/8/2PP4/2N2NP1/PP1BPPBP/R2Q1RK1 b -	1. d4 Nf6 2. c4 e6 3. Nf3 b6 4. g3 Bb7 5. Bg2 Bb4+ 6. Bd2 Be7 7. O-O O-O 8. Nc3
E16	Queen's Indian Defense: Riumin Variation	16	rn1q1rk1/pbp1bppp/1p2pn2/3p4/2PP4/2N2NP1/PP1BPPBP/R2Q1RK1 w -	1. d4 Nf6 2. c4 e6 3. Nf3 b6 4. g3 Bb7 5. Bg2 Bb4+ 6. Bd2 Be7 7. O-O O-O 8. Nc3 d5
E16	Queen's Indian Defense: Yates Variation	12	rn1qk2r/1bpp1ppp/1p2pn2/p7/1bPP4/5NP1/PP1BPPBP/RN1QK2R w KQkq	1. d4 Nf6 2. c4 e6 3. Nf3 Bb4+ 4. Bd2 a5 5. g3 b6 6. Bg2 Bb7
E17	Queen's Indian Defense: Anti-Queen's Indian System	11	rn1qk2r/pbppbppp/1p2pn2/8/2PP4/2N2NP1/PP2PPBP/R1BQK2R b KQkq	1. d4 Nf6 2. c4 e6 3. Nf3 b6 4. g3 Bb7 5. Bg2 Be7 6. Nc3
E17	Queen's Indian Defense: Classical Variation	11	rn1qk2r/pbppbppp/1p2pn2/8/2PP4/5NP1/PP2PPBP/RNBQ1RK1 b kq	1. d4 Nf6 2. c4 e6 3. Nf3 b6 4. g3 Bb7 5. Bg2 Be7 6. O-O
E17	Queen's Indian Defense: Classical Variation, Polugaevsky Gambit	15	rn1q1rk1/pbppbppp/1p3n2/3p4/2P4N/6P1/PP2PPBP/RNBQ1RK1 b -	1. d4 Nf6 2. c4 e6 3. Nf3 b6 4. g3 Bb7 5. Bg2 Be7 6. O-O O-O 7. d5 exd5 8. Nh4
E17	Queen's Indian Defense: Classical Variation, Taimanov Gambit	15	rn1q1rk1/pbppbppp/1p3n2/3p4/2PN4/6P1/PP2PPBP/RNBQ1RK1 b -	1. d4 Nf6 2. c4 e6 3. Nf3 b6 4. g3 Bb7 5. Bg2 Be7 6. O-O O-O 7. d5 exd5 8. Nd4
E17	Queen's Indian Defense: Euwe Variation	13	rn1q1rk1/pbppbppp/1p2pn2/8/2PP4/1P3NP1/P3PPBP/RNBQ1RK1 b -	1. d4 Nf6 2. c4 e6 3. Nf3 b6 4. g3 Bb7 5. Bg2 Be7 6. O-O O-O 7. b3
E17	Queen's Indian Defense: Fianchetto Variation, Kramnik Variation	13	rn1q1rk1/pbppbppp/1p2pn2/8/2PP4/5NP1/PP2PPBP/RNBQR1K1 b -	1. d4 Nf6 2. c4 e6 3. Nf3 b6 4. g3 Bb7 5. Bg2 Be7 6. O-O O-O 7. Re1
E17	Queen's Indian Defense: Opocensky Variation	13	rn1qk2r/pbppbppp/1p2p3/8/2PPn3/2N2NP1/PP1BPPBP/R2QK2R b KQkq	1. d4 Nf6 2. c4 e6 3. Nf3 b6 4. g3 Bb7 5. Bg2 Be7 6. Nc3 Ne4 7. Bd2
E17	Queen's Indian Defense: Traditional Variation	10	rn1qk2r/pbppbppp/1p2pn2/8/2PP4/5NP1/PP2PPBP/RNBQK2R w KQkq	1. d4 Nf6 2. c4 e6 3. Nf3 b6 4. g3 Bb7 5. Bg2 Be7
E18	Queen's Indian Defense: Classical Variation, Tiviakov Defense	14	r2q1rk1/pbppbppp/np2pn2/8/2PP4/2N2NP1/PP2PPBP/R1BQ1RK1 w -	1. d4 Nf6 2. c4 e6 3. Nf3 b6 4. g3 Bb7 5. Bg2 Be7 6. O-O O-O 7. Nc3 Na6
E18	Queen's Indian Defense: Classical Variation, Traditional Variation	13	rn1q1rk1/pbppbppp/1p2pn2/8/2PP4/2N2NP1/PP2PPBP/R1BQ1RK1 b -	1. d4 Nf6 2. c4 e6 3. Nf3 b6 4. g3 Bb7 5. Bg2 Be7 6. O-O O-O 7. Nc3
E18	Queen's Indian Defense: Classical Variation, Traditional Variation, Nimzowitsch Line	14	rn1q1rk1/pbp1bppp/1p2pn2/3p4/2PP4/2N2NP1/PP2PPBP/R1BQ1RK1 w -	1. d4 Nf6 2. c4 e6 3. Nf3 b6 4. g3 Bb7 5. Bg2 Be7 6. O-O O-O 7. Nc3 d5
E19	Queen's Indian Defense: Classical Variation, Traditional Variation, Main Line	17	rn1q1rk1/pbppbppp/1p2p3/8/2PP4/2Q2NP1/PP2PPBP/R1B2RK1 b -	1. d4 Nf6 2. c4 e6 3. Nf3 b6 4. g3 Bb7 5. Bg2 Be7 6. O-O O-O 7. Nc3 Ne4 8. Qc2 Nxc3 9. Qxc3
E20	Nimzo-Indian Defense	6	rnbqk2r/pppp1ppp/4pn2/8/1bPP4/2N5/PP2PPPP/R1BQKBNR w KQkq	1. d4 Nf6 2. c4 e6 3. Nc3 Bb4
E20	Nimzo-Indian Defense: Dilworth Gambit	7	rnbqk2r/pppp1ppp/4pn2/8/1bPPP3/2N5/PP3PPP/R1BQKBNR b KQkq	1. d4 Nf6 2. c4 e6 3. Nc3 Bb4 4. e4
E20	Nimzo-Indian Defense: Kmoch Variation	7	rnbqk2r/pppp1ppp/4pn2/8/1bPP4/2N2P2/PP2P1PP/R1BQKBNR b KQkq	1. d4 Nf6 2. c4 e6 3. Nc3 Bb4 4. f3
E20	Nimzo-Indian Defense: Mikenas Attack	7	rnbqk2r/pppp1ppp/4pn2/8/1bPP4/2NQ4/PP2PPPP/R1B1KBNR b KQkq	1. d4 Nf6 2. c4 e6 3. Nc3 Bb4 4. Qd3
E20	Nimzo-Indian Defense: Romanishin Variation	7	rnbqk2r/pppp1ppp/4pn2/8/1bPP4/2N3P1/PP2PP1P/R1BQKBNR b KQkq	1. d4 Nf6 2. c4 e6 3. Nc3 Bb4 4. g3
E20	Nimzo-Indian Defense: Romanishin Variation	11	rnbq1rk1/pp1p1ppp/4pn2/2p5/1bPP4/2N2NP1/PP2PPBP/R1BQK2R b KQ	1. d4 Nf6 2. c4 e6 3. Nc3 Bb4 4. Nf3 c5 5. g3 O-O 6. Bg2
E20	Nimzo-Indian Defense: Romanishin Variation, English Hybrid	16	rnbq1rk1/pp3ppp/4p3/3n4/1b1N4/2N3P1/PP2PPBP/R1BQK2R w KQ	1. d4 Nf6 2. c4 e6 3. Nc3 Bb4 4. Nf3 c5 5. g3 cxd4 6. Nxd4 O-O 7. Bg2 d5 8. cxd5 Nxd5
E21	Nimzo-Indian Defense: Three Knights Variation	7	rnbqk2r/pppp1ppp/4pn2/8/1bPP4/2N2N2/PP2PPPP/R1BQKB1R b KQkq	1. d4 Nf6 2. c4 e6 3. Nc3 Bb4 4. Nf3
E21	Nimzo-Indian Defense: Three Knights Variation, Euwe Variation	10	rnbqk2r/pp1p1ppp/4p3/2pP4/1bP1n3/2N2N2/PP2PPPP/R1BQKB1R w KQkq	1. d4 Nf6 2. c4 e6 3. Nc3 Bb4 4. Nf3 c5 5. d5 Ne4
E21	Nimzo-Indian Defense: Three Knights Variation, Korchnoi Variation	9	rnbqk2r/pp1p1ppp/4pn2/2pP4/1bP5/2N2N2/PP2PPPP/R1BQKB1R b KQkq	1. d4 Nf6 2. c4 e6 3. Nc3 Bb4 4. Nf3 c5 5. d5
E21	Nimzo-Indian Defense: Three Knights Variation, Shocron Gambit	10	rnbqk2r/p2p1ppp/4pn2/1ppP4/1bP5/2N2N2/PP2PPPP/R1BQKB1R w KQkq	1. d4 Nf6 2. c4 e6 3. Nf3 Bb4+ 4. Nc3 c5 5. d5 b5
E22	Nimzo-Indian Defense: Spielmann Variation	7	rnbqk2r/pppp1ppp/4pn2/8/1bPP4/1QN5/PP2PPPP/R1B1KBNR b KQkq	1. d4 Nf6 2. c4 e6 3. Nc3 Bb4 4. Qb3
E23	Nimzo-Indian Defense: Spielmann Variation, Carlsbad Variation	14	r1bqk2r/pp1p1ppp/2n1p3/2P5/1bP5/1QN2N2/PP1nPPPP/R3KB1R w KQkq	1. d4 Nf6 2. c4 e6 3. Nc3 Bb4 4. Qb3 c5 5. dxc5 Nc6 6. Nf3 Ne4 7. Bd2 Nxd2
E23	Nimzo-Indian Defense: Spielmann Variation, Romanovsky Gambit	10	r1bqk2r/pp1p1ppp/2n1pn2/2P5/1bP5/1QN5/PP2PPPP/R1B1KBNR w KQkq	1. d4 Nf6 2. c4 e6 3. Nc3 Bb4 4. Qb3 c5 5. dxc5 Nc6
E23	Nimzo-Indian Defense: Spielmann Variation, Stahlberg Variation	14	r1bqk2r/pp1p1ppp/2n1p3/2n5/1bP5/1QN2N2/PP1BPPPP/R3KB1R w KQkq	1. d4 Nf6 2. c4 e6 3. Nc3 Bb4 4. Qb3 c5 5. dxc5 Nc6 6. Nf3 Ne4 7. Bd2 Nxc5
E23	Nimzo-Indian Defense: Spielmann Variation, Stahlberg Variation	17	r1bqk2r/pp1p2pp/2n1p3/2n2p2/1bP5/2N2NP1/PPQBPP1P/R3KB1R b KQkq	1. d4 Nf6 2. c4 e6 3. Nc3 Bb4 4. Qb3 c5 5. dxc5 Nc6 6. Nf3 Ne4 7. Bd2 Nxc5 8. Qc2 f5 9. g3
E24	Nimzo-Indian Defense: Sämisch Variation	7	rnbqk2r/pppp1ppp/4pn2/8/1bPP4/P1N5/1P2PPPP/R1BQKBNR b KQkq	1. d4 Nf6 2. c4 e6 3. Nc3 Bb4 4. a3
E24	Nimzo-Indian Defense: Sämisch Variation, Botvinnik Variation	16	rnbq1rk1/pp3ppp/4p3/2pn4/3P4/P1P1PP2/6PP/R1BQKBNR w KQ	1. d4 Nf6 2. c4 e6 3. Nc3 Bb4 4. f3 d5 5. a3 Bxc3+ 6. bxc3 c5 7. e3 O-O 8. cxd5 Nxd5
E25	Nimzo-Indian Defense: Sämisch Variation	13	rnbqk2r/pp3ppp/4pn2/2pP4/3P4/P1P2P2/4P1PP/R1BQKBNR b KQkq	1. d4 Nf6 2. c4 e6 3. Nc3 Bb4 4. f3 d5 5. a3 Bxc3+ 6. bxc3 c5 7. cxd5
E25	Nimzo-Indian Defense: Sämisch Variation, Keres Variation	15	rnbqk2r/pp3ppp/4p3/2Pn4/8/P1P2P2/4P1PP/R1BQKBNR b KQkq	1. d4 Nf6 2. c4 e6 3. Nc3 Bb4 4. f3 d5 5. a3 Bxc3+ 6. bxc3 c5 7. cxd5 Nxd5 8. dxc5
E25	Nimzo-Indian Defense: Sämisch Variation, Romanovsky Variation	16	rnbqk2r/pp4pp/4p3/2Pn1p2/8/P1P2P2/4P1PP/R1BQKBNR w KQkq	1. d4 Nf6 2. c4 e6 3. Nc3 Bb4 4. f3 d5 5. a3 Bxc3+ 6. bxc3 c5 7. cxd5 Nxd5 8. dxc5 f5
E26	Nimzo-Indian Defense: Sämisch Variation	11	rnbqk2r/pp1p1ppp/4pn2/2p5/2PP4/P1P1P3/5PPP/R1BQKBNR b KQkq	1. d4 Nf6 2. c4 e6 3. Nc3 Bb4 4. a3 Bxc3+ 5. bxc3 c5 6. e3
E26	Nimzo-Indian Defense: Sämisch Variation, O'Kelly Variation	12	rnbqk2r/p2p1ppp/1p2pn2/2p5/2PP4/P1P1P3/5PPP/R1BQKBNR w KQkq	1. d4 Nf6 2. c4 e6 3. Nc3 Bb4 4. a3 Bxc3+ 5. bxc3 c5 6. e3 b6
E27	Nimzo-Indian Defense: Sämisch Variation	10	rnbq1rk1/pppp1ppp/4pn2/8/2PP4/P1P5/4PPPP/R1BQKBNR w KQ	1. d4 Nf6 2. c4 e6 3. Nc3 Bb4 4. a3 Bxc3+ 5. bxc3 O-O
E28	Nimzo-Indian Defense: Sämisch Variation	11	rnbq1rk1/pppp1ppp/4pn2/8/2PP4/P1P1P3/5PPP/R1BQKBNR b KQ	1. d4 Nf6 2. c4 e6 3. Nc3 Bb4 4. e3 O-O 5. a3 Bxc3+ 6. bxc3
E29	Nimzo-Indian Defense: Sämisch Variation	14	r1bq1rk1/pp1p1ppp/2n1pn2/2p5/2PP4/P1PBP3/5PPP/R1BQK1NR w KQ	1. d4 Nf6 2. c4 e6 3. Nc3 Bb4 4. e3 c5 5. Bd3 Nc6 6. a3 Bxc3+ 7. bxc3 O-O
E29	Nimzo-Indian Defense: Sämisch Variation, Capablanca Variation	18	r1bqnrk1/p2p1ppp/1pn1p3/2p5/2PPP3/P1PB4/4NPPP/R1BQK2R w KQ	1. d4 Nf6 2. c4 e6 3. Nc3 Bb4 4. e3 c5 5. Bd3 Nc6 6. a3 Bxc3+ 7. bxc3 O-O 8. Ne2 b6 9. e4 Ne8
E30	Nimzo-Indian Defense: Leningrad Variation	7	rnbqk2r/pppp1ppp/4pn2/6B1/1bPP4/2N5/PP2PPPP/R2QKBNR b KQkq	1. d4 Nf6 2. c4 e6 3. Nc3 Bb4 4. Bg5
E30	Nimzo-Indian Defense: Leningrad Variation, Averbakh Gambit	12	rnbqk2r/p2p1pp1/4pn1p/1ppP4/1bP4B/2N5/PP2PPPP/R2QKBNR w KQkq	1. d4 Nf6 2. c4 e6 3. Nc3 Bb4 4. Bg5 h6 5. Bh4 c5 6. d5 b5
E31	Nimzo-Indian Defense: Leningrad Variation, Benoni Defense	12	rnbqk2r/pp3pp1/3ppn1p/2pP4/1bP4B/2N5/PP2PPPP/R2QKBNR w KQkq	1. d4 Nf6 2. c4 e6 3. Nc3 Bb4 4. Bg5 h6 5. Bh4 c5 6. d5 d6
E32	Nimzo-Indian Defense: Classical Variation	7	rnbqk2r/pppp1ppp/4pn2/8/1bPP4/2N5/PPQ1PPPP/R1B1KBNR b KQkq	1. d4 Nf6 2. c4 e6 3. Nc3 Bb4 4. Qc2
E32	Nimzo-Indian Defense: Classical Variation, Keres Defense	12	rnbq1rk1/p1pp1ppp/1p2pn2/8/2PP4/P1Q5/1P2PPPP/R1B1KBNR w KQ	1. d4 Nf6 2. c4 e6 3. Nc3 Bb4 4. Qc2 O-O 5. a3 Bxc3+ 6. Qxc3 b6
E32	Nimzo-Indian Defense: Classical Variation, Vitolins-Adorjan Gambit	12	rnbq1rk1/p1pp1ppp/4pn2/1p6/2PP4/P1Q5/1P2PPPP/R1B1KBNR w KQ	1. d4 Nf6 2. c4 e6 3. Nc3 Bb4 4. Qc2 O-O 5. a3 Bxc3+ 6. Qxc3 b5
E33	Nimzo-Indian Defense: Classical Variation, Milner-Barry Variation	10	r1bqk2r/ppp2ppp/2nppn2/8/1bPP4/2N2N2/PPQ1PPPP/R1B1KB1R w KQkq	1. d4 Nf6 2. c4 e6 3. Nc3 Bb4 4. Qc2 Nc6 5. Nf3 d6
E33	Nimzo-Indian Defense: Classical Variation, Zurich Variation	8	r1bqk2r/pppp1ppp/2n1pn2/8/1bPP4/2N5/PPQ1PPPP/R1B1KBNR w KQkq	1. d4 Nf6 2. c4 e6 3. Nc3 Bb4 4. Qc2 Nc6
E33	Nimzo-Indian Defense: Classical Variation, Zurich Variation	9	r1bqk2r/pppp1ppp/2n1pn2/8/1bPP4/2N2N2/PPQ1PPPP/R1B1KB1R b KQkq	1. d4 Nf6 2. c4 e6 3. Nc3 Bb4 4. Qc2 Nc6 5. Nf3
E33	Nimzo-Indian Defense: Classical Variation, Zurich Variation	11	r1bq1rk1/pppp1ppp/2n1pn2/8/1bPP4/2N1PN2/PPQ2PPP/R1B1KB1R b KQ	1. d4 Nf6 2. c4 e6 3. Nc3 Bb4 4. Qc2 Nc6 5. Nf3 O-O 6. e3
E33	Nimzo-Indian Defense: Classical Variation, Zurich Variation	11	r1bqk2r/ppp2ppp/2nppn2/8/1bPP4/2N2N2/PPQBPPPP/R3KB1R b KQkq	1. d4 Nf6 2. c4 e6 3. Nc3 Bb4 4. Qc2 Nc6 5. Nf3 d6 6. Bd2
E34	Nimzo-Indian Defense: Classical Variation, Belyavsky Gambit	14	rnb1k2r/ppp2ppp/5n2/4pq2/1b1P4/2N2N2/PP2PPPP/R1BQKB1R w KQkq	1. d4 Nf6 2. c4 e6 3. Nc3 Bb4 4. Qc2 d5 5. cxd5 Qxd5 6. Nf3 Qf5 7. Qd1 e5
E34	Nimzo-Indian Defense: Classical Variation, Noa Variation	8	rnbqk2r/ppp2ppp/4pn2/3p4/1bPP4/2N5/PPQ1PPPP/R1B1KBNR w KQkq	1. d4 Nf6 2. c4 e6 3. Nc3 Bb4 4. Qc2 d5
E35	Nimzo-Indian Defense: Classical Variation, Noa Variation	10	rnbqk2r/ppp2ppp/5n2/3p4/1b1P4/2N5/PPQ1PPPP/R1B1KBNR w KQkq	1. d4 Nf6 2. c4 e6 3. Nc3 Bb4 4. Qc2 d5 5. cxd5 exd5
E36	Nimzo-Indian Defense: Classical Variation, Noa Variation	9	rnbqk2r/ppp2ppp/4pn2/3p4/1bPP4/P1N5/1PQ1PPPP/R1B1KBNR b KQkq	1. d4 Nf6 2. c4 e6 3. Nc3 Bb4 4. Qc2 d5 5. a3
E36	Nimzo-Indian Defense: Classical Variation, Noa Variation, Botvinnik Variation	12	r1bqk2r/ppp2ppp/2n1pn2/3p4/2PP4/P1Q5/1P2PPPP/R1B1KBNR w KQkq	1. d4 Nf6 2. c4 e6 3. Nc3 Bb4 4. Qc2 d5 5. a3 Bxc3+ 6. Qxc3 Nc6
E36	Nimzo-Indian Defense: Classical Variation, Noa Variation, Main Line	12	rnbqk2r/ppp2ppp/4p3/3p4/2PPn3/P1Q5/1P2PPPP/R1B1KBNR w KQkq	1. d4 Nf6 2. c4 e6 3. Nc3 Bb4 4. Qc2 d5 5. a3 Bxc3+ 6. Qxc3 Ne4
E36	Nimzo-Indian Defense: Classical Variation, Romanishin Gambit	12	rnbqk2r/pp3ppp/4pn2/2pp4/2PP4/P1Q5/1P2PPPP/R1B1KBNR w KQkq	1. d4 Nf6 2. c4 e6 3. Nc3 Bb4 4. Qc2 d5 5. a3 Bxc3+ 6. Qxc3 c5
E37	Nimzo-Indian Defense: Classical Variation, Modern Variation	14	rnbqk2r/pp3ppp/4p3/2pp4/2PPn3/P7/1PQ1PPPP/R1B1KBNR w KQkq	1. d4 Nf6 2. c4 e6 3. Nc3 Bb4 4. Qc2 d5 5. a3 Bxc3+ 6. Qxc3 Ne4 7. Qc2 c5
E37	Nimzo-Indian Defense: Classical Variation, Noa Variation	13	rnbqk2r/ppp2ppp/4p3/3p4/2PPn3/P7/1PQ1PPPP/R1B1KBNR b KQkq	1. d4 Nf6 2. c4 e6 3. Nc3 Bb4 4. Qc2 d5 5. a3 Bxc3+ 6. Qxc3 Ne4 7. Qc2
E37	Nimzo-Indian Defense: Classical Variation, Noa Variation, San Remo Variation	16	r1bqk2r/ppp2ppp/2n5/3pp3/2PPn3/P3P3/1PQ2PPP/R1B1KBNR w KQkq	1. d4 Nf6 2. c4 e6 3. Nc3 Bb4 4. Qc2 d5 5. a3 Bxc3+ 6. Qxc3 Ne4 7. Qc2 Nc6 8. e3 e5
E38	Nimzo-Indian Defense: Classical Variation, Berlin Variation	8	rnbqk2r/pp1p1ppp/4pn2/2p5/1bPP4/2N5/PPQ1PPPP/R1B1KBNR w KQkq	1. d4 Nf6 2. c4 e6 3. Nc3 Bb4 4. Qc2 c5
E38	Nimzo-Indian Defense: Classical Variation, Berlin Variation	12	rnbq1rk1/pp3ppp/4pn2/2pp4/1bPP4/2N1PN2/PPQ2PPP/R1B1KB1R w KQ	1. d4 Nf6 2. c4 e6 3. Nc3 Bb4 4. Qc2 O-O 5. e3 d5 6. Nf3 c5
E38	Nimzo-Indian Defense: Classical Variation, Berlin Variation, Steiner Variation	10	rnbqk2r/pp1p1ppp/4pn2/2P5/2P5/2b5/PPQ1PPPP/R1B1KBNR w KQkq	1. d4 Nf6 2. c4 e6 3. Nc3 Bb4 4. Qc2 c5 5. dxc5 Bxc3+
E39	Nimzo-Indian Defense: Classical Variation, Berlin Variation, Macieja System	14	rnbq1rk1/p2p1ppp/1p2pn2/2b5/2P5/P1N2N2/1PQ1PPPP/R1B1KB1R w KQ	1. d4 Nf6 2. c4 e6 3. Nc3 Bb4 4. Qc2 c5 5. dxc5 O-O 6. a3 Bxc5 7. Nf3 b6
E39	Nimzo-Indian Defense: Classical Variation, Berlin Variation, Pirc Variation	10	rnbq1rk1/pp1p1ppp/4pn2/2P5/1bP5/2N5/PPQ1PPPP/R1B1KBNR w KQ	1. d4 Nf6 2. c4 e6 3. Nc3 Bb4 4. Qc2 c5 5. dxc5 O-O
E40	Nimzo-Indian Defense: Rubinstein System	7	rnbqk2r/pppp1ppp/4pn2/8/1bPP4/2N1P3/PP3PPP/R1BQKBNR b KQkq	1. d4 Nf6 2. c4 e6 3. Nc3 Bb4 4. e3
E40	Nimzo-Indian Defense: Rubinstein System, Taimanov Variation	8	r1bqk2r/pppp1ppp/2n1pn2/8/1bPP4/2N1P3/PP3PPP/R1BQKBNR w KQkq	1. d4 Nf6 2. c4 e6 3. Nc3 Bb4 4. e3 Nc6
E41	Nimzo-Indian Defense: Rubinstein System	8	rnbqk2r/pp1p1ppp/4pn2/2p5/1bPP4/2N1P3/PP3PPP/R1BQKBNR w KQkq	1. d4 Nf6 2. c4 e6 3. Nc3 Bb4 4. e3 c5
E41	Nimzo-Indian Defense: Rubinstein System, Hübner Variation	14	r1bqk2r/pp3ppp/2nppn2/2p5/2PP4/2PBPN2/P4PPP/R1BQK2R w KQkq	1. d4 Nf6 2. c4 e6 3. Nc3 Bb4 4. e3 c5 5. Bd3 Nc6 6. Nf3 Bxc3+ 7. bxc3 d6
E41	Nimzo-Indian Defense: Rubinstein System, Hübner Variation	16	r1bq1rk1/pp3ppp/2nppn2/2p5/2PP4/2PBPN2/P4PPP/R1BQ1RK1 w -	1. d4 Nf6 2. c4 e6 3. Nc3 Bb4 4. e3 c5 5. Bd3 Nc6 6. Nf3 Bxc3+ 7. bxc3 d6 8. O-O O-O
E42	Nimzo-Indian Defense: Rubinstein System, Rubinstein Variation	9	rnbqk2r/pp1p1ppp/4pn2/2p5/1bPP4/2N1P3/PP2NPPP/R1BQKB1R b KQkq	1. d4 Nf6 2. c4 e6 3. Nc3 Bb4 4. e3 c5 5. Ne2
E42	Nimzo-Indian Defense: Rubinstein System, Rubinstein Variation, Main Line	13	rnbq1rk1/pp1p1ppp/4pn2/8/1bPP4/P1N5/1P2NPPP/R1BQKB1R b KQ	1. d4 Nf6 2. c4 e6 3. Nc3 Bb4 4. e3 c5 5. Ne2 cxd4 6. exd4 O-O 7. a3
E42	Nimzo-Indian Defense: Rubinstein System, Rubinstein Variation, Sherbakov Attack	13	rnbq1rk1/pp1p1ppp/4pn2/2P5/1b1P4/2N5/PP2NPPP/R1BQKB1R b KQ	1. d4 Nf6 2. c4 e6 3. Nc3 Bb4 4. e3 c5 5. Ne2 cxd4 6. exd4 O-O 7. c5
E43	Nimzo-Indian Defense: St. Petersburg Variation	8	rnbqk2r/p1pp1ppp/1p2pn2/8/1bPP4/2N1P3/PP3PPP/R1BQKBNR w KQkq	1. d4 Nf6 2. c4 e6 3. Nc3 Bb4 4. e3 b6
E43	Nimzo-Indian Defense: St. Petersburg Variation	11	rn1qk2r/pbpp1ppp/1p2pn2/8/1bPP4/2NBPN2/PP3PPP/R1BQK2R b KQkq	1. d4 Nf6 2. c4 e6 3. Nc3 Bb4 4. e3 b6 5. Bd3 Bb7 6. Nf3
E43	Nimzo-Indian Defense: St. Petersburg Variation	12	rn1q1rk1/pbpp1ppp/1p2pn2/8/1bPP4/2NBPN2/PP3PPP/R1BQK2R w KQ	1. d4 Nf6 2. c4 e6 3. Nc3 Bb4 4. e3 b6 5. Bd3 Bb7 6. Nf3 O-O
E43	Nimzo-Indian Defense: St. Petersburg Variation	13	rn1q1rk1/pbpp1ppp/1p2pn2/8/1bPP4/2NBPN2/PP3PPP/R1BQ1RK1 b -	1. d4 Nf6 2. c4 e6 3. Nc3 Bb4 4. e3 b6 5. Bd3 Bb7 6. Nf3 O-O 7. O-O
E43	Nimzo-Indian Defense: St. Petersburg Variation	14	rn1q1rk1/pb1p1ppp/1p2pn2/2p5/1bPP4/2NBPN2/PP3PPP/R1BQ1RK1 w -	1. d4 Nf6 2. c4 e6 3. Nc3 Bb4 4. e3 b6 5. Bd3 Bb7 6. Nf3 O-O 7. O-O c5
E43	Nimzo-Indian Defense: St. Petersburg Variation	18	rn1q1rk1/pb1pbppp/1p2pn2/8/N1Pp4/P2BPN2/1P3PPP/R1BQ1RK1 w -	1. d4 Nf6 2. c4 e6 3. Nc3 Bb4 4. e3 b6 5. Bd3 Bb7 6. Nf3 O-O 7. O-O c5 8. Na4 cxd4 9. a3 Be7
E43	Nimzo-Indian Defense: St. Petersburg Variation	14	rn1qk2r/pbpp2pp/1p2p3/5p2/1bPPn3/2NBPN2/PPQ2PPP/R1B1K2R w KQkq	1. d4 Nf6 2. c4 e6 3. Nc3 Bb4 4. e3 Ne4 5. Qc2 f5 6. Nf3 b6 7. Bd3 Bb7
E43	Nimzo-Indian Defense: St. Petersburg Variation	16	rn3rk1/pb1pqppp/1p2pn2/2p5/NbPP4/3BPN2/PP3PPP/R1BQ1RK1 w -	1. d4 Nf6 2. c4 e6 3. Nc3 Bb4 4. e3 O-O 5. Bd3 c5 6. Nf3 b6 7. O-O Bb7 8. Na4 Qe7
E43	Nimzo-Indian Defense: St. Petersburg Variation	15	rn1q1rk1/pbpp1ppp/1p2pn2/8/2PP4/2PBPN2/P4PPP/R1BQ1RK1 b -	1. d4 Nf6 2. c4 e6 3. Nc3 Bb4 4. Nf3 Bxc3+ 5. bxc3 b6 6. e3 Bb7 7. Bd3 O-O 8. O-O
E43	Nimzo-Indian Defense: St. Petersburg Variation	11	rnbqk2r/p1pp1ppp/1p2p3/8/1bPPn3/2N1PN2/PPQ2PPP/R1B1KB1R b KQkq	1. d4 Nf6 2. c4 e6 3. Nc3 Bb4 4. Nf3 b6 5. e3 Ne4 6. Qc2
E43	Nimzo-Indian Defense: St. Petersburg Variation	17	rn1qk2r/pbpp2pp/1p2p3/5p2/2PPn3/2PBPN2/P1Q2PPP/R1B2RK1 b kq	1. d4 Nf6 2. c4 e6 3. Nc3 Bb4 4. Nf3 b6 5. e3 Ne4 6. Qc2 Bb7 7. Bd3 Bxc3+ 8. bxc3 f5 9. O-O
E43	Nimzo-Indian Defense: St. Petersburg Variation, with Ne4	12	rn1qk2r/pbpp1ppp/1p2p3/8/1bPPn3/2NBPN2/PP3PPP/R1BQK2R w KQkq	1. d4 Nf6 2. c4 e6 3. Nc3 Bb4 4. e3 b6 5. Bd3 Bb7 6. Nf3 Ne4
E44	Nimzo-Indian Defense: St. Petersburg Variation	9	rnbqk2r/p1pp1ppp/1p2pn2/8/1bPP4/2N1P3/PP2NPPP/R1BQKB1R b KQkq	1. d4 Nf6 2. c4 e6 3. Nc3 Bb4 4. e3 b6 5. Ne2
E44	Nimzo-Indian Defense: St. Petersburg Variation, American Variation	10	rnbqk2r/p1pp1ppp/1p2p3/8/1bPPn3/2N1P3/PP2NPPP/R1BQKB1R w KQkq	1. d4 Nf6 2. c4 e6 3. Nc3 Bb4 4. e3 b6 5. Ne2 Ne4
E44	Nimzo-Indian Defense: St. Petersburg Variation, Romanishin-Psakhis Variation	12	rnbqk2r/p2p1ppp/1p2pn2/b1p5/2PP4/P1N1P3/1P2NPPP/R1BQKB1R w KQkq	1. d4 Nf6 2. c4 e6 3. Nc3 Bb4 4. e3 b6 5. Ne2 c5 6. a3 Ba5
E45	Nimzo-Indian Defense: St. Petersburg Variation, Fischer Variation	10	rn1qk2r/p1pp1ppp/bp2pn2/8/1bPP4/2N1P3/PP2NPPP/R1BQKB1R w KQkq	1. d4 Nf6 2. c4 e6 3. Nc3 Bb4 4. e3 b6 5. Ne2 Ba6
E46	Nimzo-Indian Defense: Normal Variation	8	rnbq1rk1/pppp1ppp/4pn2/8/1bPP4/2N1P3/PP3PPP/R1BQKBNR w KQ	1. d4 Nf6 2. c4 e6 3. Nc3 Bb4 4. e3 O-O
E46	Nimzo-Indian Defense: Reshevsky Variation	9	rnbq1rk1/pppp1ppp/4pn2/8/1bPP4/2N1P3/PP2NPPP/R1BQKB1R b KQ	1. d4 Nf6 2. c4 e6 3. Nc3 Bb4 4. e3 O-O 5. Ne2
E46	Nimzo-Indian Defense: Simagin Variation	12	rnbq1rk1/ppp2ppp/3bpn2/3p4/2PP4/P1N1P3/1P2NPPP/R1BQKB1R w KQ	1. d4 Nf6 2. c4 e6 3. Nc3 Bb4 4. e3 O-O 5. Ne2 d5 6. a3 Bd6
E47	Nimzo-Indian Defense: Normal Variation	9	rnbq1rk1/pppp1ppp/4pn2/8/1bPP4/2NBP3/PP3PPP/R1BQK1NR b KQ	1. d4 Nf6 2. c4 e6 3. Nc3 Bb4 4. e3 O-O 5. Bd3
E48	Nimzo-Indian Defense: Normal Variation, Classical Defense	10	rnbq1rk1/ppp2ppp/4pn2/3p4/1bPP4/2NBP3/PP3PPP/R1BQK1NR w KQ	1. d4 Nf6 2. c4 e6 3. Nc3 Bb4 4. e3 O-O 5. Bd3 d5
E48	Nimzo-Indian Defense: Ragozin Defense	13	r1bq1rk1/ppp2ppp/2n1pn2/3p4/1bPP4/2NBPN2/PP3PPP/R1BQ1RK1 b -	1. d4 Nf6 2. c4 e6 3. Nc3 Bb4 4. e3 O-O 5. Bd3 d5 6. Nf3 Nc6 7. O-O
E49	Nimzo-Indian Defense: Normal Variation, Botvinnik System	13	rnbq1rk1/ppp2ppp/4pn2/3p4/2PP4/P1PBP3/5PPP/R1BQK1NR b KQ	1. d4 Nf6 2. c4 e6 3. Nc3 Bb4 4. e3 O-O 5. Bd3 d5 6. a3 Bxc3+ 7. bxc3
E50	Nimzo-Indian Defense	9	rnbq1rk1/pppp1ppp/4pn2/8/1bPP4/2N1PN2/PP3PPP/R1BQKB1R b KQ	1. d4 Nf6 2. c4 e6 3. Nc3 Bb4 4. e3 O-O 5. Nf3
E51	Nimzo-Indian Defense: Normal Variation, Ragozin Variation	10	rnbq1rk1/ppp2ppp/4pn2/3p4/1bPP4/2N1PN2/PP3PPP/R1BQKB1R w KQ	1. d4 Nf6 2. c4 e6 3. Nc3 Bb4 4. e3 O-O 5. Nf3 d5
E51	Nimzo-Indian Defense: Normal Variation, Ragozin Variation	12	r1bq1rk1/ppp2ppp/2n1pn2/3p4/1bPP4/2N1PN2/PP1B1PPP/R2QKB1R w KQ	1. d4 Nf6 2. c4 e6 3. Nc3 Bb4 4. e3 O-O 5. Nf3 d5 6. Bd2 Nc6
E51	Nimzo-Indian Defense: Normal Variation, Ragozin Variation	13	r1bq1rk1/ppp2ppp/2n1pn2/3p4/1bPP4/P1N1PN2/1P1B1PPP/R2QKB1R b KQ	1. d4 Nf6 2. c4 e6 3. Nc3 Bb4 4. e3 O-O 5. Nf3 d5 6. Bd2 Nc6 7. a3
E51	Nimzo-Indian Defense: Normal Variation, Sämisch Deferred	11	rnbq1rk1/ppp2ppp/4pn2/3p4/1bPP4/P1N1PN2/1P3PPP/R1BQKB1R b KQ	1. d4 Nf6 2. c4 e6 3. Nc3 Bb4 4. e3 O-O 5. Nf3 d5 6. a3
E51	Nimzo-Indian Defense: Ragozin Variation	14	r1bq1rk1/ppp2ppp/2n1pn2/8/1bpP4/2NBPN2/PP3PPP/R1BQ1RK1 w -	1. d4 Nf6 2. c4 e6 3. Nc3 Bb4 4. e3 O-O 5. Bd3 d5 6. Nf3 Nc6 7. O-O dxc4
E52	Nimzo-Indian Defense: Normal Variation, Schlechter Defense	12	rnbq1rk1/p1p2ppp/1p2pn2/3p4/1bPP4/2NBPN2/PP3PPP/R1BQK2R w KQ	1. d4 Nf6 2. c4 e6 3. Nc3 Bb4 4. e3 O-O 5. Bd3 d5 6. Nf3 b6
E52	Nimzo-Indian Defense: Normal Variation, Schlechter Defense	14	rn1q1rk1/pbp2ppp/1p2pn2/3p4/1bPP4/2NBPN2/PP3PPP/R1BQ1RK1 w -	1. d4 Nf6 2. c4 e6 3. Nc3 Bb4 4. e3 b6 5. Bd3 Bb7 6. Nf3 O-O 7. O-O d5
E53	Nimzo-Indian Defense: Normal Variation, Gligoric System	12	rnbq1rk1/pp3ppp/4pn2/2pp4/1bPP4/2NBPN2/PP3PPP/R1BQK2R w KQ	1. d4 Nf6 2. c4 e6 3. Nc3 Bb4 4. e3 O-O 5. Bd3 d5 6. Nf3 c5
E53	Nimzo-Indian Defense: Normal Variation, Gligoric System	14	r1bq1rk1/pp1n1ppp/4pn2/2pp4/1bPP4/2NBPN2/PP3PPP/R1BQ1RK1 w -	1. d4 Nf6 2. c4 e6 3. Nc3 Bb4 4. e3 O-O 5. Bd3 d5 6. Nf3 c5 7. O-O Nbd7
E53	Nimzo-Indian Defense: Normal Variation, Gligoric System, Keres Variation	14	rnbq1rk1/p4ppp/1p2pn2/2pp4/1bPP4/2NBPN2/PP3PPP/R1BQ1RK1 w -	1. d4 Nf6 2. c4 e6 3. Nc3 Bb4 4. e3 O-O 5. Bd3 d5 6. Nf3 c5 7. O-O b6
E54	Nimzo-Indian Defense: Normal Variation, Gligoric System, Exchange Variation	15	rnbq1rk1/pp3ppp/4pn2/2p5/1bBP4/2N1PN2/PP3PPP/R1BQ1RK1 b -	1. d4 Nf6 2. c4 e6 3. Nc3 Bb4 4. e3 O-O 5. Bd3 d5 6. Nf3 c5 7. O-O dxc4 8. Bxc4
E54	Nimzo-Indian Defense: Normal Variation, Gligoric System, Exchange Variation	17	rnbq1rk1/pp3ppp/4pn2/8/1bBP4/2N2N2/PP3PPP/R1BQ1RK1 b -	1. d4 Nf6 2. c4 e6 3. Nc3 Bb4 4. e3 O-O 5. Bd3 d5 6. Nf3 c5 7. O-O dxc4 8. Bxc4 cxd4 9. exd4
E54	Nimzo-Indian Defense: Normal Variation, Gligoric System, Smyslov Variation	16	rnb2rk1/pp2qppp/4pn2/2p5/1bBP4/2N1PN2/PP3PPP/R1BQ1RK1 w -	1. d4 Nf6 2. c4 e6 3. Nc3 Bb4 4. e3 O-O 5. Bd3 d5 6. Nf3 c5 7. O-O dxc4 8. Bxc4 Qe7
E55	Nimzo-Indian Defense: Normal Variation, Gligoric System, Bronstein Variation	16	r1bq1rk1/pp1n1ppp/4pn2/2p5/1bBP4/2N1PN2/PP3PPP/R1BQ1RK1 w -	1. d4 Nf6 2. c4 e6 3. Nc3 Bb4 4. e3 O-O 5. Bd3 d5 6. Nf3 c5 7. O-O dxc4 8. Bxc4 Nbd7
E56	Nimzo-Indian Defense: Normal Variation, Gligoric System, Bernstein Defense	14	r1bq1rk1/pp3ppp/2n1pn2/2pp4/1bPP4/2NBPN2/PP3PPP/R1BQ1RK1 w -	1. d4 Nf6 2. c4 e6 3. Nc3 Bb4 4. e3 O-O 5. Bd3 d5 6. Nf3 c5 7. O-O Nc6
E57	Nimzo-Indian Defense: Normal Variation, Gligoric System, Bernstein Defense	18	r1bq1rk1/pp3ppp/2n1pn2/8/1bBp4/P1N1PN2/1P3PPP/R1BQ1RK1 w -	1. d4 Nf6 2. c4 e6 3. Nc3 Bb4 4. e3 O-O 5. Bd3 d5 6. Nf3 c5 7. O-O Nc6 8. a3 dxc4 9. Bxc4 cxd4
E58	Nimzo-Indian Defense: Normal Variation, Bernstein Defense, Exchange Line	17	r1bq1rk1/pp3ppp/2n1pn2/2pp4/2PP4/P1PBPN2/5PPP/R1BQ1RK1 b -	1. d4 Nf6 2. c4 e6 3. Nc3 Bb4 4. e3 O-O 5. Bd3 d5 6. Nf3 c5 7. O-O Nc6 8. a3 Bxc3 9. bxc3
E59	Nimzo-Indian Defense: Normal Variation, Bernstein Defense	19	r1bq1rk1/pp3ppp/2n1pn2/2p5/2BP4/P1P1PN2/5PPP/R1BQ1RK1 b -	1. d4 Nf6 2. c4 e6 3. Nc3 Bb4 4. e3 O-O 5. Bd3 d5 6. Nf3 c5 7. O-O Nc6 8. a3 Bxc3 9. bxc3 dxc4 10. Bxc4
E59	Nimzo-Indian Defense: Normal Variation, Bernstein Defense	21	r1b2rk1/ppq2ppp/2n1pn2/2p5/2BP4/P1P1PN2/2Q2PPP/R1B2RK1 b -	1. d4 Nf6 2. c4 e6 3. Nc3 Bb4 4. e3 O-O 5. Bd3 d5 6. a3 Bxc3+ 7. bxc3 dxc4 8. Bxc4 c5 9. Nf3 Nc6 10. O-O Qc7 11. Qc2
E60	Grünfeld Defense: Counterthrust Variation	8	rnbqk2r/ppp1ppbp/5np1/3p4/2PP4/6P1/PP2PPBP/RNBQK1NR w KQkq	1. d4 Nf6 2. c4 g6 3. g3 Bg7 4. Bg2 d5
E60	Indian Defense: Anti-Grünfeld, Adorjan Gambit	6	rnbqkb1r/p1pppp1p/5np1/1p1P4/2P5/8/PP2PPPP/RNBQKBNR w KQkq	1. d4 Nf6 2. c4 g6 3. d5 b5
E60	Indian Defense: Anti-Grünfeld, Advance Variation	5	rnbqkb1r/pppppp1p/5np1/3P4/2P5/8/PP2PPPP/RNBQKBNR b KQkq	1. d4 Nf6 2. c4 g6 3. d5
E60	Indian Defense: Anti-Grünfeld, Alekhine Variation	5	rnbqkb1r/pppppp1p/5np1/8/2PP4/5P2/PP2P1PP/RNBQKBNR b KQkq	1. d4 Nf6 2. c4 g6 3. f3
E60	Indian Defense: Anti-Grünfeld, Alekhine Variation, Leko Gambit	6	rnbqkb1r/pppp1p1p/5np1/4p3/2PP4/5P2/PP2P1PP/RNBQKBNR w KQkq	1. d4 Nf6 2. c4 g6 3. f3 e5
E60	Indian Defense: Anti-Grünfeld, Basman-Williams Attack	5	rnbqkb1r/pppppp1p/5np1/8/2PP3P/8/PP2PPP1/RNBQKBNR b KQkq	1. d4 Nf6 2. c4 g6 3. h4
E60	Indian Defense: West Indian Defense	4	rnbqkb1r/pppppp1p/5np1/8/2PP4/8/PP2PPPP/RNBQKBNR w KQkq	1. d4 Nf6 2. c4 g6
E60	King's Indian Defense: Fianchetto Variation	7	rnbqk2r/ppppppbp/5np1/8/2PP4/5NP1/PP2PP1P/RNBQKB1R b KQkq	1. d4 Nf6 2. c4 g6 3. Nf3 Bg7 4. g3
E60	King's Indian Defense: Fianchetto Variation, Immediate Fianchetto	5	rnbqkb1r/pppppp1p/5np1/8/2PP4/6P1/PP2PP1P/RNBQKBNR b KQkq	1. d4 Nf6 2. c4 g6 3. g3
E60	King's Indian Defense: Normal Variation, King's Knight Variation	5	rnbqkb1r/pppppp1p/5np1/8/2PP4/5N2/PP2PPPP/RNBQKB1R b KQkq	1. d4 Nf6 2. Nf3 g6 3. c4
E60	King's Indian Defense: Santasiere Variation	7	rnbqk2r/ppppppbp/5np1/8/1PPP4/5N2/P3PPPP/RNBQKB1R b KQkq	1. d4 Nf6 2. c4 g6 3. Nf3 Bg7 4. b4
E60	King's Indian Defense: Semi-Classical Variation, Benoni Variation	12	rnbq1rk1/pp2ppbp/2pp1np1/8/2PP4/2N1PN2/PP2BPPP/R1BQK2R w KQ	1. d4 Nf6 2. c4 g6 3. Nc3 Bg7 4. Nf3 O-O 5. e3 d6 6. Be2 c6
E60	King's Indian Defense: Semi-Classical Variation, Hollywood Variation	12	r1bq1rk1/ppp1ppbp/2np1np1/8/2PP4/2N1PN2/PP2BPPP/R1BQK2R w KQ	1. d4 Nf6 2. Nf3 g6 3. c4 Bg7 4. Nc3 O-O 5. e3 d6 6. Be2 Nc6
E60	Queen's Pawn, Mengarini Attack	5	rnbqkb1r/pppppp1p/5np1/8/2PP4/8/PPQ1PPPP/RNB1KBNR b KQkq	1. d4 Nf6 2. c4 g6 3. Qc2
E61	King's Indian Defense	5	rnbqkb1r/pppppp1p/5np1/8/2PP4/2N5/PP2PPPP/R1BQKBNR b KQkq	1. d4 Nf6 2. c4 g6 3. Nc3
E61	King's Indian Defense: Fianchetto Variation, Benjamin Defense	14	rnb2rk1/pp2ppbp/1qpp1np1/8/2PP4/2N2NP1/PP2PPBP/R1BQ1RK1 w -	1. d4 Nf6 2. c4 g6 3. Nc3 Bg7 4. Nf3 d6 5. g3 O-O 6. Bg2 c6 7. O-O Qb6
E61	King's Indian Defense: Semi-Classical Variation	11	rnbq1rk1/ppp1ppbp/3p1np1/8/2PP4/2N1PN2/PP2BPPP/R1BQK2R b KQ	1. d4 Nf6 2. c4 g6 3. Nc3 Bg7 4. Nf3 O-O 5. e3 d6 6. Be2
E61	King's Indian Defense: Semi-Classical Variation, Exchange Variation	16	r1bq1rk1/pppn1pbp/5np1/4p3/2P5/2N1PN2/PP2BPPP/R1BQ1RK1 w -	1. d4 Nf6 2. c4 g6 3. Nc3 Bg7 4. Nf3 O-O 5. e3 d6 6. Be2 Nbd7 7. O-O e5 8. dxe5 dxe5
E61	King's Indian Defense: Semi-Classical Variation, Queenside Storm Line	15	r1bq1rk1/pppn1pbp/3p1np1/4p3/1PPP4/2N1PN2/P3BPPP/R1BQ1RK1 b -	1. d4 Nf6 2. c4 g6 3. Nc3 Bg7 4. Nf3 O-O 5. e3 d6 6. Be2 Nbd7 7. O-O e5 8. b4
E61	King's Indian Defense: Smyslov Variation	9	rnbqk2r/ppp1ppbp/3p1np1/6B1/2PP4/2N2N2/PP2PPPP/R2QKB1R b KQkq	1. d4 Nf6 2. c4 g6 3. Nc3 Bg7 4. Nf3 d6 5. Bg5
E62	King's Indian Defense: Fianchetto Variation, Carlsbad Variation	12	r1bq1rk1/ppp1ppbp/2np1np1/8/2PP4/2N2NP1/PP2PPBP/R1BQK2R w KQ	1. d4 Nf6 2. c4 g6 3. g3 Bg7 4. Bg2 O-O 5. Nc3 d6 6. Nf3 Nc6
E62	King's Indian Defense: Fianchetto Variation, Delayed Fianchetto	9	rnbqk2r/ppp1ppbp/3p1np1/8/2PP4/2N2NP1/PP2PP1P/R1BQKB1R b KQkq	1. d4 Nf6 2. c4 g6 3. Nc3 Bg7 4. Nf3 d6 5. g3
E62	King's Indian Defense: Fianchetto Variation, Kavalek Defense	14	rnb2rk1/pp2ppbp/2pp1np1/q7/2PP4/2N2NP1/PP2PPBP/R1BQ1RK1 w -	1. d4 Nf6 2. c4 g6 3. Nf3 Bg7 4. g3 O-O 5. Bg2 d6 6. O-O c6 7. Nc3 Qa5
E62	King's Indian Defense: Fianchetto Variation, Larsen Defense	14	rn1q1rk1/pp2ppbp/2pp1np1/5b2/2PP4/2N2NP1/PP2PPBP/R1BQ1RK1 w -	1. d4 Nf6 2. c4 g6 3. Nc3 Bg7 4. Nf3 d6 5. g3 O-O 6. Bg2 c6 7. O-O Bf5
E62	King's Indian Defense: Fianchetto Variation, Lesser Simagin (Spassky)	14	r2q1rk1/ppp1ppbp/2np1np1/5b2/2PP4/2N2NP1/PP2PPBP/R1BQ1RK1 w -	1. d4 Nf6 2. c4 g6 3. g3 Bg7 4. Bg2 O-O 5. Nc3 d6 6. Nf3 Nc6 7. O-O Bf5
E62	King's Indian Defense: Fianchetto Variation, Simagin Variation	14	r2q1rk1/ppp1ppbp/2np1np1/8/2PP2b1/2N2NP1/PP2PPBP/R1BQ1RK1 w -	1. d4 Nf6 2. c4 g6 3. Nc3 Bg7 4. Nf3 d6 5. g3 O-O 6. Bg2 Nc6 7. O-O Bg4
E62	King's Indian Defense: Fianchetto Variation, Uhlmann-Szabo System	14	r1bq1rk1/ppp2pbp/2np1np1/4p3/2PP4/2N2NP1/PP2PPBP/R1BQ1RK1 w -	1. d4 Nf6 2. c4 g6 3. Nf3 Bg7 4. g3 O-O 5. Bg2 d6 6. O-O Nc6 7. Nc3 e5
E63	King's Indian Defense: Fianchetto Variation, Panno Variation	14	r1bq1rk1/1pp1ppbp/p1np1np1/8/2PP4/2N2NP1/PP2PPBP/R1BQ1RK1 w -	1. d4 Nf6 2. c4 g6 3. Nf3 Bg7 4. g3 O-O 5. Bg2 d6 6. O-O Nc6 7. Nc3 a6
E63	King's Indian Defense: Fianchetto Variation, Panno Variation, Blockade Line	20	r1bq1rk1/1p3pbp/p2p1np1/n1pPp3/2P5/2N3P1/PPQNPPBP/R1B2RK1 w -	1. d4 Nf6 2. c4 g6 3. Nf3 Bg7 4. g3 O-O 5. Bg2 d6 6. O-O Nc6 7. Nc3 a6 8. d5 Na5 9. Nd2 c5 10. Qc2 e5
E63	King's Indian Defense: Fianchetto Variation, Panno Variation, Donner Line	26	1rbq1rk1/4pp1p/p2p1npb/n1pP4/2P5/2N3P1/PBQNPPBP/R4RK1 w -	1. d4 Nf6 2. c4 g6 3. Nf3 Bg7 4. g3 O-O 5. Bg2 d6 6. O-O Nc6 7. Nc3 a6 8. d5 Na5 9. Nd2 c5 10. Qc2 Rb8 11. b3 b5 12. Bb2 bxc4 13. bxc4 Bh6
E63	King's Indian Defense: Fianchetto Variation, Panno Variation, Korchnoi Line	19	1rbq1rk1/2p1ppbp/p1np1np1/1p6/2PP4/2N1B1PP/PP1NPPB1/R2Q1RK1 b -	1. d4 Nf6 2. c4 g6 3. Nf3 Bg7 4. g3 O-O 5. Bg2 d6 6. O-O Nc6 7. Nc3 a6 8. h3 Rb8 9. Be3 b5 10. Nd2
E64	King's Indian Defense: Fianchetto Variation, Double Fianchetto Attack	15	r1bq1rk1/pppn1pbp/3p1np1/4p3/2PP4/1PN2NP1/P3PPBP/R1BQ1RK1 b -	1. d4 Nf6 2. c4 g6 3. Nf3 Bg7 4. g3 d6 5. Bg2 O-O 6. O-O Nbd7 7. Nc3 e5 8. b3
E64	King's Indian Defense: Fianchetto Variation, Hungarian Variation	14	r1bq1rk1/1ppnppbp/p2p1np1/8/2PP4/2N2NP1/PP2PPBP/R1BQ1RK1 w -	1. d4 Nf6 2. c4 g6 3. Nf3 Bg7 4. g3 d6 5. Bg2 O-O 6. O-O Nbd7 7. Nc3 a6
E64	King's Indian Defense: Fianchetto Variation, Pterodactyl Variation	10	rnb1k2r/pp1pppbp/5np1/q1p5/2PP4/5NP1/PP2PPBP/RNBQK2R w KQkq	1. d4 Nf6 2. c4 g6 3. Nf3 Bg7 4. g3 c5 5. Bg2 Qa5+
E64	King's Indian Defense: Fianchetto Variation, Yugoslav System	12	rnbq1rk1/pp2ppbp/3p1np1/2p5/2PP4/5NP1/PP2PPBP/RNBQ1RK1 w -	1. d4 Nf6 2. c4 g6 3. Nf3 Bg7 4. g3 d6 5. Bg2 O-O 6. O-O c5
E64	King's Indian Defense: Fianchetto Variation, Yugoslav Variation, Rare Line	12	rnbq1rk1/pp2ppbp/3p1np1/2p5/2PP4/2N2NP1/PP2PPBP/R1BQK2R w KQ	1. d4 Nf6 2. c4 g6 3. g3 Bg7 4. Bg2 O-O 5. Nc3 d6 6. Nf3 c5
E65	King's Indian Defense: Fianchetto Variation, Yugoslav Variation	13	rnbq1rk1/pp2ppbp/3p1np1/2p5/2PP4/2N2NP1/PP2PPBP/R1BQ1RK1 b -	1. d4 Nf6 2. c4 g6 3. Nf3 Bg7 4. g3 O-O 5. Bg2 d6 6. O-O c5 7. Nc3
E65	King's Indian Defense: Fianchetto Variation, Yugoslav Variation, Exchange Line	16	r1bq1rk1/pp2ppbp/2n2np1/2p5/2P5/2N2NP1/PP2PPBP/R1BQ1RK1 w -	1. d4 Nf6 2. c4 g6 3. Nf3 Bg7 4. g3 O-O 5. Bg2 d6 6. O-O c5 7. Nc3 Nc6 8. dxc5 dxc5
E66	King's Indian Defense: Fianchetto Variation, Yugoslav Variation, Advance Line	15	r1bq1rk1/pp2ppbp/2np1np1/2pP4/2P5/2N2NP1/PP2PPBP/R1BQ1RK1 b -	1. d4 Nf6 2. c4 g6 3. Nf3 Bg7 4. g3 O-O 5. Bg2 d6 6. O-O c5 7. Nc3 Nc6 8. d5
E67	King's Indian Defense: Fianchetto Variation, Classical Fianchetto	14	r1bq1rk1/pppn1pbp/3p1np1/4p3/2PP4/2N2NP1/PP2PPBP/R1BQ1RK1 w -	1. d4 Nf6 2. c4 g6 3. Nf3 Bg7 4. g3 O-O 5. Bg2 d6 6. O-O Nbd7 7. Nc3 e5
E67	King's Indian Defense: Fianchetto Variation, Debrecen Defense	12	r1bq1rk1/pppnppbp/3p1np1/8/2PP4/2N2NP1/PP2PPBP/R1BQK2R w KQ	1. d4 Nf6 2. c4 g6 3. g3 Bg7 4. Bg2 O-O 5. Nc3 d6 6. Nf3 Nbd7
E68	King's Indian Defense: Fianchetto Variation, Classical Variation	15	r1bq1rk1/pppn1pbp/3p1np1/4p3/2PPP3/2N2NP1/PP3PBP/R1BQ1RK1 b -	1. d4 Nf6 2. c4 g6 3. Nf3 Bg7 4. g3 O-O 5. Bg2 d6 6. O-O Nbd7 7. Nc3 e5 8. e4
E68	King's Indian Defense: Fianchetto Variation, Long Variation	22	r1bqr1k1/1pp2pbp/3p1np1/p1n5/2PNP3/2N3PP/PP3PB1/R1BQR1K1 w -	1. d4 Nf6 2. c4 g6 3. Nc3 Bg7 4. Nf3 d6 5. g3 O-O 6. Bg2 Nbd7 7. O-O e5 8. e4 Re8 9. h3 exd4 10. Nxd4 Nc5 11. Re1 a5
E69	King's Indian Defense: Fianchetto Variation, Classical Main Line	17	r1bq1rk1/pp1n1pbp/2pp1np1/4p3/2PPP3/2N2NPP/PP3PB1/R1BQ1RK1 b -	1. d4 Nf6 2. c4 g6 3. Nf3 Bg7 4. g3 O-O 5. Bg2 d6 6. O-O Nbd7 7. Nc3 e5 8. e4 c6 9. h3
E70	King's Indian Defense: Accelerated Averbakh Variation	9	rnbqk2r/ppp1ppbp/3p1np1/6B1/2PPP3/2N5/PP3PPP/R2QKBNR b KQkq	1. d4 Nf6 2. c4 g6 3. Nc3 Bg7 4. e4 d6 5. Bg5
E70	King's Indian Defense: Kramer Variation	9	rnbqk2r/ppp1ppbp/3p1np1/8/2PPP3/2N5/PP2NPPP/R1BQKB1R b KQkq	1. d4 Nf6 2. c4 g6 3. Nc3 Bg7 4. e4 d6 5. Nge2
E70	King's Indian Defense: Normal Variation	7	rnbqk2r/ppppppbp/5np1/8/2PPP3/2N5/PP3PPP/R1BQKBNR b KQkq	1. d4 Nf6 2. c4 g6 3. Nc3 Bg7 4. e4
E70	King's Indian Defense: Normal Variation	8	rnbqk2r/ppp1ppbp/3p1np1/8/2PPP3/2N5/PP3PPP/R1BQKBNR w KQkq	1. d4 Nf6 2. c4 g6 3. Nc3 Bg7 4. e4 d6
E71	King's Indian Defense: Karpov System	11	rnbq1rk1/ppp1ppbp/3p1np1/8/2PPP3/2N1B2P/PP3PP1/R2QKBNR b KQ	1. d4 Nf6 2. c4 g6 3. Nc3 Bg7 4. e4 d6 5. h3 O-O 6. Be3
E71	King's Indian Defense: Makogonov Variation	9	rnbqk2r/ppp1ppbp/3p1np1/8/2PPP3/2N4P/PP3PP1/R1BQKBNR b KQkq	1. d4 Nf6 2. c4 g6 3. Nc3 Bg7 4. e4 d6 5. h3
E72	King's Indian Defense: Normal Variation, Deferred Fianchetto	9	rnbqk2r/ppp1ppbp/3p1np1/8/2PPP3/2N3P1/PP3P1P/R1BQKBNR b KQkq	1. d4 Nf6 2. c4 g6 3. Nc3 Bg7 4. e4 d6 5. g3
E72	King's Indian Defense: Pomar System	13	rnbq1rk1/ppp2pbp/3p1np1/4p3/2PPP3/2N3P1/PP2NPBP/R1BQK2R b KQ	1. d4 Nf6 2. c4 g6 3. Nc3 Bg7 4. e4 d6 5. g3 O-O 6. Bg2 e5 7. Nge2
E73	King's Indian Defense: Averbakh Variation	11	rnbq1rk1/ppp1ppbp/3p1np1/6B1/2PPP3/2N5/PP2BPPP/R2QK1NR b KQ	1. d4 Nf6 2. c4 g6 3. Nc3 Bg7 4. e4 d6 5. Be2 O-O 6. Bg5
E73	King's Indian Defense: Averbakh Variation, Flexible Defense	12	rnbq1rk1/ppp1ppb1/3p1npp/6B1/2PPP3/2N5/PP2BPPP/R2QK1NR w KQ	1. d4 Nf6 2. c4 g6 3. Nc3 Bg7 4. e4 d6 5. Be2 O-O 6. Bg5 h6
E73	King's Indian Defense: Averbakh Variation, Geller Defense	12	r1bq1rk1/pppnppbp/3p1np1/6B1/2PPP3/2N5/PP2BPPP/R2QK1NR w KQ	1. d4 Nf6 2. c4 g6 3. Nc3 Bg7 4. e4 d6 5. Be2 O-O 6. Bg5 Nbd7
E73	King's Indian Defense: Averbakh Variation, Modern Defense	12	r1bq1rk1/ppp1ppbp/n2p1np1/6B1/2PPP3/2N5/PP2BPPP/R2QK1NR w KQ	1. d4 Nf6 2. c4 g6 3. Nc3 Bg7 4. e4 d6 5. Be2 O-O 6. Bg5 Na6
E73	King's Indian Defense: Averbakh Variation, Modern Defense, Burgess Line	14	r1bq1rk1/pp2ppbp/n1pp1np1/6B1/2PPP3/2N5/PP1QBPPP/R3K1NR w KQ	1. d4 Nf6 2. c4 g6 3. Nc3 Bg7 4. e4 d6 5. Be2 O-O 6. Bg5 Na6 7. Qd2 c6
E73	King's Indian Defense: Averbakh Variation, Nc6 Defense	12	r1bq1rk1/ppp1ppbp/2np1np1/6B1/2PPP3/2N5/PP2BPPP/R2QK1NR w KQ	1. d4 Nf6 2. c4 g6 3. Nc3 Bg7 4. e4 d6 5. Be2 O-O 6. Bg5 Nc6
E73	King's Indian Defense: Averbakh Variation, Spanish Defense	12	rnbq1rk1/1pp1ppbp/p2p1np1/6B1/2PPP3/2N5/PP2BPPP/R2QK1NR w KQ	1. d4 Nf6 2. c4 g6 3. Nc3 Bg7 4. e4 d6 5. Be2 O-O 6. Bg5 a6
E73	King's Indian Defense: Normal Variation, Standard Development	9	rnbqk2r/ppp1ppbp/3p1np1/8/2PPP3/2N5/PP2BPPP/R1BQK1NR b KQkq	1. d4 Nf6 2. c4 g6 3. Nc3 Bg7 4. e4 d6 5. Be2
E73	King's Indian Defense: Semi-Averbakh System	11	rnbq1rk1/ppp1ppbp/3p1np1/8/2PPP3/2N1B3/PP2BPPP/R2QK1NR b KQ	1. d4 Nf6 2. c4 g6 3. Nc3 Bg7 4. e4 d6 5. Be2 O-O 6. Be3
E74	King's Indian Defense: Averbakh Variation, Benoni Defense	12	rnbq1rk1/pp2ppbp/3p1np1/2p3B1/2PPP3/2N5/PP2BPPP/R2QK1NR w KQ	1. d4 Nf6 2. c4 g6 3. Nc3 Bg7 4. e4 d6 5. Be2 O-O 6. Bg5 c5
E74	King's Indian Defense: Averbakh Variation, Benoni Defense, Advance Variation	13	rnbq1rk1/pp2ppbp/3p1np1/2pP2B1/2P1P3/2N5/PP2BPPP/R2QK1NR b KQ	1. d4 Nf6 2. c4 g6 3. Nc3 Bg7 4. e4 d6 5. Be2 O-O 6. Bg5 c5 7. d5
E74	King's Indian Defense: Averbakh Variation, Benoni Defense, Exchange Variation	13	rnbq1rk1/pp2ppbp/3p1np1/2P3B1/2P1P3/2N5/PP2BPPP/R2QK1NR b KQ	1. d4 Nf6 2. c4 g6 3. Nc3 Bg7 4. e4 d6 5. Be2 O-O 6. Bg5 c5 7. dxc5
E75	King's Indian Defense: Averbakh Variation, Main Line	14	rnbq1rk1/pp3pbp/3ppnp1/2pP2B1/2P1P3/2N5/PP2BPPP/R2QK1NR w KQ	1. d4 Nf6 2. c4 g6 3. Nc3 Bg7 4. e4 d6 5. Be2 O-O 6. Bg5 c5 7. d5 e6
E76	King's Indian Defense: Four Pawns Attack	9	rnbqk2r/ppp1ppbp/3p1np1/8/2PPPP2/2N5/PP4PP/R1BQKBNR b KQkq	1. d4 Nf6 2. c4 g6 3. Nc3 Bg7 4. e4 d6 5. f4
E76	King's Indian Defense: Four Pawns Attack, Dynamic Attack	13	rnbq1rk1/pp2ppbp/3p1np1/2pP4/2P1PP2/2N2N2/PP4PP/R1BQKB1R b KQ	1. d4 Nf6 2. c4 g6 3. Nc3 Bg7 4. e4 d6 5. f4 O-O 6. Nf3 c5 7. d5
E76	King's Indian Defense: Four Pawns Attack, Modern Defense	10	r1bqk2r/ppp1ppbp/n2p1np1/8/2PPPP2/2N5/PP4PP/R1BQKBNR w KQkq	1. d4 Nf6 2. c4 g6 3. Nc3 Bg7 4. e4 d6 5. f4 Na6
E77	King's Indian Defense: Four Pawns Attack	11	rnbq1rk1/ppp1ppbp/3p1np1/8/2PPPP2/2N5/PP2B1PP/R1BQK1NR b KQ	1. d4 Nf6 2. c4 g6 3. Nc3 Bg7 4. e4 d6 5. Be2 O-O 6. f4
E77	King's Indian Defense: Four Pawns Attack, Florentine Gambit	17	rnbq1rk1/pp3pbp/3p1np1/2ppP3/2P2P2/2N2N2/PP2B1PP/R1BQK2R b KQ	1. d4 Nf6 2. c4 g6 3. Nc3 Bg7 4. e4 d6 5. f4 O-O 6. Nf3 c5 7. d5 e6 8. Be2 exd5 9. e5
E77	King's Indian Defense: Four Pawns Attack, Normal Attack	15	rnbq1rk1/pp3pbp/3ppnp1/2pP4/2P1PP2/2N2N2/PP2B1PP/R1BQK2R b KQ	1. d4 Nf6 2. c4 g6 3. Nc3 Bg7 4. e4 d6 5. f4 O-O 6. Nf3 c5 7. d5 e6 8. Be2
E77	King's Indian Defense: Six Pawns Attack	19	r1bq1rk1/pp4bp/2nppnp1/2p5/2P1PPPP/2N5/PP2B3/R1BQK1NR b KQ	1. d4 Nf6 2. c4 g6 3. Nc3 Bg7 4. e4 d6 5. f4 O-O 6. Be2 c5 7. d5 e6 8. dxe6 fxe6 9. g4 Nc6 10. h4
E78	King's Indian Defense: Four Pawns Attack, Fluid Attack	13	rnbq1rk1/pp2ppbp/3p1np1/2p5/2PPPP2/2N2N2/PP2B1PP/R1BQK2R b KQ	1. d4 Nf6 2. c4 g6 3. Nc3 Bg7 4. e4 d6 5. f4 O-O 6. Nf3 c5 7. Be2
E79	King's Indian Defense: Four Pawns Attack, Exchange Variation	17	r1bq1rk1/pp2ppbp/2np1np1/8/2PNPP2/2N1B3/PP2B1PP/R2QK2R b KQ	1. d4 Nf6 2. c4 g6 3. Nc3 Bg7 4. e4 d6 5. f4 O-O 6. Nf3 c5 7. Be2 cxd4 8. Nxd4 Nc6 9. Be3
E80	King's Indian Defense: Sämisch Variation	9	rnbqk2r/ppp1ppbp/3p1np1/8/2PPP3/2N2P2/PP4PP/R1BQKBNR b KQkq	1. d4 Nf6 2. c4 g6 3. Nc3 Bg7 4. e4 d6 5. f3
E81	King's Indian Defense: Steiner Attack	11	rnbq1rk1/ppp1ppbp/3p1np1/6B1/2PPP3/2N2P2/PP4PP/R2QKBNR b KQ	1. d4 Nf6 2. c4 g6 3. Nc3 Bg7 4. e4 d6 5. f3 O-O 6. Bg5
E81	King's Indian Defense: Steiner Attack	15	rnbq1rk1/pp2ppb1/3p1npp/2pP4/2P1PB2/2N2P2/PP4PP/R2QKBNR b KQ	1. d4 Nf6 2. c4 g6 3. Nc3 Bg7 4. e4 d6 5. f3 O-O 6. Bg5 c5 7. d5 h6 8. Bf4
E81	King's Indian Defense: Steiner Attack	17	rnbq1rk1/pp3pbp/3p1np1/2pN2B1/2P1P3/5P2/PP1Q2PP/R3KBNR b KQ	1. d4 Nf6 2. c4 g6 3. Nc3 Bg7 4. e4 d6 5. f3 O-O 6. Bg5 c5 7. d5 e6 8. Qd2 exd5 9. Nxd5
E81	King's Indian Defense: Steiner Attack	17	rnbq1rk1/pp3pb1/3ppnpB/2pP4/2P1P3/2N2P2/PP1Q2PP/R3KBNR b KQ	1. d4 Nf6 2. c4 g6 3. Nc3 Bg7 4. e4 d6 5. f3 O-O 6. Bg5 c5 7. d5 e6 8. Qd2 h6 9. Bxh6
E81	King's Indian Defense: Sämisch Variation, Bobotsov-Korchnoi-Petrosian Variation	11	rnbq1rk1/ppp1ppbp/3p1np1/8/2PPP3/2N2P2/PP2N1PP/R1BQKB1R b KQ	1. d4 Nf6 2. c4 g6 3. Nc3 Bg7 4. e4 d6 5. f3 O-O 6. Nge2
E81	King's Indian Defense: Sämisch Variation, Byrne Defense	14	rnbq1rk1/1p2ppbp/p1pp1np1/8/2PPP3/2NBBP2/PP4PP/R2QK1NR w KQ	1. d4 Nf6 2. c4 g6 3. Nc3 Bg7 4. e4 d6 5. f3 O-O 6. Be3 c6 7. Bd3 a6
E81	King's Indian Defense: Sämisch Variation, Normal Defense	10	rnbq1rk1/ppp1ppbp/3p1np1/8/2PPP3/2N2P2/PP4PP/R1BQKBNR w KQ	1. d4 Nf6 2. c4 g6 3. Nc3 Bg7 4. e4 d6 5. f3 O-O
E81	King's Indian Defense: Sämisch Variation, Sämisch Gambit	12	rnbq1rk1/pp2ppbp/3p1np1/2p5/2PPP3/2N1BP2/PP4PP/R2QKBNR w KQ	1. d4 Nf6 2. c4 g6 3. Nc3 Bg7 4. e4 d6 5. f3 O-O 6. Be3 c5
E81	King's Indian Defense: Sämisch Variation, Sämisch Gambit Accepted	17	rnbr2k1/pp2ppbp/5np1/2B5/2P1P3/2N2P2/PP4PP/R3KBNR b KQ	1. d4 Nf6 2. c4 g6 3. Nc3 Bg7 4. e4 d6 5. f3 O-O 6. Be3 c5 7. dxc5 dxc5 8. Qxd8 Rxd8 9. Bxc5
E82	King's Indian Defense: Sämisch Variation, Double Fianchetto	12	rnbq1rk1/p1p1ppbp/1p1p1np1/8/2PPP3/2N1BP2/PP4PP/R2QKBNR w KQ	1. d4 Nf6 2. c4 g6 3. Nc3 Bg7 4. e4 d6 5. f3 O-O 6. Be3 b6
E83	King's Indian Defense: Sämisch Variation, Panno Formation	14	r1bq1rk1/1pp1ppbp/p1np1np1/8/2PPP3/2N1BP2/PP2N1PP/R2QKB1R w KQ	1. d4 Nf6 2. c4 g6 3. Nc3 Bg7 4. e4 d6 5. f3 O-O 6. Be3 Nc6 7. Nge2 a6
E83	King's Indian Defense: Sämisch Variation, Ruban Variation	14	1rbq1rk1/ppp1ppbp/2np1np1/8/2PPP3/2N1BP2/PP2N1PP/R2QKB1R w KQ	1. d4 Nf6 2. c4 g6 3. Nc3 Bg7 4. e4 d6 5. f3 O-O 6. Be3 Nc6 7. Nge2 Rb8
E83	King's Indian Defense: Sämisch Variation, Yates Defense	12	r1bq1rk1/ppp1ppbp/2np1np1/8/2PPP3/2N1BP2/PP4PP/R2QKBNR w KQ	1. d4 Nf6 2. c4 g6 3. Nc3 Bg7 4. e4 d6 5. f3 O-O 6. Be3 Nc6
E84	King's Indian Defense: Sämisch Variation, Panno Main Line	16	1rbq1rk1/1pp1ppbp/p1np1np1/8/2PPP3/2N1BP2/PP1QN1PP/R3KB1R w KQ	1. d4 Nf6 2. c4 g6 3. Nc3 Bg7 4. e4 d6 5. f3 O-O 6. Be3 Nc6 7. Nge2 a6 8. Qd2 Rb8
E85	King's Indian Defense: Sämisch Variation, Orthodox Variation	12	rnbq1rk1/ppp2pbp/3p1np1/4p3/2PPP3/2N1BP2/PP4PP/R2QKBNR w KQ	1. d4 Nf6 2. c4 g6 3. Nc3 Bg7 4. e4 d6 5. f3 O-O 6. Be3 e5
E86	King's Indian Defense: Sämisch Variation	14	rnbq1rk1/pp3pbp/2pp1np1/4p3/2PPP3/2N1BP2/PP2N1PP/R2QKB1R w KQ	1. d4 Nf6 2. c4 g6 3. Nc3 Bg7 4. e4 d6 5. f3 O-O 6. Be3 e5 7. Nge2 c6
E87	King's Indian Defense: Sämisch Variation, Bronstein Defense	23	rnb2rk1/ppp2pbp/3p2p1/3Pp3/2P1P2Q/2N1nP2/PP2K2P/R5NR b -	1. d4 Nf6 2. c4 g6 3. Nc3 Bg7 4. e4 d6 5. f3 O-O 6. Be3 e5 7. d5 Nh5 8. Qd2 Qh4+ 9. g3 Nxg3 10. Qf2 Nxf1 11. Qxh4 Nxe3 12. Ke2
E87	King's Indian Defense: Sämisch Variation, Closed Variation	13	rnbq1rk1/ppp2pbp/3p1np1/3Pp3/2P1P3/2N1BP2/PP4PP/R2QKBNR b KQ	1. d4 Nf6 2. c4 g6 3. Nc3 Bg7 4. e4 d6 5. f3 O-O 6. Be3 e5 7. d5
E87	King's Indian Defense: Sämisch Variation, Orthodox Variation, Bronstein Variation	24	rnb2rk1/ppp2pbp/3p2p1/3Pp3/2n1P2Q/2N2P2/PP2K2P/R5NR w -	1. d4 Nf6 2. c4 g6 3. Nc3 Bg7 4. e4 d6 5. f3 O-O 6. Be3 e5 7. d5 Nh5 8. Qd2 Qh4+ 9. g3 Nxg3 10. Qf2 Nxf1 11. Qxh4 Nxe3 12. Ke2 Nxc4
E88	King's Indian Defense: Sämisch Variation, Closed Variation	14	rnbq1rk1/pp3pbp/2pp1np1/3Pp3/2P1P3/2N1BP2/PP4PP/R2QKBNR w KQ	1. d4 Nf6 2. c4 g6 3. Nc3 Bg7 4. e4 d6 5. f3 O-O 6. Be3 e5 7. d5 c6
E89	King's Indian Defense: Sämisch Variation, Closed Variation, Main Line	16	rnbq1rk1/pp3pbp/3p1np1/3pp3/2P1P3/2N1BP2/PP2N1PP/R2QKB1R w KQ	1. d4 Nf6 2. c4 g6 3. Nc3 Bg7 4. e4 d6 5. f3 O-O 6. Be3 e5 7. Nge2 c6 8. d5 cxd5
E90	King's Indian Defense: Larsen Variation	11	rnbq1rk1/ppp1ppbp/3p1np1/8/2PPP3/2N1BN2/PP3PPP/R2QKB1R b KQ	1. d4 Nf6 2. c4 g6 3. Nc3 Bg7 4. e4 d6 5. Nf3 O-O 6. Be3
E90	King's Indian Defense: Normal Variation, Rare Defenses	9	rnbqk2r/ppp1ppbp/3p1np1/8/2PPP3/2N2N2/PP3PPP/R1BQKB1R b KQkq	1. d4 Nf6 2. c4 g6 3. Nc3 Bg7 4. e4 d6 5. Nf3
E90	King's Indian Defense: Zinnowitz Variation	11	rnbq1rk1/ppp1ppbp/3p1np1/6B1/2PPP3/2N2N2/PP3PPP/R2QKB1R b KQ	1. d4 Nf6 2. c4 g6 3. Nc3 Bg7 4. e4 d6 5. Nf3 O-O 6. Bg5
E91	King's Indian Defense: Kazakh Variation	12	r1bq1rk1/ppp1ppbp/n2p1np1/8/2PPP3/2N2N2/PP2BPPP/R1BQK2R w KQ	1. d4 Nf6 2. c4 g6 3. Nc3 Bg7 4. e4 d6 5. Nf3 O-O 6. Be2 Na6
E91	King's Indian Defense: Orthodox Variation	11	rnbq1rk1/ppp1ppbp/3p1np1/8/2PPP3/2N2N2/PP2BPPP/R1BQK2R b KQ	1. d4 Nf6 2. c4 g6 3. Nc3 Bg7 4. e4 d6 5. Nf3 O-O 6. Be2
E92	King's Indian Defense: Exchange Variation	13	rnbq1rk1/ppp2pbp/3p1np1/4P3/2P1P3/2N2N2/PP2BPPP/R1BQK2R b KQ	1. d4 Nf6 2. c4 g6 3. Nc3 Bg7 4. e4 d6 5. Nf3 O-O 6. Be2 e5 7. dxe5
E92	King's Indian Defense: Orthodox Variation	12	rnbq1rk1/ppp2pbp/3p1np1/4p3/2PPP3/2N2N2/PP2BPPP/R1BQK2R w KQ	1. d4 Nf6 2. c4 g6 3. Nc3 Bg7 4. e4 d6 5. Nf3 O-O 6. Be2 e5
E92	King's Indian Defense: Orthodox Variation, Gligoric-Taimanov System	13	rnbq1rk1/ppp2pbp/3p1np1/4p3/2PPP3/2N1BN2/PP2BPPP/R2QK2R b KQ	1. d4 Nf6 2. c4 g6 3. Nc3 Bg7 4. e4 d6 5. Nf3 O-O 6. Be2 e5 7. Be3
E92	King's Indian Defense: Petrosian Variation	13	rnbq1rk1/ppp2pbp/3p1np1/3Pp3/2P1P3/2N2N2/PP2BPPP/R1BQK2R b KQ	1. d4 Nf6 2. c4 g6 3. Nc3 Bg7 4. e4 d6 5. Nf3 O-O 6. Be2 e5 7. d5
E92	King's Indian Defense: Petrosian Variation, Stein Defense	14	rnbq1rk1/1pp2pbp/3p1np1/p2Pp3/2P1P3/2N2N2/PP2BPPP/R1BQK2R w KQ	1. d4 Nf6 2. c4 g6 3. Nc3 Bg7 4. e4 d6 5. Nf3 O-O 6. Be2 e5 7. d5 a5
E93	King's Indian Defense: Petrosian Variation, Keres Defense	21	r1bq1rk1/pppn1pb1/3p3p/3Pp1pn/2P1P2P/2N2NB1/PP2BPP1/R2QK2R b KQ	1. d4 Nf6 2. c4 g6 3. Nc3 Bg7 4. e4 d6 5. Nf3 O-O 6. Be2 e5 7. d5 Nbd7 8. Bg5 h6 9. Bh4 g5 10. Bg3 Nh5 11. h4
E93	King's Indian Defense: Petrosian Variation, Normal Defense	14	r1bq1rk1/pppn1pbp/3p1np1/3Pp3/2P1P3/2N2N2/PP2BPPP/R1BQK2R w KQ	1. d4 Nf6 2. c4 g6 3. Nc3 Bg7 4. e4 d6 5. Nf3 O-O 6. Be2 e5 7. d5 Nbd7
E94	King's Indian Defense: Orthodox Variation	13	rnbq1rk1/ppp2pbp/3p1np1/4p3/2PPP3/2N2N2/PP2BPPP/R1BQ1RK1 b -	1. d4 Nf6 2. c4 g6 3. Nc3 Bg7 4. e4 d6 5. Nf3 O-O 6. Be2 e5 7. O-O
E94	King's Indian Defense: Orthodox Variation, Donner Defense	14	rnbq1rk1/pp3pbp/2pp1np1/4p3/2PPP3/2N2N2/PP2BPPP/R1BQ1RK1 w -	1. d4 Nf6 2. c4 g6 3. Nc3 Bg7 4. e4 d6 5. Nf3 O-O 6. Be2 e5 7. O-O c6
E94	King's Indian Defense: Orthodox Variation, Glek Defense	14	r1bq1rk1/ppp2pbp/n2p1np1/4p3/2PPP3/2N2N2/PP2BPPP/R1BQ1RK1 w -	1. d4 Nf6 2. c4 g6 3. Nc3 Bg7 4. e4 d6 5. Nf3 O-O 6. Be2 e5 7. O-O Na6
E94	King's Indian Defense: Orthodox Variation, Positional Defense	14	r1bq1rk1/pppn1pbp/3p1np1/4p3/2PPP3/2N2N2/PP2BPPP/R1BQ1RK1 w -	1. d4 Nf6 2. c4 d6 3. Nc3 Nbd7 4. e4 e5 5. Nf3 g6 6. Be2 Bg7 7. O-O O-O
E94	King's Indian Defense: Orthodox Variation, Positional Defense, Closed Line	15	r1bq1rk1/pppn1pbp/3p1np1/3Pp3/2P1P3/2N2N2/PP2BPPP/R1BQ1RK1 b -	1. d4 Nf6 2. c4 g6 3. Nc3 Bg7 4. e4 d6 5. Nf3 O-O 6. Be2 Nbd7 7. O-O e5 8. d5
E94	King's Indian Defense: Orthodox Variation, Ukrainian Defense	14	rnbq1rk1/1pp2pbp/3p1np1/p3p3/2PPP3/2N2N2/PP2BPPP/R1BQ1RK1 w -	1. d4 Nf6 2. c4 g6 3. Nc3 Bg7 4. e4 d6 5. Nf3 O-O 6. Be2 e5 7. O-O a5
E95	King's Indian Defense: Orthodox Variation	15	r1bq1rk1/pppn1pbp/3p1np1/4p3/2PPP3/2N2N2/PP2BPPP/R1BQR1K1 b -	1. d4 Nf6 2. c4 g6 3. Nc3 Bg7 4. e4 d6 5. Nf3 O-O 6. Be2 e5 7. O-O Nbd7 8. Re1
E96	King's Indian Defense: Orthodox Variation, Positional Defense, Main Line	18	r1bq1rk1/1p1n1pbp/2pp1np1/p3p3/2PPP3/2N2N2/PP3PPP/R1BQRBK1 w -	1. d4 Nf6 2. c4 g6 3. Nc3 Bg7 4. e4 d6 5. Nf3 O-O 6. Be2 e5 7. O-O Nbd7 8. Re1 c6 9. Bf1 a5
E97	King's Indian Defense: Orthodox Variation, Aronin-Taimanov Defense	14	r1bq1rk1/ppp2pbp/2np1np1/4p3/2PPP3/2N2N2/PP2BPPP/R1BQ1RK1 w -	1. d4 Nf6 2. c4 g6 3. Nc3 Bg7 4. e4 d6 5. Nf3 O-O 6. Be2 e5 7. O-O Nc6
E97	King's Indian Defense: Orthodox Variation, Bayonet Attack	17	r1bq1rk1/ppp1npbp/3p1np1/3Pp3/1PP1P3/2N2N2/P3BPPP/R1BQ1RK1 b -	1. d4 Nf6 2. c4 g6 3. Nc3 Bg7 4. e4 d6 5. Nf3 O-O 6. Be2 e5 7. O-O Nc6 8. d5 Ne7 9. b4
E97	King's Indian Defense: Orthodox Variation, Bayonet Attack, Sokolov's Line	19	r1bq1rk1/ppp1npbp/3p2p1/3Pp2n/1PP1P3/2N2N2/P3BPPP/R1BQR1K1 b -	1. d4 Nf6 2. c4 g6 3. Nc3 Bg7 4. e4 d6 5. Nf3 O-O 6. Be2 e5 7. O-O Nc6 8. d5 Ne7 9. b4 Nh5 10. Re1
E97	King's Indian Defense: Orthodox Variation, Bayonet Attack, Yepishin's Line	19	r1bq1rk1/ppp1npbp/3p2p1/3Pp2n/1PP1P3/2N2N2/P1Q1BPPP/R1B2RK1 b -	1. d4 Nf6 2. c4 g6 3. Nc3 Bg7 4. e4 d6 5. Nf3 O-O 6. Be2 e5 7. O-O Nc6 8. d5 Ne7 9. b4 Nh5 10. Qc2
E97	King's Indian Defense: Orthodox Variation, Korchnoi Attack	17	r1bq1rk1/ppp1npbp/3p1np1/3Pp3/2P1P3/2N2N2/PP1BBPPP/R2Q1RK1 b -	1. d4 Nf6 2. c4 g6 3. Nc3 Bg7 4. e4 d6 5. Nf3 O-O 6. Be2 e5 7. O-O Nc6 8. d5 Ne7 9. Bd2
E97	King's Indian Defense: Orthodox Variation, Modern System	17	r1bq1rk1/ppp1npbp/3p1np1/3Pp3/2P1P3/2N5/PP1NBPPP/R1BQ1RK1 b -	1. d4 Nf6 2. c4 g6 3. Nc3 Bg7 4. e4 d6 5. Nf3 O-O 6. Be2 e5 7. O-O Nc6 8. d5 Ne7 9. Nd2
E98	King's Indian Defense: Orthodox Variation, Classical System	17	r1bq1rk1/ppp1npbp/3p1np1/3Pp3/2P1P3/2N5/PP2BPPP/R1BQNRK1 b -	1. d4 Nf6 2. c4 g6 3. Nc3 Bg7 4. e4 d6 5. Nf3 O-O 6. Be2 e5 7. O-O Nc6 8. d5 Ne7 9. Ne1
E98	King's Indian Defense: Orthodox Variation, Classical System, Kozul Gambit	27	r1bq1rk1/pppn2bp/3p2n1/2PPp1p1/4Pp2/2N2P2/PP2BBPP/2RQNRK1 b -	1. d4 Nf6 2. c4 g6 3. Nc3 Bg7 4. e4 d6 5. Nf3 O-O 6. Be2 e5 7. O-O Nc6 8. d5 Ne7 9. Ne1 Nd7 10. Be3 f5 11. f3 f4 12. Bf2 g5 13. Rc1 Ng6 14. c5
E98	King's Indian Defense: Orthodox Variation, Classical System, Neo-Classical Line	19	r1bq1rk1/pppnnpbp/3p2p1/3Pp3/2P1P3/2N1B3/PP2BPPP/R2QNRK1 b -	1. d4 Nf6 2. c4 g6 3. Nc3 Bg7 4. e4 d6 5. Nf3 O-O 6. Be2 e5 7. O-O Nc6 8. d5 Ne7 9. Ne1 Nd7 10. Be3
E99	King's Indian Defense: Orthodox Variation, Classical System, Benko Attack	21	r1bq1rk1/pppnn1bp/3p2p1/3Ppp2/2P1P1P1/2N2P2/PP2B2P/R1BQNRK1 b -	1. d4 Nf6 2. c4 g6 3. Nc3 Bg7 4. e4 d6 5. Nf3 O-O 6. Be2 e5 7. O-O Nc6 8. d5 Ne7 9. Ne1 Nd7 10. f3 f5 11. g4
E99	King's Indian Defense: Orthodox Variation, Classical System, Traditional Line	20	r1bq1rk1/pppnn1bp/3p2p1/3Ppp2/2P1P3/2N2P2/PP2B1PP/R1BQNRK1 w -	1. d4 Nf6 2. c4 g6 3. Nc3 Bg7 4. e4 d6 5. Nf3 O-O 6. Be2 e5 7. O-O Nc6 8. d5 Ne7 9. Ne1 Nd7 10. f3 f5
